Date,Open,High,Low,Close,Volume,Dividends,Splits,AdjOpen,AdjHigh,AdjLow,AdjClose,sma20,sma50,sma100,sma200,ema12,ema26,macd,macd_signal,macd_hist,rsi14,bb_mid,bb_up,bb_low,bb_pctb,atr14,atr_pct,ret_1d,ret_1w,ret_1m,ret_3m,ret_6m,ret_12m,vol_21,drawdown,dist_52w_high,dist_52w_low,vol_sma20,turnover_sar,rs_bench_3m
2018-07-26,12.250000,13.430000,10.800000,11.100000,1757900,0.000000,0.000000,12.250000,13.430000,10.800000,11.100000,,,,,,,,,,50.000000,,,,,,,,,,,,,,0.000000,,,,19512690.000000,
2018-07-27,11.750000,11.780000,10.800000,10.990000,187500,0.000000,0.000000,11.750000,11.780000,10.800000,10.990000,,,,,,,,,,50.000000,,,,,,,-0.009910,,,,,,,-0.009910,,,,2060625.000000,
2018-07-30,11.000000,11.320000,10.900000,11.000000,66800,0.000000,0.000000,11.000000,11.320000,10.900000,11.000000,,,,,,,,,,50.000000,,,,,,,0.000910,,,,,,,-0.009009,,,,734800.000000,
2018-07-31,10.910000,11.000000,10.910000,10.960000,19000,0.000000,0.000000,10.910000,11.000000,10.910000,10.960000,,,,,,,,,,50.000000,,,,,,,-0.003636,,,,,,,-0.012613,,,,208240.000000,
2018-08-01,11.000000,11.020000,10.850000,11.000000,25300,0.000000,0.000000,11.000000,11.020000,10.850000,11.000000,,,,,,,,,,50.000000,,,,,,,0.003650,,,,,,,-0.009009,,,,278300.000000,
2018-08-02,11.090000,11.170000,10.850000,11.100000,36800,0.000000,0.000000,11.090000,11.170000,10.850000,11.100000,,,,,,,,,,50.000000,,,,,,,0.009091,0.000000,,,,,,0.000000,,,,408480.000000,
2018-08-03,11.100000,11.500000,10.520000,10.980000,59600,0.000000,0.000000,11.100000,11.500000,10.520000,10.980000,,,,,,,,,,50.000000,,,,,,,-0.010811,-0.000910,,,,,,-0.010811,,,,654408.000000,
2018-08-06,11.310000,11.590000,11.110000,11.590000,20400,0.000000,0.000000,11.310000,11.590000,11.110000,11.590000,,,,,,,,,,50.000000,,,,,,,0.055556,0.053636,,,,,,0.000000,,,,236436.000000,
2018-08-07,11.580000,11.890000,11.060000,11.370000,15300,0.000000,0.000000,11.580000,11.890000,11.060000,11.370000,,,,,,,,,,50.000000,,,,,,,-0.018982,0.037409,,,,,,-0.018982,,,,173961.000000,
2018-08-08,11.460000,12.290000,11.120000,11.800000,28500,0.000000,0.000000,11.460000,12.290000,11.120000,11.800000,,,,,,,,,,50.000000,,,,,,,0.037819,0.072727,,,,,,0.000000,,,,336300.000000,
2018-08-09,12.000000,12.940000,12.000000,12.940000,25000,0.000000,0.000000,12.000000,12.940000,12.000000,12.940000,,,,,,,,,,50.000000,,,,,,,0.096610,0.165766,,,,,,0.000000,,,,323500.000000,
2018-08-10,12.970000,13.900000,12.560000,13.120000,18200,0.000000,0.000000,12.970000,13.900000,12.560000,13.120000,,,,,11.869866,,,,,50.000000,,,,,,,0.013910,0.194900,,,,,,0.000000,,,,238784.000000,
2018-08-13,13.910000,14.000000,13.160000,13.400000,30500,0.000000,0.000000,13.910000,14.000000,13.160000,13.400000,,,,,12.135556,,,,,50.000000,,,,,,,0.021341,0.156169,,,,,,0.000000,,,,408700.000000,
2018-08-14,13.500000,14.980000,13.310000,14.830000,48700,0.000000,0.000000,13.500000,14.980000,13.310000,14.830000,,,,,12.594334,,,,,50.000000,,,,,0.981465,0.066181,0.106716,0.304310,,,,,,0.000000,,,,722221.000000,
2018-08-15,14.830000,15.000000,14.070000,14.400000,13200,0.000000,0.000000,14.830000,15.000000,14.070000,14.400000,,,,,12.896814,,,,,82.541140,,,,,0.975986,0.067777,-0.028995,0.220339,,,,,,-0.028995,,,,190080.000000,
2018-08-16,14.400000,14.930000,13.510000,14.000000,26200,0.000000,0.000000,14.400000,14.930000,13.510000,14.000000,,,,,13.079124,,,,,74.502622,,,,,1.021654,0.072975,-0.027778,0.081917,,,,,,-0.055968,,,,366800.000000,
2018-08-17,14.180000,15.000000,13.810000,14.900000,12200,0.000000,0.000000,14.180000,15.000000,13.810000,14.900000,,,,,13.376643,,,,,79.370697,,,,,1.038441,0.069694,0.064286,0.135671,,,,,,0.000000,,,,181780.000000,
2018-08-20,15.050000,16.370001,15.050000,16.350000,88300,0.000000,0.000000,15.050000,16.370001,15.050000,16.350000,,,,,13.857875,,,,,84.503953,,,,,1.080292,0.066073,0.097315,0.220149,,,,,,0.000000,,,,1443705.000000,
2018-08-21,16.639999,16.900000,15.500000,16.240000,53600,0.000000,0.000000,16.639999,16.900000,15.500000,16.240000,,,,,14.240357,,,,,82.820293,,,,,1.110524,0.068382,-0.006728,0.095078,,,,,,-0.006728,,,,870464.000000,
2018-08-22,16.480000,16.790001,15.750000,16.790001,57900,0.000000,0.000000,16.480000,16.790001,15.750000,16.790001,12.943000,,,,14.647005,,,,,84.484816,12.943000,17.039294,8.846706,0.969571,1.104006,0.065754,0.033867,0.165972,,,,,,0.000000,,,129545.000000,972141.057900,
2018-08-23,16.799999,18.250000,16.270000,16.480000,129600,0.000000,0.000000,16.799999,18.250000,16.270000,16.480000,13.212000,,,,14.937711,,,,,79.792161,13.212000,17.500779,8.923221,0.880994,1.183302,0.071802,-0.018463,0.177143,,,,,,-0.018463,,,48130.000000,2135808.000000,
2018-08-24,16.540001,17.799999,16.510000,16.770000,34800,0.000000,0.000000,16.540001,17.799999,16.510000,16.770000,13.501000,,,,15.226932,,,,,80.863021,13.501000,17.935824,9.066176,0.868560,1.195444,0.071285,0.017597,0.125503,0.510811,,,,0.661111,-0.001191,,,40495.000000,583596.000000,
2018-08-27,16.770000,16.850000,15.700000,15.880000,74600,0.000000,0.000000,16.770000,16.850000,15.700000,15.880000,13.745000,,,,15.329606,,,,,68.811290,13.745000,18.137225,9.352775,0.743043,1.191477,0.075030,-0.053071,-0.028746,0.444950,,,,0.701888,-0.054199,,,40885.000000,1184648.000000,
2018-08-28,15.500000,15.800000,15.230000,15.700000,48900,0.000000,0.000000,15.500000,15.800000,15.230000,15.700000,13.982000,,,,15.387643,,,,,66.647812,13.982000,18.251296,9.712704,0.701204,1.144941,0.072926,-0.011335,-0.033251,0.427273,,,,0.707035,-0.064920,,,42380.000000,767730.000000,
2018-08-29,15.860000,16.180000,15.310000,15.920000,27200,0.000000,0.000000,15.860000,16.180000,15.310000,15.920000,14.228000,,,,15.470821,,,,,67.973195,14.228000,18.337832,10.118168,0.705848,1.121650,0.070455,0.014013,-0.051817,0.452555,,,,0.702861,-0.051817,,,42475.000000,433024.000000,
2018-08-30,15.630000,16.059999,15.100000,15.370000,23200,0.000000,0.000000,15.630000,16.059999,15.100000,15.370000,14.441500,,,,15.455106,14.720452,0.734654,,,61.403642,14.441500,18.303298,10.579702,0.620216,1.108136,0.072097,-0.034548,-0.067354,0.397273,,,,0.725357,-0.084574,,,41795.000000,356584.000000,
2018-08-31,15.480000,15.540000,15.340000,15.340000,9800,0.000000,0.000000,15.480000,15.540000,15.340000,15.340000,14.659500,,,,15.437200,14.772912,0.664289,,,61.057004,14.659500,18.175296,11.143704,0.596778,1.033127,0.067349,-0.001952,-0.085271,0.381982,,,,0.727882,-0.086361,,,39305.000000,150332.000000,
2018-09-04,15.500000,17.500000,15.500000,17.389999,91200,0.000000,0.000000,15.500000,17.500000,15.500000,17.389999,14.949500,,,,15.740452,14.992187,0.748265,,,72.486845,14.949500,18.354317,11.544683,0.858389,1.125175,0.064702,0.133637,0.095088,0.583789,,,,0.825109,0.000000,,,42845.000000,1585967.908800,
2018-09-05,17.520000,18.330000,16.410000,17.580000,59300,0.000000,0.000000,17.520000,18.330000,16.410000,17.580000,15.260000,,,,16.025705,15.206924,0.818780,,,73.269911,15.260000,18.413751,12.106249,0.867816,1.189440,0.067659,0.010926,0.119745,0.516825,,,,0.817626,0.000000,,,45045.000000,1042494.000000,
2018-09-06,17.330000,17.410000,16.500000,16.820000,75800,0.000000,0.000000,17.330000,17.410000,16.500000,16.820000,15.511000,,,,16.148723,15.339596,0.809127,,,65.267889,15.511000,18.280996,12.741004,0.736282,1.180674,0.070195,-0.043231,0.056533,0.479332,,,,0.836750,-0.043231,,,47410.000000,1274956.000000,
2018-09-07,16.959999,18.959999,16.950001,17.150000,73000,0.000000,0.000000,16.959999,18.959999,16.950001,17.150000,15.721500,,,,16.303639,15.487290,0.816349,,,66.955448,15.721500,18.302249,13.140751,0.776761,1.256856,0.073286,0.019620,0.115810,0.453390,,,,0.834263,-0.024460,,,49810.000000,1251950.000000,
2018-09-10,17.250000,18.990000,17.110001,18.969999,87200,0.000000,0.000000,17.250000,18.990000,17.110001,18.969999,16.014000,,,,16.715813,15.769295,0.946518,,,74.355885,16.014000,18.677993,13.350007,1.054806,1.305948,0.068843,0.106122,0.236636,0.465997,,,,0.845950,0.000000,,,53260.000000,1654183.912800,
2018-09-11,19.260000,21.309999,18.510000,19.580000,96100,0.000000,0.000000,19.260000,21.309999,18.510000,19.580000,16.323000,,,,17.158243,16.075745,1.082497,,,76.273802,16.323000,19.139635,13.506365,1.078172,1.422794,0.072666,0.032156,0.125935,0.492378,,,,0.846743,0.000000,,,56540.000000,1881638.000000,
2018-09-12,19.670000,20.879999,18.590000,19.250000,143300,0.000000,0.000000,19.670000,20.879999,18.590000,19.250000,16.544000,,,,17.481154,16.329404,1.151750,0.947103,0.204647,73.089143,16.544000,19.554343,13.533657,0.949451,1.490159,0.077411,-0.016854,0.094994,0.436567,,,,0.856572,-0.016854,,,61270.000000,2758525.000000,
2018-09-13,19.490000,20.500000,17.030001,19.459999,102700,0.000000,0.000000,19.490000,20.500000,17.030001,19.459999,16.797000,,,,17.786474,16.578122,1.208352,1.005638,0.202714,73.837744,16.797000,19.897812,13.696188,0.929404,1.642999,0.084430,0.010909,0.156956,0.312205,,,,0.794627,-0.006129,,,65745.000000,1998541.897300,
2018-09-14,19.400000,20.389999,18.100000,18.370001,52500,0.000000,0.000000,19.400000,20.389999,18.100000,18.370001,17.015500,,,,17.876467,16.719721,1.156746,1.038700,0.118046,63.901398,17.015500,19.894377,14.136623,0.735248,1.692660,0.092143,-0.056012,0.071137,0.275695,,,,0.818276,-0.061798,,,67060.000000,964425.052500,
2018-09-17,18.260000,20.160000,18.040001,19.360001,45300,0.000000,0.000000,18.260000,20.160000,18.040001,19.360001,17.238500,,,,18.105176,16.927336,1.177840,1.068581,0.109259,68.100243,17.238500,20.118356,14.358644,0.868335,1.725287,0.089116,0.053892,0.020559,0.382857,,,,0.816051,-0.011236,,,68715.000000,877008.045300,
2018-09-18,19.600000,21.000000,19.549999,19.570000,73600,0.000000,0.000000,19.600000,21.000000,19.549999,19.570000,17.399500,,,,18.330929,17.134195,1.196733,1.095703,0.101031,68.925909,17.399500,20.426484,14.372516,0.858525,1.718807,0.087829,0.010847,-0.000511,0.313423,,,,0.797633,-0.000511,,,67980.000000,1440352.000000,
2018-09-19,19.799999,20.049999,18.370001,18.500000,59400,0.000000,0.000000,19.799999,20.049999,18.370001,18.500000,17.512500,,,,18.356978,17.240659,1.116320,1.100016,0.016304,60.354052,17.512500,20.525936,14.499064,0.663850,1.715872,0.092750,-0.054676,-0.038961,0.131498,,,,0.771479,-0.055158,,,68270.000000,1098900.000000,
2018-09-20,18.500000,20.799999,18.490000,18.879999,74300,0.000000,0.000000,18.500000,20.799999,18.490000,18.879999,17.617000,,,,18.437544,17.367951,1.069593,1.093709,-0.024116,62.154142,17.617000,20.669640,14.564359,0.706870,1.760618,0.093253,0.020540,-0.029805,0.162562,,,,0.771154,-0.035751,,,69090.000000,1402783.925700,
2018-09-21,19.209999,20.910000,18.940001,19.930000,539100,0.000000,0.000000,19.209999,20.910000,18.940001,19.930000,17.789500,,,,18.667396,17.566181,1.101215,1.095254,0.005961,66.658861,17.789500,20.959275,14.619725,0.837642,1.780828,0.089354,0.055614,0.084921,0.187016,,,,0.783820,0.000000,,,89565.000000,10744263.000000,
2018-09-24,20.000000,21.000000,19.980000,20.559999,47700,0.000000,0.000000,20.000000,21.000000,19.980000,20.559999,17.979000,,,,18.958827,17.797057,1.161771,1.108864,0.052907,69.040002,17.979000,21.339563,14.618437,0.884013,1.727691,0.084032,0.031611,0.061983,0.247573,,,,0.780643,0.000000,,,90210.000000,980711.952300,
2018-09-25,20.559999,23.950001,20.559999,22.690001,78000,0.000000,0.000000,20.559999,23.950001,20.559999,22.690001,18.319500,,,,19.533290,18.173243,1.360047,1.160022,0.200025,75.429228,18.319500,22.133946,14.505054,1.072888,1.851544,0.081602,0.103599,0.159428,0.353011,,,,0.843166,0.000000,,,90380.000000,1769820.078000,
2018-09-26,22.680000,26.000000,21.490000,25.120001,114900,0.000000,0.000000,22.680000,26.000000,21.490000,25.120001,18.790500,,,,20.393337,18.705838,1.687499,1.267060,0.420439,80.399001,18.790500,23.471047,14.109953,1.176150,2.049008,0.081569,0.107096,0.357838,0.581864,,,,0.860692,0.000000,,,93680.000000,2886288.114900,
2018-09-27,25.799999,29.389999,25.799999,28.900000,169100,0.000000,0.000000,25.799999,29.389999,25.799999,28.900000,19.439500,,,,21.702766,19.485382,2.217384,1.459342,0.758042,85.359657,19.439500,25.757376,13.121624,1.248709,2.213510,0.076592,0.150478,0.530720,0.840764,,,,0.955636,0.000000,,,100775.000000,4886990.000000,
2018-09-28,29.160000,32.259998,24.709999,27.430000,248500,0.000000,0.000000,29.160000,32.259998,24.709999,27.430000,20.042500,,,,22.584284,20.091453,2.492831,1.667964,0.824868,77.179303,20.042500,26.995182,13.089818,1.031270,2.607726,0.095068,-0.050865,0.376317,0.722990,,,,0.995862,-0.050865,,,112040.000000,6816355.000000,
2018-10-01,27.570000,27.570000,25.180000,26.580000,80400,0.000000,0.000000,27.570000,27.570000,25.180000,26.580000,20.604500,,,,23.199249,20.585351,2.613898,1.858557,0.755341,72.832869,20.604500,27.770539,13.438461,0.916932,2.591682,0.097505,-0.030988,0.292802,0.729343,,,,0.993115,-0.080277,,,115570.000000,2137032.000000,
2018-10-02,26.610001,30.219999,25.120001,30.000000,96200,0.000000,0.000000,26.610001,30.219999,25.120001,30.000000,21.235000,,,,24.245863,21.300518,2.945345,2.077205,0.868140,78.161809,21.235000,29.364405,13.105595,1.039092,2.776107,0.092537,0.128668,0.322168,0.955671,,,,1.044857,0.000000,,,115820.000000,2886000.000000,
2018-10-03,30.059999,35.619999,30.000000,33.910000,151700,0.000000,0.000000,30.059999,35.619999,30.000000,33.910000,22.051500,,,,25.733068,22.256569,3.476499,2.358392,1.118107,82.409954,22.051500,31.761803,12.341197,1.110614,2.984768,0.088020,0.130333,0.349920,0.949971,,,,1.040959,0.000000,,,120440.000000,5144147.000000,
2018-10-04,34.009998,34.630001,30.799999,32.959999,101100,0.000000,0.000000,34.009998,34.630001,30.799999,32.959999,22.858500,17.585600,,,26.845165,23.066688,3.778477,2.643486,1.134991,78.418482,22.858500,33.386450,12.330550,0.979747,3.046664,0.092435,-0.028015,0.140484,0.874858,,,,1.060522,-0.028015,,,121705.000000,3332255.898900,
2018-10-05,33.029999,33.029999,30.520000,31.209999,39700,0.000000,0.000000,33.029999,33.029999,30.520000,31.209999,23.561500,17.987800,,,27.516812,23.682045,3.834767,2.882464,0.952303,71.544212,23.561500,34.358728,12.764272,0.854188,3.007435,0.096361,-0.053095,0.137805,0.855529,,,,1.069897,-0.079623,,,120040.000000,1239036.960300,
2018-10-08,30.959999,32.349998,30.530001,30.959999,27800,0.000000,0.000000,30.959999,32.349998,30.530001,30.959999,24.161000,18.387200,,,28.046623,24.231191,3.815432,3.069510,0.745922,70.592180,24.161000,35.213254,13.108746,0.807584,2.920780,0.094340,-0.008010,0.164786,0.805248,,,,1.078159,-0.086995,,,117070.000000,860687.972200,
2018-10-09,30.809999,38.459999,30.690001,37.180000,53200,0.000000,0.000000,30.809999,38.459999,30.690001,37.180000,25.041000,18.910800,,,29.451958,25.206876,4.245083,3.305080,0.940002,78.321499,25.041000,37.294844,12.787155,0.995314,3.274110,0.088061,0.200904,0.239333,0.959937,,,,1.204380,0.000000,,,114925.000000,1977976.000000,
2018-10-10,37.169998,37.720001,31.840000,34.009998,93300,0.000000,0.000000,37.169998,37.720001,31.840000,34.009998,25.779000,19.371800,,,30.153280,25.869341,4.283939,3.501156,0.782784,68.447566,25.779000,38.338406,13.219594,0.827683,3.463711,0.101844,-0.085261,0.002949,0.736976,,,,1.274687,-0.085261,,,112425.000000,3173132.813400,
2018-10-11,31.309999,33.529999,30.260000,32.189999,58200,0.000000,0.000000,31.309999,33.529999,30.260000,32.189999,26.415500,19.795600,,,30.466653,26.344432,4.122222,3.625523,0.496699,63.498017,26.415500,38.916676,13.914323,0.730958,3.484513,0.108248,-0.053514,-0.023362,0.672208,,,,1.297625,-0.134212,,,110200.000000,1873457.941800,
2018-10-12,33.810001,34.389999,26.650000,28.870001,97100,0.000000,0.000000,33.810001,34.389999,26.650000,28.870001,26.940500,20.151000,,,30.220993,26.534059,3.686935,3.637817,0.049117,55.599749,26.940500,38.888715,14.992285,0.580744,3.793345,0.131394,-0.103138,-0.074976,0.483556,,,,1.374224,-0.223507,,,112430.000000,2803277.097100,
2018-10-15,28.809999,28.809999,26.760000,28.299999,72400,0.000000,0.000000,28.809999,28.809999,26.760000,28.299999,27.387500,20.497400,,,29.925434,26.666517,3.258917,3.561977,-0.303060,54.349799,27.387500,38.798458,15.976542,0.539983,3.671320,0.129729,-0.019744,-0.085917,0.540555,,,,1.353745,-0.238838,,,113785.000000,2048919.927600,
2018-10-16,28.500000,29.799999,27.190001,28.840000,86200,0.000000,0.000000,28.500000,29.799999,27.190001,28.840000,27.851000,20.842400,,,29.758434,26.829392,2.929042,3.435310,-0.506268,55.373367,27.851000,38.662272,17.039727,0.545739,3.594466,0.124635,0.019081,-0.224314,0.489669,,,,1.349459,-0.224314,,,114415.000000,2486008.000000,
2018-10-17,28.660000,28.660000,26.620001,28.010000,21500,0.000000,0.000000,28.660000,28.660000,26.620001,28.010000,28.326500,21.175200,,,29.489430,26.917787,2.571643,3.262489,-0.690846,53.391764,28.326500,38.202139,18.450860,0.483976,3.495035,0.124778,-0.028779,-0.176419,0.431272,,,,1.360688,-0.246638,,,112520.000000,602215.000000,
2018-10-18,27.910000,27.910000,26.299999,27.500000,23400,0.000000,0.000000,27.910000,27.910000,26.299999,27.500000,28.757500,21.489200,,,29.183350,26.961344,2.222006,3.054308,-0.832302,52.156663,28.757500,37.595108,19.919892,0.428855,3.366021,0.122401,-0.018208,-0.145697,0.486486,,,,1.341002,-0.260355,-0.260355,1.509124,109975.000000,643500.000000,
2018-10-19,27.530001,28.500000,26.540001,26.980000,29900,0.000000,0.000000,27.530001,28.500000,26.540001,26.980000,29.110000,21.770000,,,28.844361,26.962739,1.881622,2.819694,-0.938073,50.864664,29.110000,36.973846,21.246154,0.364570,3.264486,0.120997,-0.018909,-0.065466,0.429025,,,,1.348596,-0.274341,-0.274341,1.461679,84515.000000,806702.000000,
2018-10-22,27.070000,27.070000,24.280001,24.549999,19700,0.000000,0.000000,27.070000,27.070000,24.280001,24.549999,29.309500,21.998600,,,28.183669,26.782491,1.401177,2.535917,-1.134740,45.226552,29.309500,36.427090,22.191909,0.165652,3.230248,0.131578,-0.090067,-0.132509,0.231811,,,,1.394342,-0.339699,-0.339699,1.239963,83115.000000,483634.980300,
2018-10-23,24.280001,24.280001,21.209999,22.629999,49600,0.000000,0.000000,24.280001,24.280001,21.209999,22.629999,29.306500,22.183200,,,27.329235,26.472469,0.856766,2.200017,-1.343251,41.328509,29.306500,36.435879,22.177120,0.031761,3.238161,0.143092,-0.078208,-0.215326,0.100681,,,,1.427847,-0.391339,-0.391339,1.064781,81695.000000,1122447.950400,
2018-10-24,22.639999,24.170000,21.709999,22.120001,41300,0.000000,0.000000,22.639999,24.170000,21.709999,22.120001,29.156500,22.329000,,,26.527796,26.147706,0.380090,1.835971,-1.455882,40.334072,29.156500,36.766773,21.546226,0.037697,3.182090,0.143856,-0.022536,-0.210282,-0.025121,0.992793,,,1.388023,-0.405056,-0.405056,1.018248,78015.000000,913556.041300,1.087516
2018-10-25,22.270000,22.379999,17.379999,19.190001,95900,0.000000,0.000000,22.270000,22.379999,17.379999,19.190001,28.671000,22.424800,,,25.398883,25.628833,-0.229950,1.422732,-1.652682,35.107560,28.671000,37.492663,19.849336,-0.037370,3.313000,0.172642,-0.132459,-0.302182,-0.236067,0.746133,,,1.407945,-0.483862,-0.483862,0.750912,74355.000000,1840321.095900,0.800296
2018-10-26,18.860001,21.719999,17.100000,20.700001,74100,0.000000,0.000000,18.860001,21.719999,17.100000,20.700001,28.334500,22.558800,,,24.675966,25.261448,-0.585482,1.021047,-1.606528,39.461342,28.334500,37.842230,18.826770,0.098511,3.407064,0.164592,0.078687,-0.232765,-0.283737,0.881818,,,1.324897,-0.443249,-0.443249,0.888686,65635.000000,1533870.074100,0.942472
2018-10-29,21.680000,22.000000,18.110001,19.459999,60100,0.000000,0.000000,21.680000,22.000000,18.110001,19.459999,27.978500,22.650000,,,23.873499,24.829220,-0.955722,0.625659,-1.581381,37.251091,27.978500,38.264199,17.692800,0.085906,3.441801,0.176865,-0.059903,-0.207332,-0.290558,0.775547,,,1.328553,-0.476600,-0.476600,0.775547,64620.000000,1169545.939900,0.856558
2018-10-30,19.209999,19.209999,17.750000,18.730000,45500,0.000000,0.000000,19.209999,19.209999,17.750000,18.730000,27.415000,22.697600,,,23.082182,24.375003,-1.292821,0.241937,-1.534758,35.973655,27.415000,38.442495,16.387505,0.106212,3.317295,0.177111,-0.037513,-0.172338,-0.295335,0.702727,,,1.329858,-0.496235,-0.496235,0.708942,62085.000000,852215.000000,0.773523
2018-10-31,17.920000,19.020000,15.130000,16.379999,84300,0.000000,0.000000,17.920000,19.020000,15.130000,16.379999,26.538500,22.700400,,,22.051067,23.779840,-1.728773,-0.152226,-1.576547,32.151316,26.538500,38.162866,14.914133,0.063051,3.358450,0.205034,-0.125467,-0.259494,-0.454000,0.475676,,,1.278369,-0.559441,-0.559441,0.494525,58715.000000,1380833.915700,0.539345
2018-11-01,16.360001,18.490000,15.130000,17.010000,51300,0.000000,0.000000,16.360001,18.490000,15.130000,17.010000,25.741000,22.704800,,,21.275511,23.276066,-2.000554,-0.521908,-1.478646,34.170713,25.741000,37.694282,13.787718,0.134787,3.358561,0.197446,0.038462,-0.113601,-0.498378,0.549180,,,1.172569,-0.542496,-0.542496,0.552007,56225.000000,872613.000000,0.597561
2018-11-02,17.049999,20.250000,17.049999,19.600000,36700,0.000000,0.000000,17.049999,20.250000,17.049999,19.600000,25.160500,22.767200,,,21.017739,23.002606,-1.984868,-0.814510,-1.170358,41.835209,25.160500,37.123133,13.197866,0.267589,3.350048,0.170921,0.152263,-0.053140,-0.405340,0.691113,,,1.331543,-0.472835,-0.472835,0.788321,56075.000000,719320.000000,0.755071
2018-11-05,19.730000,21.129999,18.480000,18.490000,36800,0.000000,0.000000,19.730000,21.129999,18.480000,18.490000,24.537000,22.801600,,,20.628853,22.667023,-2.038170,-1.059249,-0.978921,39.701761,24.537000,36.526760,12.547239,0.247826,3.299803,0.178464,-0.056633,-0.049846,-0.407562,0.626209,,,1.332666,-0.502690,-0.502690,0.687044,56525.000000,680432.000000,0.696584
2018-11-06,18.450001,19.200001,16.809999,18.700001,31100,0.000000,0.000000,18.450001,19.200001,16.809999,18.700001,23.613000,22.858000,,,20.332105,22.372099,-2.039993,-1.255402,-0.784591,40.321828,23.613000,34.275109,12.950890,0.269605,3.234525,0.172969,0.011358,-0.001602,-0.395995,0.584746,,,1.336797,-0.497041,-0.497041,0.706204,55420.000000,581570.031100,0.649699
2018-11-07,19.150000,20.670000,18.030001,18.700001,36800,0.000000,0.000000,19.150000,20.670000,18.030001,18.700001,22.847500,22.918000,,,20.081011,22.099174,-2.018162,-1.407957,-0.610205,40.321828,22.847500,32.518977,13.176023,0.285581,3.191882,0.170689,0.000000,0.141636,-0.497041,0.445131,,,1.072694,-0.497041,-0.497041,0.706204,52595.000000,688160.036800,0.485810
2018-11-08,19.160000,20.280001,17.000000,18.230000,31600,0.000000,0.000000,19.160000,20.280001,17.000000,18.230000,22.149500,22.964200,,,19.796239,21.811673,-2.015434,-1.529454,-0.485980,39.273539,22.149500,30.958561,13.340439,0.277530,3.198200,0.175436,-0.025134,0.071723,-0.463981,0.389482,,,1.053736,-0.509683,-0.509683,0.663321,51265.000000,576068.000000,0.428801
2018-11-09,18.480000,19.900000,18.100000,19.080000,24800,0.000000,0.000000,18.480000,19.900000,18.100000,19.080000,21.660000,23.038400,,,19.686048,21.608742,-1.922694,-1.608103,-0.314591,42.200197,21.660000,29.970581,13.349419,0.344776,3.097970,0.162367,0.046626,-0.026531,-0.407269,0.423881,,,1.078977,-0.486821,-0.486821,0.740876,47650.000000,473184.000000,0.476672
2018-11-12,19.160000,19.160000,17.100000,18.680000,12600,0.000000,0.000000,19.160000,19.160000,17.100000,18.680000,21.179000,23.105200,,,19.531271,21.391218,-1.859946,-1.658472,-0.201474,41.194066,21.179000,28.968682,13.389318,0.339596,3.023582,0.161862,-0.020964,0.010276,-0.352962,0.259609,,,1.038275,-0.497579,-0.497579,0.704380,44660.000000,235368.000000,0.344735
2018-11-13,18.540001,20.070000,17.750000,19.320000,25400,0.000000,0.000000,18.540001,20.070000,17.750000,19.320000,20.703000,23.143800,,,19.498768,21.237414,-1.738646,-1.674507,-0.064139,43.514563,20.703000,27.638180,13.767820,0.400291,2.973171,0.153891,0.034261,0.033155,-0.317314,0.341667,,,1.054178,-0.480366,-0.480366,0.762774,41620.000000,490728.000000,0.415405
2018-11-14,19.920000,22.930000,18.030001,22.150000,49900,0.000000,0.000000,19.920000,22.930000,18.030001,22.150000,20.410000,23.235200,,,19.906651,21.305168,-1.398517,-1.619309,0.220791,52.449754,20.410000,26.487465,14.332535,0.643152,3.111197,0.140460,0.146480,0.184492,-0.231969,0.582143,,,1.190960,-0.404250,-0.404250,1.020985,43040.000000,1105285.000000,0.667985
2018-11-15,22.469999,22.799999,20.139999,22.580000,18900,0.000000,0.000000,22.469999,22.799999,20.139999,22.580000,20.164000,23.350400,,,20.317936,21.399801,-1.081865,-1.511819,0.429955,53.649497,20.164000,25.368744,14.959256,0.732096,3.078882,0.136354,0.019413,0.238618,-0.193859,0.515436,,,1.193002,-0.392684,-0.392684,1.060219,42815.000000,426762.000000,0.586736
2018-11-16,22.459999,22.459999,20.480000,22.280001,24200,0.000000,0.000000,22.459999,22.459999,20.480000,22.280001,19.929000,23.453000,,,20.619792,21.465129,-0.845336,-1.378522,0.533186,52.651380,19.929000,24.173863,15.684138,0.776923,3.008789,0.135044,-0.013286,0.167715,-0.189818,0.362691,,,1.192570,-0.400753,-0.400753,1.032847,42530.000000,539176.024200,0.435973
2018-11-19,22.330000,23.160000,21.040001,21.610001,21400,0.000000,0.000000,22.330000,23.160000,21.040001,21.610001,19.782000,23.505800,,,20.772132,21.475880,-0.703747,-1.243567,0.539820,50.396339,19.782000,23.527300,16.036701,0.744039,2.945158,0.136287,-0.030072,0.156852,-0.199036,0.330665,,,1.194563,-0.418774,-0.418774,0.971715,42615.000000,462454.021400,0.436362
2018-11-20,21.290001,22.620001,18.299999,21.000000,31600,0.000000,0.000000,21.290001,22.620001,18.299999,21.000000,19.700500,23.534200,,,20.807189,21.440570,-0.633381,-1.121529,0.488149,48.365296,19.700500,23.250715,16.150286,0.683017,3.043571,0.144932,-0.028228,0.086957,-0.144603,0.250744,,,1.159627,-0.435180,-0.435180,0.916058,41715.000000,663600.000000,0.375002
2018-11-21,20.330000,20.870001,19.190001,19.510000,14800,0.000000,0.000000,20.330000,20.870001,19.190001,19.510000,19.570000,23.539400,,,20.607621,21.297342,-0.689720,-1.035167,0.345447,43.729398,19.570000,22.932669,16.207332,0.491078,2.955284,0.151475,-0.070952,-0.119187,-0.137870,0.183859,,,1.154107,-0.475256,-0.475256,0.780109,40390.000000,288748.000000,0.298883
2018-11-23,19.389999,20.600000,19.280001,19.940001,3700,0.000000,0.000000,19.389999,20.600000,19.280001,19.940001,19.607500,23.549000,,,20.504910,21.196653,-0.691742,-0.966482,0.274740,45.357197,19.607500,22.969053,16.245947,0.549456,2.838263,0.142340,0.022040,-0.116918,-0.098553,0.189028,,,1.155684,-0.463690,-0.463690,0.819343,35780.000000,73778.003700,0.315759
2018-11-26,21.580000,21.580000,19.670000,21.270000,41800,0.000000,0.000000,21.580000,21.580000,19.670000,21.270000,19.636000,23.607000,,,20.622617,21.202093,-0.579477,-0.889081,0.309605,50.159689,19.636000,23.045871,16.226129,0.739598,2.771845,0.130317,0.066700,-0.045332,0.108390,0.339421,,,1.076562,-0.427918,-0.427918,0.940693,34165.000000,889086.000000,0.456166
2018-11-27,21.030001,22.270000,19.850000,20.910000,23800,0.000000,0.000000,21.030001,22.270000,19.850000,20.910000,19.708500,23.638000,,,20.666829,21.180430,-0.513600,-0.813985,0.300384,48.906726,19.708500,23.163969,16.253031,0.673855,2.746673,0.131357,-0.016925,-0.032392,0.010145,0.331847,,,1.046944,-0.437601,-0.437601,0.907847,32350.000000,497658.000000,0.449822
2018-11-28,22.420000,23.180000,20.410000,22.790001,51300,0.000000,0.000000,22.420000,23.180000,20.410000,22.790001,19.911500,23.702400,,,20.993471,21.299794,-0.306323,-0.712452,0.406130,55.200317,19.911500,23.594470,16.228530,0.890785,2.748342,0.120594,0.089909,0.085238,0.171120,0.431533,,,1.062931,-0.387036,-0.387036,1.079380,32640.000000,1169127.051300,0.532412
2018-11-29,23.350000,23.980000,22.270000,22.309999,26600,0.000000,0.000000,23.350000,23.980000,22.270000,22.309999,20.208000,23.778600,,,21.196014,21.374703,-0.178689,-0.605700,0.427010,53.391976,20.208000,23.640149,16.775851,0.806222,2.674073,0.119860,-0.021062,0.143516,0.191137,0.451529,,,1.055236,-0.399946,-0.399946,1.035584,29755.000000,593445.973400,0.552326
2018-11-30,22.150000,22.740000,21.350000,22.360001,26400,0.000000,0.000000,22.150000,22.740000,21.350000,22.360001,20.475500,23.848200,,,21.375089,21.447760,-0.072671,-0.499094,0.426423,53.562637,20.475500,23.684898,17.266103,0.793591,2.582237,0.115485,0.002241,0.121364,0.365080,0.457627,,,0.933768,-0.398601,-0.398601,1.040146,28510.000000,590304.026400,0.553687
2018-12-03,22.570000,25.500000,22.400000,24.450001,48200,0.000000,0.000000,22.570000,25.500000,22.400000,24.450001,20.718000,23.938600,,,21.848153,21.670350,0.177802,-0.363715,0.541517,60.133552,20.718000,24.353502,17.082499,1.013272,2.622124,0.107244,0.093470,0.149506,0.437390,0.405981,,,0.968854,-0.342388,-0.342388,1.230840,29085.000000,1178490.048200,0.486282
2018-12-04,24.930000,26.330000,23.500000,24.590000,41200,0.000000,0.000000,24.930000,26.330000,23.500000,24.590000,21.023000,24.019200,,,22.269975,21.886803,0.383172,-0.214337,0.597510,60.536379,21.023000,24.887768,17.158233,0.961477,2.636989,0.107238,0.005726,0.175992,0.254592,0.398749,,,0.839458,-0.338623,-0.338623,1.243613,29305.000000,1013108.000000,0.503404
2018-12-06,24.360001,24.360001,20.430000,21.790001,55800,0.000000,0.000000,24.360001,24.360001,20.430000,21.790001,21.177500,24.001200,,,22.196133,21.879627,0.316506,-0.108168,0.424675,49.716361,21.177500,24.895524,17.459476,0.582369,2.745886,0.126016,-0.113867,-0.043879,0.178475,0.295482,,,0.918256,-0.413932,-0.413932,0.988139,30540.000000,1215882.055800,0.388186
2018-12-07,21.690001,22.840000,20.209999,20.959999,28000,0.000000,0.000000,21.690001,22.840000,20.209999,20.959999,21.290500,23.918000,,,22.005959,21.811457,0.194502,-0.047634,0.242136,47.032760,21.290500,24.824292,17.756708,0.453237,2.737601,0.130611,-0.038091,-0.060511,0.120856,0.222157,,,0.932800,-0.436256,-0.436256,0.912409,30100.000000,586879.972000,0.340257
2018-12-10,21.070000,22.450001,20.750000,22.320000,20900,0.000000,0.000000,21.070000,22.450001,20.750000,22.320000,21.495000,23.786400,,,22.054273,21.849152,0.205121,0.002917,0.202204,51.639117,21.495000,24.745047,18.244954,0.626921,2.663421,0.119329,0.064886,-0.001789,0.193583,0.176595,,,0.953463,-0.399677,-0.399677,1.036496,29565.000000,466488.000000,0.290631
2018-12-11,23.000000,23.879999,22.000000,22.139999,13800,0.000000,0.000000,23.000000,23.879999,22.000000,22.139999,21.648000,23.680600,,,22.067461,21.870710,0.196752,0.041684,0.155068,51.006852,21.648000,24.701520,18.594480,0.580563,2.607417,0.117770,-0.008065,-0.094479,0.214482,0.130746,,,0.947318,-0.404519,-0.404519,1.020073,29015.000000,305531.986200,0.248732
2018-12-12,22.290001,22.290001,20.700001,21.469999,16200,0.000000,0.000000,22.290001,22.290001,20.700001,21.469999,21.787500,23.578400,,,21.975544,21.841010,0.134534,0.060254,0.074280,48.620554,21.787500,24.506725,19.068275,0.441619,2.534690,0.118057,-0.030262,-0.126881,0.125262,0.115325,,,0.948290,-0.422539,-0.422539,0.958942,29195.000000,347813.983800,0.222930
2018-12-13,21.379999,21.459999,20.230000,21.450001,13900,0.000000,0.000000,21.379999,21.459999,20.230000,21.450001,21.894000,23.407400,,,21.894691,21.812031,0.082660,0.064735,0.017925,48.547547,21.894000,24.361511,19.426490,0.410031,2.442147,0.113853,-0.000931,-0.015603,0.148287,0.102261,,,0.943292,-0.423077,-0.423077,0.957117,28620.000000,298155.013900,0.219982
2018-12-14,21.620001,21.870001,20.510000,21.360001,9200,0.000000,0.000000,21.620001,21.870001,20.510000,21.360001,21.854500,23.156400,,,21.812431,21.778531,0.033900,0.058568,-0.024668,48.196796,21.854500,24.330035,19.378965,0.400123,2.364800,0.110712,-0.004196,0.019084,0.105590,0.162765,,,0.939332,-0.425498,-0.425498,0.948905,26585.000000,196512.009200,0.300016
2018-12-17,21.320000,22.450001,19.610001,20.510000,16400,0.000000,0.000000,21.320000,22.450001,19.610001,20.510000,21.751000,22.907400,20.246500,,21.612057,21.684523,-0.072466,0.032361,-0.104827,44.897542,21.751000,24.271501,19.230500,0.253819,2.398764,0.116956,-0.039794,-0.081093,-0.074041,0.059401,,,0.800804,-0.448359,-0.448359,0.871350,26460.000000,336364.000000,0.204042
2018-12-18,21.190001,21.959999,19.809999,21.950001,17500,0.000000,0.000000,21.190001,21.959999,19.809999,21.950001,21.734500,22.722200,20.355000,,21.664049,21.704196,-0.040148,0.017859,-0.058007,51.015223,21.734500,24.244719,19.224281,0.542925,2.380985,0.108473,0.070210,-0.008582,-0.027901,0.121615,,,0.836798,-0.409629,-0.409629,1.002737,26125.000000,384125.017500,0.268948
2018-12-19,22.620001,22.639999,20.780001,21.709999,18100,0.000000,0.000000,22.620001,22.639999,20.780001,21.709999,21.739500,22.537200,20.462200,,21.671118,21.704626,-0.033509,0.007586,-0.041094,50.018480,21.739500,24.249073,19.229927,0.494122,2.343752,0.107957,-0.010934,0.011178,-0.025584,0.173513,,,0.836368,-0.416084,-0.416084,0.980839,25960.000000,392950.981900,0.338696
2018-12-20,21.299999,21.309999,19.850000,20.260000,29800,0.000000,0.000000,21.299999,21.309999,19.850000,20.260000,21.702500,22.198800,20.554800,,21.454023,21.597578,-0.143556,-0.022643,-0.120913,44.377165,21.702500,24.278911,19.126090,0.220056,2.309182,0.113977,-0.066789,-0.055478,-0.062471,0.073093,,,0.862319,-0.455083,-0.455083,0.848540,25870.000000,603748.000000,0.259912
2018-12-21,20.290001,21.200001,19.620001,21.200001,33400,0.000000,0.000000,20.290001,21.200001,19.620001,21.200001,21.787000,21.942600,20.657200,,21.414943,21.568118,-0.153176,-0.048749,-0.104427,48.437216,21.787000,24.163757,19.410243,0.376513,2.257074,0.106466,0.046397,-0.007491,0.009524,0.063723,,,0.872046,-0.429801,-0.429801,0.934307,26800.000000,708080.033400,0.270807
2018-12-24,21.330000,23.110001,20.410000,22.610001,15900,0.000000,0.000000,21.330000,23.110001,20.410000,22.610001,21.920500,21.751000,20.773300,,21.598798,21.645319,-0.046521,-0.048304,0.001782,53.875765,21.920500,24.156196,19.684804,0.654203,2.288725,0.101226,0.066509,0.102389,0.158893,0.099708,,,0.857252,-0.391877,-0.391877,1.062956,27410.000000,359499.015900,0.324940
2018-12-26,21.280001,27.440001,20.350000,27.440001,53400,0.000000,0.000000,21.280001,27.440001,20.350000,27.440001,22.229000,21.722400,20.936700,,22.497444,22.074678,0.422767,0.045910,0.376856,66.795559,22.229000,25.533874,18.924127,1.288381,2.631806,0.095911,0.213622,0.250114,0.376128,0.209343,,,1.114002,-0.261969,-0.261969,1.503650,27990.000000,1465296.053400,0.390813
2018-12-27,27.389999,27.389999,24.000000,24.799999,23700,0.000000,0.000000,27.389999,27.389999,24.000000,24.799999,22.423500,21.652400,21.074900,,22.851684,22.276607,0.575077,0.151744,0.423333,57.341146,22.423500,25.856899,18.990102,0.846086,2.689555,0.108450,-0.096210,0.142331,0.165961,-0.012739,,,1.165221,-0.332975,-0.332975,1.262774,27985.000000,587759.976300,0.163834
2018-12-28,25.260000,25.260000,22.120001,22.260000,19700,0.000000,0.000000,25.260000,25.260000,22.120001,22.260000,22.397000,21.520800,21.181600,,22.760655,22.275376,0.485279,0.218451,0.266828,50.007262,22.397000,25.826667,18.967333,0.480027,2.721740,0.122270,-0.102419,0.098717,0.064562,-0.229758,,,1.225982,-0.401291,-0.401291,1.031022,26405.000000,438522.000000,-0.048527
2018-12-31,22.440001,23.299999,21.400000,21.660000,8300,0.000000,0.000000,22.440001,23.299999,21.400000,21.660000,22.364500,21.393800,21.284500,,22.591324,22.229783,0.361541,0.247069,0.114472,48.431474,22.364500,25.809921,18.919079,0.397763,2.663026,0.122947,-0.026954,0.021698,-0.049583,-0.210354,,,1.191225,-0.417429,-0.417429,0.976277,25490.000000,179778.000000,-0.034986
2019-01-02,21.660000,21.660000,19.240000,20.200001,23100,0.000000,0.000000,21.660000,21.660000,19.240000,20.200001,22.256500,21.247800,21.368500,,22.223428,22.079397,0.144031,0.226461,-0.082430,44.737276,22.256500,25.835346,18.677654,0.212687,2.645662,0.130973,-0.067405,-0.106590,-0.094576,-0.240030,,,1.212262,-0.456697,-0.456697,0.843066,25325.000000,466620.023100,-0.069406
2019-01-03,19.520000,22.400000,19.520000,20.709999,9300,0.000000,0.000000,19.520000,22.400000,19.520000,20.709999,22.069500,21.122400,21.446200,,21.990593,21.977940,0.012653,0.183700,-0.171047,46.278760,22.069500,25.555396,18.583604,0.305000,2.662405,0.128557,0.025247,-0.245262,-0.073793,-0.309667,,,1.215900,-0.442980,-0.442980,0.889598,23380.000000,192602.990700,-0.117650
2019-01-04,21.590000,21.590000,19.500000,19.959999,19400,0.000000,0.000000,21.590000,21.590000,19.500000,19.959999,21.838000,21.030600,21.514600,,21.678194,21.828436,-0.150242,0.116911,-0.267153,44.320851,21.838000,25.232879,18.443121,0.223407,2.621509,0.131338,-0.036214,-0.195161,-0.183640,-0.411383,,,1.171185,-0.463152,-0.463152,0.821168,22290.000000,387223.980600,-0.251107
2019-01-07,19.510000,20.760000,18.850000,19.330000,27200,0.000000,0.000000,19.510000,20.760000,18.850000,19.330000,21.715000,20.964600,21.573900,,21.316933,21.643336,-0.326403,0.028248,-0.354651,42.687156,21.715000,25.290646,18.139354,0.166494,2.570675,0.132989,-0.031563,-0.131626,-0.213908,-0.413532,,,1.173153,-0.480097,-0.480097,0.763686,20860.000000,525776.000000,-0.279508
2019-01-08,20.150000,21.790001,18.809999,21.790001,40700,0.000000,0.000000,20.150000,21.790001,18.809999,21.790001,21.756500,20.958000,21.643500,,21.389713,21.654201,-0.264489,-0.030299,-0.234190,50.378666,21.756500,25.314473,18.198527,0.504708,2.599919,0.119317,0.127263,0.006002,0.000000,-0.301826,,,1.198400,-0.413932,-0.413932,0.988139,21495.000000,886853.040700,-0.187368
2019-01-09,22.000000,22.000000,19.430000,20.639999,19900,0.000000,0.000000,22.000000,22.000000,19.430000,20.639999,21.672500,20.987000,21.705900,,21.274372,21.579065,-0.304692,-0.085178,-0.219515,47.190354,21.672500,25.253708,18.091292,0.355845,2.597781,0.125862,-0.052777,0.021782,-0.015267,-0.333333,,,1.205738,-0.444863,-0.444863,0.883212,21445.000000,410735.980100,-0.232651
2019-01-10,20.440001,21.200001,19.760000,20.219999,10400,0.000000,0.000000,20.440001,21.200001,19.760000,20.219999,21.576500,20.977400,21.768100,,21.112161,21.478380,-0.366219,-0.141386,-0.224833,46.044247,21.576500,25.207532,17.945468,0.313207,2.515068,0.124385,-0.020349,-0.023660,-0.094086,-0.456159,,,1.185608,-0.456159,-0.456159,0.844890,21275.000000,210287.989600,-0.358983
2019-01-11,20.000000,20.870001,18.940001,19.330000,13400,0.000000,0.000000,20.000000,20.870001,18.940001,19.330000,21.469500,20.974800,21.812400,,20.837982,21.319221,-0.481239,-0.209356,-0.271882,43.626309,21.469500,25.237295,17.701706,0.216081,2.473270,0.127950,-0.044016,-0.031563,-0.126920,-0.431638,,,1.194368,-0.480097,-0.480097,0.763686,21135.000000,259022.000000,-0.370931
2019-01-14,19.170000,20.160000,17.530001,17.709999,14300,0.000000,0.000000,19.170000,20.160000,17.530001,17.709999,21.282500,20.954400,21.826000,,20.356754,21.051841,-0.695087,-0.306502,-0.388584,39.554596,21.282500,25.408576,17.156424,0.067083,2.484467,0.140286,-0.083808,-0.083808,-0.175128,-0.449829,,,1.223321,-0.523669,-0.523669,0.615876,21155.000000,253252.985700,-0.392095
2019-01-15,17.850000,18.660000,16.020000,16.230000,52600,0.000000,0.000000,17.850000,18.660000,16.020000,16.230000,21.026000,20.951400,21.825900,,19.721869,20.694630,-0.972761,-0.439754,-0.533007,36.227973,21.026000,25.729242,16.322758,-0.009861,2.495578,0.153763,-0.083569,-0.255163,-0.243357,-0.437825,,,1.251799,-0.563475,-0.563475,0.480839,23325.000000,853698.000000,-0.374724
2019-01-16,16.160000,18.639999,16.160000,16.370001,30200,0.000000,0.000000,16.160000,18.639999,16.160000,16.370001,20.819000,20.938600,21.821700,,19.206197,20.374256,-1.168059,-0.585415,-0.582644,36.769707,20.819000,25.961749,15.676251,0.067449,2.494465,0.152380,0.008626,-0.206880,-0.233614,-0.421555,,,1.253383,-0.559709,-0.559709,0.493613,24015.000000,494374.030200,-0.368256
2019-01-17,16.360001,17.570000,14.490000,14.500000,40700,0.000000,0.000000,16.360001,17.570000,14.490000,14.500000,20.446500,20.836600,21.801900,,18.482167,19.939086,-1.456920,-0.759716,-0.697204,32.765897,20.446500,26.277504,14.615496,-0.009904,2.536294,0.174917,-0.114233,-0.282888,-0.293028,-0.497226,,,1.301463,-0.610005,-0.610005,0.322993,25175.000000,590150.000000,-0.423846
2019-01-18,14.500000,15.560000,12.620000,13.550000,39900,0.000000,0.000000,14.500000,15.560000,12.620000,13.550000,20.038500,20.737800,21.769700,,17.723372,19.465781,-1.742409,-0.956255,-0.786155,30.923680,20.038500,26.594154,13.482846,0.005122,2.565134,0.189309,-0.065517,-0.299017,-0.382688,-0.516244,,,1.276412,-0.635557,-0.635557,0.236314,26265.000000,540645.000000,-0.452723
2019-01-22,13.750000,15.500000,13.750000,14.040000,76100,0.000000,0.000000,13.750000,15.500000,13.750000,14.040000,19.727500,20.644600,21.751300,,17.156699,19.063840,-1.907141,-1.146432,-0.760709,33.015621,19.727500,26.808050,12.646950,0.098372,2.521191,0.179572,0.036162,-0.207228,-0.353293,-0.489455,,,1.290863,-0.622378,-0.622378,0.281022,28580.000000,1068444.000000,-0.427361
2019-01-23,14.100000,15.400000,13.510000,14.730000,42200,0.000000,0.000000,14.100000,15.400000,13.510000,14.730000,19.404000,20.565200,21.741600,,16.783361,18.742792,-1.959431,-1.309032,-0.650399,35.956862,19.404000,26.786071,12.021929,0.183422,2.476101,0.168099,0.049145,-0.092421,-0.272952,-0.454040,,,1.297569,-0.603819,-0.603819,0.343978,29020.000000,621606.000000,-0.397219
2019-01-24,15.040000,15.040000,13.960000,14.620000,71900,0.000000,0.000000,15.040000,15.040000,13.960000,14.620000,19.004500,20.493000,21.728600,,16.450536,18.437380,-1.986844,-1.444594,-0.542249,35.687829,19.004500,26.519640,11.489360,0.208289,2.376370,0.162542,-0.007468,-0.106903,-0.310377,-0.404481,,,1.280324,-0.606778,-0.606778,0.333942,31820.000000,1051178.000000,-0.351570
2019-01-25,14.730000,15.080000,14.330000,15.000000,10300,0.000000,0.000000,14.730000,15.080000,14.330000,15.000000,18.382500,20.411400,21.724900,,16.227377,18.182743,-1.955367,-1.546749,-0.408618,37.429511,18.382500,24.958500,11.806500,0.242815,2.260191,0.150679,0.025992,0.034483,-0.336577,-0.337163,,,1.255447,-0.596557,-0.596557,0.368613,29665.000000,154500.000000,-0.300500
2019-01-28,14.900000,15.100000,13.940000,14.250000,21700,0.000000,0.000000,14.900000,15.100000,13.940000,14.250000,17.855000,20.322800,21.714000,,15.923165,17.891412,-1.968248,-1.631048,-0.337199,35.392252,17.855000,23.937522,11.772478,0.203659,2.181599,0.153095,-0.050000,0.051661,-0.480685,-0.355787,0.283784,,0.938807,-0.616729,-0.616729,0.300182,29565.000000,309225.000000,-0.352590
2019-01-29,13.990000,14.420000,13.430000,13.630000,18200,0.000000,0.000000,13.990000,14.420000,13.430000,13.630000,17.423500,20.209000,21.676400,,15.570370,17.575736,-2.005365,-1.705912,-0.299454,33.756547,17.423500,23.413998,11.433001,0.183374,2.096478,0.153814,-0.043509,-0.029202,-0.450403,-0.289734,0.240218,,0.908568,-0.633405,-0.633405,0.243613,29490.000000,248066.000000,-0.250101
2019-01-30,13.290000,14.920000,13.290000,13.800000,13100,0.000000,0.000000,13.290000,14.920000,13.290000,13.800000,17.030500,20.042000,21.638600,,15.298006,17.296038,-1.998032,-1.764336,-0.233696,34.648403,17.030500,22.880406,11.180593,0.223884,2.063156,0.149504,0.012472,-0.063136,-0.380054,-0.333333,0.254545,,0.874190,-0.628833,-0.628833,0.259124,29730.000000,180780.000000,-0.335548
2019-01-31,13.740000,14.550000,12.600000,14.390000,51700,0.000000,0.000000,13.740000,14.550000,12.600000,14.390000,16.740000,19.878200,21.614300,,15.158312,17.080766,-1.922454,-1.795959,-0.126494,37.779342,16.740000,22.503595,10.976405,0.296134,2.055073,0.142813,0.042754,-0.015732,-0.335642,-0.260534,0.312956,,0.901212,-0.612964,-0.612964,0.312956,31160.000000,743963.000000,-0.293363
2019-02-01,13.880000,15.000000,13.200000,14.250000,50500,0.000000,0.000000,13.880000,15.000000,13.200000,14.250000,16.417000,19.717600,21.585300,,15.018572,16.871071,-1.852499,-1.807267,-0.045232,37.322413,16.417000,21.963796,10.870204,0.304662,2.036852,0.142937,-0.009729,-0.050000,-0.294554,-0.239188,0.295455,,0.883137,-0.616729,-0.616729,0.300182,33220.000000,719625.000000,-0.253462
2019-02-04,13.870000,14.440000,13.230000,13.750000,68200,0.000000,0.000000,13.870000,14.440000,13.230000,13.750000,16.106500,19.560400,21.533100,,14.823407,16.639872,-1.816464,-1.809107,-0.007358,35.663422,16.106500,21.511660,10.701340,0.282014,1.977788,0.143839,-0.035088,-0.035088,-0.336069,-0.160562,0.238739,,0.873164,-0.630178,-0.630178,0.254562,35660.000000,937750.000000,-0.166261
2019-02-05,13.370000,14.500000,13.370000,14.200000,27400,0.000000,0.000000,13.370000,14.500000,13.370000,14.200000,15.850000,19.424400,21.479300,,14.727498,16.459134,-1.731635,-1.793612,0.061977,38.320723,15.850000,21.095605,10.604394,0.342726,1.917229,0.135016,0.032727,0.041820,-0.288577,-0.165197,0.293260,,0.887464,-0.618074,-0.618074,0.295620,35670.000000,389080.000000,-0.160895
2019-02-06,14.500000,14.950000,13.700000,14.600000,85400,0.000000,0.000000,14.500000,14.950000,13.700000,14.600000,15.490500,19.326200,21.432800,,14.707883,16.321416,-1.613532,-1.757596,0.144064,40.666646,15.490500,19.948417,11.032583,0.400122,1.869567,0.128053,0.028169,0.057971,-0.244697,-0.255102,0.259707,,0.897143,-0.607316,-0.607316,0.332117,37905.000000,1246840.000000,-0.257588
2019-02-07,14.520000,15.700000,13.010000,15.570000,28600,0.000000,0.000000,14.520000,15.700000,13.010000,15.570000,15.237000,19.238800,21.393900,,14.840517,16.265753,-1.425237,-1.691125,0.265888,46.027608,15.237000,18.981487,11.492513,0.544465,1.928172,0.123839,0.066438,0.082001,-0.285452,-0.157923,0.369393,,0.797611,-0.581226,-0.581226,0.420620,38340.000000,445302.000000,-0.152397
2019-02-08,15.450000,15.450000,14.560000,14.560000,7200,0.000000,0.000000,15.450000,15.450000,14.560000,14.560000,14.954000,19.104600,21.355800,,14.797360,16.139398,-1.342038,-1.621307,0.279270,41.793279,14.954000,17.878556,12.029444,0.432639,1.862586,0.127925,-0.064868,0.021754,-0.294574,-0.221390,0.233898,,0.805951,-0.608392,-0.608392,0.328467,38180.000000,104832.000000,-0.210848
2019-02-11,14.540000,15.400000,14.020000,14.810000,15300,0.000000,0.000000,14.540000,15.400000,14.020000,14.810000,14.728000,18.982600,21.310300,,14.799305,16.040921,-1.241617,-1.545369,0.303753,43.186503,14.728000,16.804268,12.651732,0.519747,1.828114,0.123438,0.017170,0.077091,-0.267557,-0.208021,0.144513,,0.813389,-0.601668,-0.601668,0.351277,38275.000000,226593.000000,-0.173302
2019-02-12,14.960000,14.960000,13.810000,14.200000,10900,0.000000,0.000000,14.960000,14.960000,13.810000,14.200000,14.552500,18.810800,21.256600,,14.707104,15.904553,-1.197449,-1.475785,0.278336,40.630981,14.552500,16.091275,13.013726,0.385461,1.779676,0.125329,-0.041188,0.000000,-0.265391,-0.221064,0.082317,,0.812108,-0.618074,-0.618074,0.295620,38105.000000,154780.000000,-0.205626
2019-02-13,14.130000,14.720000,13.900000,14.310000,14400,0.000000,0.000000,14.130000,14.720000,13.900000,14.310000,14.456500,18.650800,21.214700,,14.646011,15.786436,-1.140425,-1.408713,0.268288,41.305473,14.456500,15.778990,13.134010,0.444612,1.711125,0.119575,0.007746,-0.019863,-0.191982,-0.250000,0.067910,,0.772939,-0.615116,-0.615116,0.305657,36195.000000,206064.000000,-0.251820
2019-02-14,14.500000,16.889999,14.500000,16.629999,28400,0.000000,0.000000,14.500000,16.889999,14.500000,16.629999,14.469500,18.536200,21.192200,,14.951240,15.848923,-0.897683,-1.306507,0.408824,53.344680,14.469500,15.873771,13.065229,1.269260,1.773189,0.106626,0.162124,0.068080,0.024646,-0.109743,0.121376,,0.927234,-0.552717,-0.552717,0.517336,36105.000000,472291.971600,-0.141139
2019-02-15,16.360001,16.610001,15.970000,15.970000,25100,0.000000,0.000000,16.360001,16.610001,15.970000,15.970000,14.543000,18.366600,21.152600,,15.107972,15.857892,-0.749920,-1.195190,0.445270,50.190667,14.543000,16.099610,12.986390,0.958368,1.693673,0.106053,-0.039687,0.096841,-0.024435,-0.173395,0.109028,,0.938418,-0.570468,-0.570468,0.457117,35325.000000,400847.000000,-0.211105
2019-02-19,16.200001,16.200001,14.200000,15.010000,35500,0.000000,0.000000,16.200001,16.200001,14.200000,15.010000,14.616000,18.175000,21.097100,,15.092900,15.795084,-0.702184,-1.096589,0.394404,45.936247,14.616000,16.112302,13.119697,0.631658,1.715555,0.114294,-0.060113,0.013504,0.035172,-0.322348,0.072143,,0.871411,-0.596288,-0.596288,0.369526,35105.000000,532855.000000,-0.371445
2019-02-20,15.000000,16.860001,15.000000,16.670000,22100,0.000000,0.000000,15.000000,16.860001,15.000000,16.670000,14.747500,18.072600,21.036900,,15.335530,15.859894,-0.524363,-0.982143,0.457780,53.306691,14.747500,16.475058,13.019942,1.056421,1.725872,0.103532,0.110593,0.173944,0.230258,-0.261736,0.118792,,0.909561,-0.551641,-0.551641,0.520985,32405.000000,368407.000000,-0.293426
2019-02-21,15.870000,16.309999,15.290000,15.780000,13000,0.000000,0.000000,15.870000,16.309999,15.290000,15.780000,14.800000,17.969000,20.943500,,15.403910,15.853976,-0.450065,-0.875728,0.425663,49.416872,14.800000,16.588077,13.011923,0.774037,1.701167,0.107805,-0.053389,0.102725,0.123932,-0.291742,-0.034862,,0.931505,-0.575578,-0.575578,0.439781,30945.000000,205140.000000,-0.320969
2019-02-22,15.830000,19.500000,15.090000,19.299999,73600,0.000000,0.000000,15.830000,19.500000,15.090000,19.299999,15.034000,17.908600,20.847500,,16.003309,16.109240,-0.105932,-0.721769,0.615837,61.410572,15.034000,17.721565,12.346435,1.293655,1.894659,0.098169,0.223067,0.160553,0.310251,-0.106895,0.188424,,1.189418,-0.480904,-0.480904,0.760949,31030.000000,1420479.926400,-0.177900
2019-02-25,18.750000,20.000000,17.650000,19.410000,154200,0.000000,0.000000,18.750000,20.000000,17.650000,19.410000,15.254500,17.854000,20.767300,,16.527415,16.353744,0.173671,-0.542681,0.716352,61.716066,15.254500,18.578577,11.930422,1.125061,1.927184,0.099288,0.005700,0.215404,0.327633,-0.075714,0.156045,,1.187095,-0.477945,-0.477945,0.770985,38225.000000,2993022.000000,-0.169166
2019-02-26,19.000000,19.510000,17.770000,18.350000,81100,0.000000,0.000000,19.000000,19.510000,17.770000,18.350000,15.459500,17.791600,20.685000,,16.807813,16.501617,0.306196,-0.372905,0.679101,57.030764,15.459500,19.020035,11.898965,0.905908,1.913813,0.104295,-0.054611,0.222518,0.223333,-0.059457,0.113471,,1.211196,-0.506455,-0.506455,0.674270,41195.000000,1488185.000000,-0.142220
2019-02-27,18.160000,20.000000,16.240000,20.000000,71600,0.000000,0.000000,18.160000,20.000000,16.240000,20.000000,15.778000,17.762600,20.585000,,17.298918,16.760759,0.538159,-0.190692,0.728852,61.881800,15.778000,19.763709,11.792291,1.029642,2.045686,0.102284,0.089918,0.199760,0.403509,0.003009,0.192606,,1.217584,-0.462076,-0.462076,0.824818,43865.000000,1432000.000000,-0.085697
2019-02-28,18.889999,20.049999,18.889999,20.020000,105800,0.000000,0.000000,18.889999,20.049999,18.889999,20.020000,16.089000,17.735800,20.446100,,17.717546,17.002187,0.715359,-0.009482,0.724841,61.937892,16.089000,20.383564,11.794436,0.957672,1.982422,0.099022,0.001000,0.268695,0.468819,-0.058768,0.260705,,1.198455,-0.461538,-0.461538,0.826642,48500.000000,2118116.000000,-0.122407
2019-03-01,19.700001,20.049999,19.020000,20.010000,52600,0.000000,0.000000,19.700001,20.049999,19.020000,20.010000,16.370000,17.725800,20.316600,,18.070232,17.224990,0.845241,0.161463,0.683779,61.888854,16.370000,20.924096,11.815904,0.899640,1.914391,0.095672,-0.000500,0.036788,0.450000,-0.043042,0.274522,,1.200460,-0.461807,-0.461807,0.825730,48545.000000,1052526.000000,-0.115422
2019-03-04,20.000000,20.000000,16.139999,17.410000,153100,0.000000,0.000000,20.000000,20.000000,16.139999,17.410000,16.528000,17.635000,20.178600,,17.968657,17.238695,0.729963,0.275163,0.454800,50.658591,16.528000,20.990756,12.065244,0.598818,2.054079,0.117983,-0.129935,-0.103040,0.209868,-0.236068,0.093593,,1.304473,-0.531737,-0.531737,0.588504,53675.000000,2665471.000000,-0.275289
2019-03-05,17.370001,19.230000,17.010000,18.000000,98700,0.000000,0.000000,17.370001,19.230000,17.010000,18.000000,16.740500,17.560800,20.049000,,17.973479,17.295088,0.678391,0.355808,0.322583,52.753710,16.740500,21.048346,12.432654,0.646187,2.065931,0.114774,0.033889,-0.019074,0.263158,-0.193187,0.171113,,1.303998,-0.515869,-0.515869,0.642336,55200.000000,1776600.000000,-0.234886
2019-03-06,18.070000,18.959999,16.290001,17.510000,52900,0.000000,0.000000,18.070000,18.959999,16.290001,17.510000,16.906000,17.505800,19.852300,,17.902175,17.311008,0.591167,0.402880,0.188287,50.823561,16.906000,21.054265,12.757735,0.572802,2.109079,0.120450,-0.027222,-0.124500,0.273455,-0.216905,0.141460,,1.300528,-0.529048,-0.529048,0.597628,56475.000000,926279.000000,-0.240830
2019-03-07,17.820000,18.200001,16.990000,18.000000,42800,0.000000,0.000000,17.820000,18.200001,16.990000,18.000000,17.076000,17.441800,19.692200,,17.917225,17.362044,0.555180,0.433340,0.121840,52.687775,17.076000,21.103267,13.048733,0.614718,2.044858,0.113603,0.027984,-0.100899,0.267606,-0.263804,0.035078,,1.299800,-0.515869,-0.515869,0.642336,54345.000000,770400.000000,-0.261109
2019-03-08,17.620001,17.700001,15.150000,16.260000,61800,0.000000,0.000000,17.620001,17.700001,15.150000,16.260000,17.110500,17.314800,19.532900,,17.662267,17.280411,0.381856,0.423043,-0.041187,46.016750,17.110500,21.095041,13.125959,0.393275,2.102369,0.129297,-0.096667,-0.187406,0.113699,-0.338756,-0.075085,,1.353940,-0.562668,-0.562668,0.483577,56005.000000,1004868.000000,-0.373639
2019-03-11,17.350000,17.620001,17.000000,17.010000,64400,0.000000,0.000000,17.350000,17.620001,17.000000,17.010000,17.233000,17.106200,19.414300,,17.561918,17.260380,0.301538,0.398742,-0.097204,49.013396,17.233000,21.033793,13.432207,0.470664,2.049342,0.120479,0.046125,-0.022975,0.092486,-0.219367,0.011296,,1.344776,-0.542496,-0.542496,0.552007,58865.000000,1095444.000000,-0.270812
2019-03-12,17.020000,18.000000,17.000000,17.070000,31600,0.000000,0.000000,17.020000,18.000000,17.000000,17.070000,17.346000,16.951600,19.302000,,17.486239,17.246278,0.239961,0.366986,-0.127025,49.256077,17.346000,20.973929,13.718071,0.461962,1.974389,0.115664,0.003527,-0.051667,0.172390,-0.185592,-0.004665,,1.319036,-0.540882,-0.540882,0.557482,59680.000000,539412.000000,-0.274809
2019-03-13,17.000000,17.450001,16.129999,16.930000,34700,0.000000,0.000000,17.000000,17.450001,16.129999,16.930000,17.482500,16.845000,19.182900,,17.400663,17.222850,0.177814,0.329151,-0.151338,48.673924,17.482500,20.804578,14.160422,0.416844,1.927646,0.113860,-0.008202,-0.033124,0.143147,-0.241487,-0.107538,,1.320405,-0.544648,-0.544648,0.544708,60870.000000,587471.000000,-0.330212
2019-03-14,17.219999,17.340000,16.559999,16.650000,21600,0.000000,0.000000,17.219999,17.340000,16.559999,16.650000,17.599500,16.744800,19.069300,,17.285177,17.180416,0.104760,0.284273,-0.179513,47.465635,17.599500,20.600429,14.598570,0.341799,1.845671,0.110851,-0.016539,-0.075000,0.172535,-0.247967,-0.149642,,1.311203,-0.552179,-0.552179,0.519161,61230.000000,359640.000000,-0.333163
2019-03-15,16.660000,17.450001,16.610001,16.719999,174300,0.000000,0.000000,16.660000,17.450001,16.610001,16.719999,17.604000,16.675200,18.961500,,17.198226,17.146311,0.051915,0.237802,-0.185887,47.814408,17.604000,20.599072,14.608928,0.352424,1.773837,0.106091,0.004204,0.028290,0.168414,-0.221239,-0.131429,,1.311362,-0.550296,-0.550296,0.525547,68525.000000,2914295.825700,-0.304388
2019-03-18,16.719999,17.969999,16.719999,17.650000,28100,0.000000,0.000000,16.719999,17.969999,16.719999,17.650000,17.688000,16.614000,18.868200,,17.267730,17.183622,0.084108,0.207063,-0.122955,52.341478,17.688000,20.582667,14.793333,0.493436,1.736420,0.098381,0.055622,0.037625,0.061335,-0.177156,-0.093011,,1.203720,-0.525282,-0.525282,0.610401,68675.000000,495965.000000,-0.268262
2019-03-19,17.000000,17.000000,14.000000,15.210000,136200,0.000000,0.000000,17.000000,17.000000,14.000000,15.210000,17.698000,16.519000,18.774800,,16.951156,17.037427,-0.086271,0.148396,-0.234667,42.037698,17.698000,20.554848,14.841151,0.064555,1.873105,0.123150,-0.138244,-0.108963,-0.047589,-0.287921,-0.172020,,1.295239,-0.590909,-0.590909,0.387774,73710.000000,2071602.000000,-0.405608
2019-03-20,15.470000,15.600000,13.530000,13.690000,162800,0.000000,0.000000,15.470000,15.600000,13.530000,13.690000,17.549000,16.406200,18.685400,,16.449440,16.789469,-0.340029,0.050711,-0.390740,37.133630,17.549000,20.899751,14.198249,-0.075841,1.887169,0.137850,-0.099934,-0.191376,-0.087941,-0.332521,-0.292872,,1.325809,-0.631791,-0.631791,0.249088,80745.000000,2228732.000000,-0.476921
2019-03-21,11.170000,11.500000,11.000000,11.150000,1159500,0.000000,0.000000,11.170000,11.500000,11.000000,11.150000,17.317500,16.193400,18.575700,,15.634141,16.371729,-0.737587,-0.106948,-0.630639,30.690508,17.317500,21.672214,12.962786,-0.208141,1.944514,0.174396,-0.185537,-0.330330,-0.331134,-0.492027,-0.430250,,1.405844,-0.700108,-0.700108,0.017336,138070.000000,12928425.000000,-0.647550
2019-03-22,11.240000,11.410000,10.800000,11.090000,284800,0.000000,0.000000,11.240000,11.410000,10.800000,11.090000,16.907000,16.002400,18.494700,,14.935043,15.980488,-1.045446,-0.294648,-0.750798,30.555635,16.907000,21.965771,11.848229,-0.074942,1.849191,0.166744,-0.005381,-0.336722,-0.297212,-0.489175,-0.400541,,1.399244,-0.701721,-0.701721,0.011861,148630.000000,3158432.000000,-0.640730
2019-03-25,11.090000,11.130000,10.500000,10.840000,185900,0.000000,0.000000,11.090000,11.130000,10.500000,10.840000,16.478500,15.814800,18.396100,,14.305036,15.599710,-1.294674,-0.494653,-0.800021,29.964751,16.478500,22.068515,10.888485,-0.004337,1.762106,0.162556,-0.022543,-0.385836,-0.438342,-0.464956,-0.425847,,1.105007,-0.708445,-0.708445,0.000000,150215.000000,2015156.000000,-0.634848
2019-03-26,11.110000,11.290000,10.600000,10.880000,266200,0.000000,0.000000,11.110000,11.290000,10.600000,10.880000,16.105000,15.645800,18.310300,,13.778108,15.250101,-1.471994,-0.690121,-0.781872,30.197339,16.105000,22.148350,10.061650,0.067707,1.685527,0.154920,0.003690,-0.284681,-0.439464,-0.486792,-0.454089,,1.104334,-0.707370,-0.707370,0.003690,159470.000000,2896256.000000,-0.701309
2019-03-27,11.100000,11.220000,10.600000,10.820000,149300,0.000000,0.000000,11.100000,11.220000,10.600000,10.820000,15.646000,15.508000,18.231200,,13.323014,14.921945,-1.598931,-0.871883,-0.727048,30.036203,15.646000,21.836425,9.455575,0.110204,1.609417,0.148745,-0.005515,-0.209642,-0.410354,-0.521451,-0.473735,,1.100687,-0.708983,-0.708983,0.000000,163355.000000,1615426.000000,-0.755663
2019-03-28,10.920000,11.110000,10.610000,10.900000,78500,0.000000,0.000000,10.920000,11.110000,10.610000,10.900000,15.190000,15.401400,18.176400,,12.950243,14.624022,-1.673780,-1.032262,-0.641517,30.568196,15.190000,21.367385,9.012615,0.152766,1.530173,0.140383,0.007394,-0.022422,-0.455000,-0.602770,-0.519612,,1.029403,-0.706832,-0.706832,0.007394,161990.000000,855650.000000,-0.772856
2019-03-29,10.910000,11.590000,10.770000,11.380000,136800,0.000000,0.000000,10.910000,11.590000,10.770000,11.380000,14.758500,15.301600,18.120100,,12.708667,14.383724,-1.675057,-1.160821,-0.514236,33.819788,14.758500,20.720136,8.796864,0.216647,1.479446,0.130004,0.044037,0.026150,-0.431568,-0.541129,-0.546975,,1.054290,-0.693921,-0.693921,0.051756,166200.000000,1556784.000000,-0.715889
2019-04-01,11.330000,11.440000,10.500000,10.580000,160500,0.000000,0.000000,11.330000,11.440000,10.500000,10.580000,14.417000,15.223200,18.029900,,12.381180,14.101966,-1.720786,-1.272814,-0.447972,31.197442,14.417000,20.519928,8.314072,0.185643,1.440914,0.136192,-0.070299,-0.023985,-0.471264,-0.524708,-0.633910,,1.062155,-0.715438,-0.715438,0.000000,166570.000000,1698090.000000,-0.713695
2019-04-02,10.600000,10.610000,10.130000,10.530000,286100,0.000000,0.000000,10.600000,10.610000,10.130000,10.530000,14.043500,15.162800,17.950300,,12.096383,13.837375,-1.740993,-1.366450,-0.374543,31.035469,14.043500,20.137467,7.949533,0.211723,1.372277,0.130321,-0.004726,-0.032169,-0.395175,-0.513850,-0.616114,,0.996694,-0.716783,-0.716783,0.000000,175940.000000,3012633.000000,-0.696723
2019-04-03,10.550000,10.610000,10.050000,10.200000,209200,0.000000,0.000000,10.550000,10.610000,10.050000,10.200000,13.678000,15.086000,17.865300,,11.804632,13.567940,-1.763308,-1.445822,-0.317487,29.930952,13.678000,19.773419,7.582581,0.214704,1.314257,0.128849,-0.031339,-0.057301,-0.433333,-0.495050,-0.616253,,0.976314,-0.725659,-0.725659,0.000000,183755.000000,2133840.000000,-0.679511
2019-04-04,11.890000,11.900000,10.200000,11.390000,420700,0.000000,0.000000,11.890000,11.900000,10.200000,11.390000,13.347500,15.019200,17.792200,,11.740842,13.406611,-1.665769,-1.489811,-0.175958,38.439129,13.347500,19.166756,7.528244,0.331808,1.341810,0.117806,0.116667,0.044954,-0.349515,-0.450024,-0.620333,,1.092081,-0.693653,-0.693653,0.116667,202650.000000,4791773.000000,-0.671000
2019-04-05,11.410000,11.500000,10.920000,10.920000,317700,0.000000,0.000000,11.410000,11.500000,10.920000,10.920000,13.080500,14.945200,17.719100,,11.614559,13.222417,-1.607858,-1.513421,-0.094438,36.551358,13.080500,18.826658,7.334342,0.312005,1.287395,0.117893,-0.041264,-0.040422,-0.393333,-0.452906,-0.677971,,1.081727,-0.706294,-0.706294,0.070588,215445.000000,3469284.000000,-0.630952
2019-04-08,10.930000,11.450000,10.530000,10.970000,59000,0.000000,0.000000,10.930000,11.450000,10.530000,10.970000,12.778500,14.864600,17.638000,,11.515396,13.055571,-1.540175,-1.518771,-0.021404,36.906349,12.778500,18.284979,7.272021,0.335784,1.261153,0.114964,0.004579,0.036862,-0.325338,-0.432488,-0.667172,,1.049077,-0.704949,-0.704949,0.075490,215175.000000,647230.000000,-0.598153
2019-04-09,10.910000,11.010000,10.250000,10.330000,94400,0.000000,0.000000,10.910000,11.010000,10.250000,10.330000,12.441500,14.786200,17.554500,,11.333027,12.853677,-1.520649,-1.519147,-0.001502,34.263783,12.441500,17.659546,7.223453,0.297673,1.225356,0.118621,-0.058341,-0.018993,-0.392710,-0.525929,-0.669016,,1.032962,-0.722162,-0.722162,0.012745,218315.000000,975152.000000,-0.672700
2019-04-10,10.370000,10.550000,9.750000,10.030000,165600,0.000000,0.000000,10.370000,10.550000,9.750000,10.030000,12.096500,14.714200,17.461600,,11.132562,12.644515,-1.511954,-1.517708,0.005755,33.068514,12.096500,16.965764,7.227236,0.287802,1.194973,0.119140,-0.029042,-0.016667,-0.412419,-0.514050,-0.676034,,1.029237,-0.730231,-0.730231,0.000000,224860.000000,1660968.000000,-0.658818
2019-04-11,10.040000,10.440000,9.800000,10.180000,137600,0.000000,0.000000,10.040000,10.440000,9.800000,10.180000,11.773000,14.641800,17.341900,,10.986014,12.461958,-1.475945,-1.509356,0.033411,34.302566,11.773000,16.208902,7.337098,0.320442,1.155332,0.113490,0.014955,-0.106234,-0.398701,-0.496538,-0.726197,,1.036502,-0.726197,-0.726197,0.014955,230660.000000,1400768.000000,-0.634139
2019-04-12,10.240000,10.450000,9.800000,10.190000,151000,0.000000,0.000000,10.240000,10.450000,9.800000,10.190000,11.446500,14.557800,17.218000,,10.863550,12.293665,-1.430115,-1.493508,0.063393,34.389416,11.446500,15.267986,7.625014,0.335601,1.119237,0.109837,0.000982,-0.066850,-0.387988,-0.472840,-0.700382,,1.039393,-0.725928,-0.725928,0.015952,229495.000000,1538690.000000,-0.618101
2019-04-15,10.160000,10.160000,9.420000,9.890000,104700,0.000000,0.000000,10.160000,10.160000,9.420000,9.890000,11.058500,14.470600,17.094100,,10.713773,12.115616,-1.401843,-1.475175,0.073332,32.980811,11.058500,13.584002,8.532998,0.268660,1.094291,0.110646,-0.029441,-0.098450,-0.408493,-0.441558,-0.692762,,1.035660,-0.733997,-0.733997,0.000000,233325.000000,1035483.000000,-0.596511
2019-04-16,9.870000,10.000000,9.500000,9.660000,220700,0.000000,0.000000,9.870000,10.000000,9.500000,9.660000,10.781000,14.388800,16.974600,,10.551654,11.933718,-1.382064,-1.456552,0.074489,31.901933,10.781000,12.465417,9.096583,0.167244,1.051842,0.108886,-0.023256,-0.064860,-0.452691,-0.404806,-0.665397,,0.995919,-0.740183,-0.740183,0.000000,237550.000000,2131962.000000,-0.543818
2019-04-17,9.680000,9.680000,8.720000,8.960000,164800,0.000000,0.000000,9.680000,9.680000,8.720000,8.960000,10.544500,14.284000,16.854200,,10.306784,11.713442,-1.406658,-1.446574,0.039915,28.812704,10.544500,11.776708,9.312292,-0.142952,1.045282,0.116661,-0.072464,-0.106680,-0.410914,-0.452657,-0.683392,,0.926410,-0.759010,-0.759010,0.000000,237650.000000,1476608.000000,-0.589322
2019-04-18,8.960000,9.010000,8.330000,9.010000,242400,0.000000,0.000000,8.960000,9.010000,8.330000,9.010000,10.437500,14.172200,16.749200,,10.107279,11.513187,-1.405908,-1.438441,0.032532,29.339048,10.437500,11.811788,9.063212,-0.019360,1.019190,0.113118,0.005580,-0.114931,-0.341855,-0.378621,-0.687587,,0.887552,-0.757665,-0.757665,0.005580,191795.000000,2184024.000000,-0.507579
2019-04-22,8.990000,9.020000,8.010000,8.470000,326400,0.000000,0.000000,8.990000,9.020000,8.010000,8.470000,10.306500,14.030200,16.634500,,9.855390,11.287766,-1.432376,-1.437228,0.004852,27.015812,10.306500,11.900783,8.712217,-0.075964,1.018534,0.120252,-0.059933,-0.168793,-0.240359,-0.374908,-0.697608,,0.668779,-0.772189,-0.772189,0.000000,193875.000000,2764608.000000,-0.494792
2019-04-23,8.480000,8.500000,8.060000,8.200000,141100,0.000000,0.000000,8.480000,8.500000,8.060000,8.200000,10.174500,13.903000,16.503800,,9.600715,11.059042,-1.458328,-1.441448,-0.016880,25.911006,10.174500,12.002786,8.346214,-0.039987,0.977210,0.119172,-0.031877,-0.170880,-0.260595,-0.415954,-0.701818,,0.671680,-0.779451,-0.779451,0.000000,191635.000000,1157020.000000,-0.572707
2019-04-24,8.070000,8.850000,8.010000,8.170000,221900,0.000000,0.000000,8.070000,8.850000,8.010000,8.170000,10.039000,13.770200,16.376400,,9.380605,10.845039,-1.464434,-1.446045,-0.018389,25.784831,10.039000,12.040609,8.037391,0.033126,0.967409,0.118410,-0.003659,-0.154244,-0.246310,-0.445350,-0.697183,,0.671639,-0.780258,-0.780258,0.000000,189420.000000,1812923.000000,-0.598534
2019-04-25,8.150000,9.330000,8.150000,9.260000,130600,0.000000,0.000000,8.150000,9.330000,8.150000,9.260000,9.961000,13.671400,16.241100,,9.362050,10.727629,-1.365579,-1.429952,0.064373,37.662462,9.961000,11.956035,7.965965,0.324314,0.982594,0.106112,0.133415,0.033482,-0.148897,-0.366621,-0.622811,,0.840291,-0.750941,-0.750941,0.133415,188485.000000,1209356.000000,-0.514388
2019-04-26,9.260000,9.720000,8.670000,8.770000,96400,0.000000,0.000000,9.260000,9.720000,8.670000,8.770000,9.854500,13.560600,16.105700,,9.270965,10.582619,-1.311654,-1.406292,0.094638,34.954200,9.854500,11.865820,7.843180,0.230401,0.987409,0.112589,-0.052916,-0.026637,-0.189464,-0.415333,-0.612461,,0.855594,-0.764120,-0.764120,0.073439,189380.000000,845428.000000,-0.552327
2019-04-29,8.770000,9.550000,8.680000,9.170000,76500,0.000000,0.000000,8.770000,9.550000,8.680000,9.170000,9.744000,13.411400,15.973800,,9.255432,10.477981,-1.222548,-1.369543,0.146995,38.821681,9.744000,11.642081,7.845919,0.348795,0.979023,0.106764,0.045610,0.082645,-0.158716,-0.356491,-0.585443,,0.874635,-0.753362,-0.753362,0.122399,186365.000000,701505.000000,-0.508371
2019-04-30,9.170000,9.850000,9.170000,9.510000,73800,0.000000,0.000000,9.170000,9.850000,9.170000,9.510000,9.690500,13.282200,15.824400,,9.294597,10.406278,-1.111682,-1.317971,0.206289,41.979547,9.690500,11.549277,7.831723,0.451447,0.957664,0.100701,0.037077,0.159756,-0.164323,-0.302274,-0.504429,,0.869858,-0.744217,-0.744217,0.164015,182030.000000,701838.000000,-0.454104
2019-05-01,9.460000,9.680000,9.000000,9.680000,62100,0.000000,0.000000,9.460000,9.680000,9.000000,9.680000,9.648000,13.175600,15.675300,,9.353889,10.352480,-0.998590,-1.254095,0.255504,43.548558,9.648000,11.464342,7.831658,0.508809,0.937831,0.096883,0.017876,0.184823,-0.085066,-0.298551,-0.532367,,0.842369,-0.739645,-0.739645,0.184823,170830.000000,601128.000000,-0.419190
2019-05-02,9.040000,9.150000,8.020000,8.850000,175500,0.000000,0.000000,9.040000,9.150000,8.020000,8.850000,9.580500,13.019200,15.545900,,9.276368,10.241185,-0.964817,-1.196239,0.231422,38.127359,9.580500,11.410754,7.750246,0.300438,0.989414,0.111798,-0.085744,-0.044276,-0.159544,-0.384990,-0.545221,,0.889955,-0.761969,-0.761969,0.083231,169145.000000,1553175.000000,-0.488678
2019-05-03,8.860000,9.390000,8.600000,9.390000,72000,0.000000,0.000000,8.860000,9.390000,8.600000,9.390000,9.480500,12.891400,15.430200,,9.293850,10.178134,-0.884284,-1.133848,0.249564,43.091026,9.480500,11.101006,7.859994,0.472077,0.975170,0.103852,0.061017,0.070696,-0.079412,-0.341053,-0.498665,,0.915005,-0.747445,-0.747445,0.149327,151710.000000,676080.000000,-0.464971
2019-05-06,9.240000,9.650000,8.980000,9.560000,44200,0.000000,0.000000,9.240000,9.650000,8.980000,9.560000,9.412500,12.696600,15.302600,,9.334796,10.132347,-0.797551,-1.066589,0.269038,44.597877,9.412500,10.886155,7.938845,0.550046,0.953372,0.099725,0.018104,0.042530,-0.160667,-0.304727,-0.416361,,0.811234,-0.742873,-0.742873,0.170135,138035.000000,422552.000000,-0.410307
2019-05-07,9.600000,9.650000,9.270000,9.640000,39200,0.000000,0.000000,9.600000,9.650000,9.270000,9.640000,9.346000,12.501200,15.177600,,9.381750,10.095876,-0.714126,-0.996096,0.281970,45.331466,9.346000,10.631783,8.060217,0.614327,0.912417,0.094649,0.008368,0.013670,-0.117216,-0.321127,-0.433275,,0.803062,-0.740721,-0.740721,0.179927,137045.000000,377888.000000,-0.397008
2019-05-08,9.640000,9.900000,9.100000,9.880000,16100,0.000000,0.000000,9.640000,9.900000,9.100000,9.880000,9.323500,12.331800,15.061700,,9.458404,10.079886,-0.621481,-0.921173,0.299692,47.574197,9.323500,10.551220,8.095780,0.726640,0.904387,0.091537,0.024896,0.020661,-0.099362,-0.323288,-0.495918,,0.809088,-0.734266,-0.734266,0.209302,133130.000000,159068.000000,-0.400307
2019-05-09,9.800000,9.980000,9.020000,9.690000,22700,0.000000,0.000000,9.800000,9.980000,9.020000,9.690000,9.306500,12.125600,14.944100,,9.494034,10.051005,-0.556971,-0.848333,0.291362,45.966485,9.306500,10.502023,8.110977,0.660390,0.908360,0.093742,-0.019231,0.094915,-0.061955,-0.377649,-0.475933,,0.786878,-0.739376,-0.739376,0.186047,125985.000000,219963.000000,-0.463024
2019-05-10,9.640000,9.950000,9.380000,9.630000,21100,0.000000,0.000000,9.640000,9.950000,9.380000,9.630000,9.279000,11.917800,14.826800,,9.514952,10.019820,-0.504867,-0.779640,0.274772,45.444212,9.279000,10.413676,8.144324,0.654670,0.884191,0.091816,-0.006192,0.025559,-0.039880,-0.338599,-0.485027,,0.780902,-0.740990,-0.740990,0.178703,120160.000000,203193.000000,-0.423379
2019-05-13,9.440000,9.600000,9.250000,9.590000,18900,0.000000,0.000000,9.440000,9.600000,9.250000,9.590000,9.249000,11.709400,14.717600,17.482050,9.526498,9.987981,-0.461483,-0.716008,0.254525,45.076507,9.249000,10.311706,8.186294,0.660440,0.848178,0.088444,-0.004154,0.003138,-0.057957,-0.352465,-0.487166,,0.778847,-0.742066,-0.742066,0.173807,113555.000000,181251.000000,-0.398869
2019-05-14,9.590000,9.850000,9.430000,9.730000,27600,0.000000,0.000000,9.590000,9.850000,9.430000,9.730000,9.241000,11.555800,14.595400,17.475200,9.557806,9.968871,-0.411065,-0.655020,0.243954,46.702000,9.241000,10.285643,8.196357,0.734051,0.817593,0.084028,0.014599,0.009336,-0.045142,-0.314789,-0.466264,,0.780866,-0.738300,-0.738300,0.190942,109700.000000,268548.000000,-0.357929
2019-05-15,9.840000,9.990000,9.510000,9.870000,37300,0.000000,0.000000,9.840000,9.990000,9.510000,9.870000,9.251500,11.393200,14.477000,17.469600,9.605836,9.961548,-0.355712,-0.595158,0.239446,48.348253,9.251500,10.317872,8.185128,0.790002,0.793480,0.080393,0.014388,-0.001012,-0.002022,-0.310273,-0.482704,,0.775539,-0.734535,-0.734535,0.208078,100530.000000,368151.000000,-0.364417
2019-05-16,9.890000,10.090000,9.770000,9.920000,158400,0.000000,0.000000,9.890000,10.090000,9.770000,9.920000,9.299500,11.241400,14.373600,17.464200,9.654169,9.958470,-0.304301,-0.536987,0.232686,48.954666,9.299500,10.396606,8.202394,0.782790,0.759660,0.076579,0.005066,0.023736,0.026915,-0.403488,-0.468951,,0.770556,-0.733190,-0.733190,0.214198,100210.000000,1571328.000000,-0.466919
2019-05-17,9.830000,10.220000,9.520000,9.800000,74600,0.000000,0.000000,9.830000,10.220000,9.520000,9.800000,9.339000,11.077400,14.259600,17.458400,9.676604,9.946731,-0.270127,-0.483615,0.213488,47.512913,9.339000,10.449029,8.228971,0.707652,0.755398,0.077081,-0.012097,0.017653,0.093750,-0.386349,-0.492754,,0.723631,-0.736417,-0.736417,0.199510,91820.000000,731080.000000,-0.432368
2019-05-20,9.910000,10.190000,9.450000,9.960000,88300,0.000000,0.000000,9.910000,10.190000,9.450000,9.960000,9.413500,10.951400,14.133100,17.453200,9.720204,9.947714,-0.227511,-0.432394,0.204883,49.642448,9.413500,10.476985,8.350015,0.756938,0.754298,0.075733,0.016327,0.038582,0.105438,-0.336442,-0.550339,,0.724650,-0.732114,-0.732114,0.219094,79915.000000,879468.000000,-0.365241
2019-05-21,9.860000,10.240000,9.530000,10.040000,57800,0.000000,0.000000,9.860000,10.240000,9.530000,10.040000,9.505500,10.812000,13.959100,17.447900,9.769403,9.954550,-0.185147,-0.382945,0.197797,50.719077,9.505500,10.437153,8.573847,0.786856,0.751134,0.074814,0.008032,0.031860,0.185360,-0.397720,-0.555359,,0.684132,-0.729962,-0.729962,0.228886,75750.000000,580312.000000,-0.437332
2019-05-22,10.030000,10.450000,9.800000,10.290000,67800,0.000000,0.000000,10.030000,10.450000,9.800000,10.290000,9.611500,10.676400,13.814000,17.444450,9.849495,9.979398,-0.129903,-0.332336,0.202433,54.026883,9.611500,10.369622,8.853378,0.947488,0.743910,0.072294,0.024900,0.042553,0.254878,-0.347909,-0.538151,,0.669507,-0.723238,-0.723238,0.259486,68045.000000,697662.000000,-0.386936
2019-05-23,10.150000,10.150000,9.060000,9.620000,82300,0.000000,0.000000,10.150000,10.150000,9.060000,9.620000,9.629500,10.530200,13.687600,17.434600,9.814188,9.952776,-0.138588,-0.293587,0.154998,45.259154,9.629500,10.369357,8.889643,0.493580,0.778631,0.080939,-0.065112,-0.030242,0.177479,-0.501554,-0.554836,,0.719264,-0.741259,-0.741259,0.177479,65630.000000,791726.000000,-0.514937
2019-05-24,9.670000,9.690000,9.320000,9.480000,26600,0.000000,0.000000,9.670000,9.690000,9.320000,9.480000,9.665000,10.386800,13.565800,17.425150,9.762774,9.917756,-0.154981,-0.265866,0.110884,43.664581,9.665000,10.290510,9.039490,0.352121,0.749443,0.079055,-0.014553,-0.032653,0.023758,-0.511592,-0.548571,,0.561526,-0.745024,-0.745024,0.160343,62140.000000,252168.000000,-0.522519
2019-05-28,9.420000,9.420000,8.350000,9.060000,72900,0.000000,0.000000,9.420000,9.420000,8.350000,9.060000,9.659500,10.233600,13.454400,17.411450,9.654655,9.854218,-0.199563,-0.252605,0.053042,39.202314,9.659500,10.304953,9.014047,0.035597,0.776626,0.085720,-0.044304,-0.090361,0.033067,-0.506267,-0.535623,,0.551672,-0.756321,-0.756321,0.108935,61960.000000,660474.000000,-0.513957
2019-05-29,8.990000,9.600000,8.550000,9.520000,80200,0.000000,0.000000,8.990000,9.600000,8.550000,9.520000,9.660000,10.071000,13.342500,17.394350,9.633939,9.829461,-0.195522,-0.241189,0.045666,45.742355,9.660000,10.304981,9.015019,0.391470,0.796152,0.083629,0.050773,-0.051793,0.038168,-0.524000,-0.522568,,0.557062,-0.743948,-0.743948,0.165239,62280.000000,763504.000000,-0.523047
2019-05-30,9.430000,9.850000,8.830000,9.830000,56000,0.000000,0.000000,9.430000,9.850000,8.830000,9.830000,9.667500,9.963400,13.241200,17.377900,9.664102,9.829501,-0.165399,-0.226031,0.060632,49.671482,9.667500,10.316933,9.018067,0.625109,0.812142,0.082619,0.032563,-0.044704,0.033649,-0.508991,-0.537847,,0.553729,-0.735611,-0.735611,0.203182,61975.000000,550480.000000,-0.513663
2019-05-31,9.630000,9.980000,9.010000,9.930000,78500,0.000000,0.000000,9.630000,9.980000,9.010000,9.930000,9.721500,9.888200,13.147200,17.360550,9.705010,9.836946,-0.131936,-0.207212,0.075276,50.906525,9.721500,10.253755,9.189245,0.695865,0.823417,0.082922,0.010173,0.032225,0.025826,-0.503748,-0.525108,,0.551614,-0.732921,-0.732921,0.215422,57125.000000,779505.000000,-0.485026
2019-06-03,9.890000,10.410000,9.370000,10.040000,72000,0.000000,0.000000,9.890000,10.410000,9.370000,10.040000,9.754000,9.866000,13.029700,17.336600,9.756547,9.851987,-0.095440,-0.184857,0.089417,52.293357,9.754000,10.280374,9.227626,0.771670,0.838887,0.083555,0.011078,0.059072,0.134463,-0.423320,-0.559456,,0.450745,-0.729962,-0.729962,0.228886,57125.000000,722880.000000,-0.391047
2019-06-04,10.050000,10.180000,9.400000,9.800000,69500,0.000000,0.000000,10.050000,10.180000,9.400000,9.800000,9.766000,9.840200,12.921300,17.313600,9.763232,9.848136,-0.084904,-0.164867,0.079963,49.038439,9.766000,10.284638,9.247362,0.532778,0.834681,0.085172,-0.023904,0.081678,0.043663,-0.455556,-0.560735,,0.415757,-0.736417,-0.736417,0.199510,58390.000000,681100.000000,-0.449056
2019-06-05,9.830000,9.950000,9.370000,9.530000,33500,0.000000,0.000000,9.830000,9.950000,9.370000,9.530000,9.760500,9.814000,12.814400,17.291250,9.727350,9.824570,-0.097220,-0.151337,0.054117,45.599747,9.760500,10.287037,9.233963,0.281117,0.816490,0.085676,-0.027551,0.001050,-0.003138,-0.455740,-0.573793,,0.423983,-0.743679,-0.743679,0.166463,58105.000000,319255.000000,-0.465007
2019-06-06,9.540000,9.620000,8.630000,8.730000,69800,0.000000,0.000000,9.540000,9.620000,8.630000,8.730000,9.703000,9.771000,12.708400,17.260400,9.573912,9.743491,-0.169579,-0.154986,-0.014594,37.262236,9.703000,10.398613,9.007387,-0.199383,0.828883,0.094947,-0.083945,-0.111902,-0.094398,-0.515000,-0.642945,,0.512841,-0.765196,-0.765196,0.068543,60790.000000,609354.000000,-0.541153
2019-06-07,8.760000,8.910000,8.530000,8.720000,30600,0.000000,0.000000,8.760000,8.910000,8.530000,8.720000,9.654500,9.729000,12.618500,17.222250,9.442541,9.667677,-0.225136,-0.169016,-0.056120,37.170747,9.654500,10.477523,8.831477,-0.067724,0.796820,0.091378,-0.001145,-0.121853,-0.117409,-0.463715,-0.645384,,0.502044,-0.765465,-0.765465,0.067319,61185.000000,266832.000000,-0.508795
2019-06-10,8.790000,9.060000,8.580000,8.760000,63300,0.000000,0.000000,8.790000,9.060000,8.580000,8.760000,9.611000,9.686200,12.543800,17.184850,9.337534,9.600441,-0.262907,-0.187794,-0.075113,37.828311,9.611000,10.526272,8.695728,0.035111,0.774190,0.088378,0.004587,-0.127490,-0.095975,-0.485009,-0.597981,,0.500580,-0.764389,-0.764389,0.072215,63295.000000,554508.000000,-0.520085
2019-06-11,9.040000,9.040000,8.520000,8.740000,48700,0.000000,0.000000,9.040000,9.040000,8.520000,8.740000,9.568500,9.633400,12.467500,17.144600,9.245606,9.536705,-0.291099,-0.208455,-0.082644,37.616325,9.568500,10.563356,8.573644,0.083608,0.756034,0.086503,-0.002283,-0.108163,-0.092420,-0.487991,-0.583015,,0.500577,-0.764927,-0.764927,0.069767,64785.000000,425638.000000,-0.518492
2019-06-12,8.700000,8.730000,8.540000,8.640000,27300,0.000000,0.000000,8.700000,8.730000,8.540000,8.640000,9.514000,9.594600,12.408900,17.105400,9.152436,9.470282,-0.317847,-0.230333,-0.087513,36.514505,9.514000,10.587889,8.440111,0.093068,0.716317,0.082907,-0.011442,-0.093389,-0.099062,-0.489663,-0.612903,,0.501219,-0.767617,-0.767617,0.057528,64770.000000,235872.000000,-0.509198
2019-06-13,8.710000,8.860000,8.570000,8.720000,40800,0.000000,0.000000,8.710000,8.860000,8.570000,8.720000,9.456500,9.558400,12.360600,17.065150,9.085907,9.414706,-0.328799,-0.250027,-0.078772,38.077149,9.456500,10.572457,8.340543,0.170014,0.685866,0.078654,0.009259,-0.001145,-0.103803,-0.476276,-0.606143,,0.498997,-0.765465,-0.765465,0.067319,64945.000000,355776.000000,-0.503301
2019-06-14,8.640000,8.920000,8.500000,8.640000,28100,0.000000,0.000000,8.640000,8.920000,8.500000,8.640000,9.392500,9.527200,12.306600,17.028950,9.017306,9.357320,-0.340014,-0.268024,-0.071990,37.093880,9.392500,10.542820,8.242180,0.172917,0.666875,0.077185,-0.009174,-0.009174,-0.124620,-0.483254,-0.597578,,0.494279,-0.767617,-0.767617,0.057528,58430.000000,242784.000000,-0.497317
2019-06-17,8.860000,8.880000,8.570000,8.680000,40400,0.000000,0.000000,8.860000,8.880000,8.570000,8.680000,9.336500,9.473000,12.246100,16.993850,8.965413,9.307148,-0.341736,-0.282766,-0.058969,37.956577,9.336500,10.512063,8.160937,0.220772,0.641384,0.073892,0.004630,-0.009132,-0.125000,-0.508215,-0.595338,,0.494160,-0.766541,-0.766541,0.062424,56720.000000,350672.000000,-0.525137
2019-06-18,8.710000,8.870000,8.500000,8.590000,31700,0.000000,0.000000,8.710000,8.870000,8.500000,8.590000,9.268000,9.426400,12.185800,16.957200,8.907657,9.254026,-0.346369,-0.295487,-0.050882,36.735838,9.268000,10.450230,8.085770,0.213254,0.622000,0.072410,-0.010369,-0.017162,-0.123469,-0.435240,-0.597846,,0.493922,-0.768962,-0.768962,0.051408,53890.000000,272303.000000,-0.465008
2019-06-19,8.710000,8.880000,8.570000,8.770000,50200,0.000000,0.000000,8.710000,8.880000,8.570000,8.770000,9.204500,9.382400,12.123500,16.924200,8.886479,9.218173,-0.331694,-0.302728,-0.028965,40.834295,9.204500,10.347929,8.061071,0.310001,0.599714,0.068382,0.020955,0.015046,-0.119478,-0.359386,-0.572404,,0.496784,-0.764120,-0.764120,0.073439,53510.000000,440254.000000,-0.392813
2019-06-20,8.840000,9.000000,8.570000,8.670000,35100,0.000000,0.000000,8.840000,9.000000,8.570000,8.670000,9.123500,9.349200,12.067700,16.890850,8.853175,9.177567,-0.324393,-0.307061,-0.017331,39.310646,9.123500,10.168433,8.078567,0.283000,0.587592,0.067773,-0.011403,-0.005734,-0.136454,-0.222422,-0.605011,,0.494639,-0.766810,-0.766810,0.061200,51875.000000,304317.000000,-0.249514
2019-06-21,8.580000,8.660000,8.360000,8.530000,42300,0.000000,0.000000,8.580000,8.660000,8.360000,8.530000,9.069000,9.319200,12.016700,16.846550,8.803455,9.129599,-0.326144,-0.310878,-0.015266,37.216951,9.069000,10.118589,8.019411,0.243233,0.567764,0.066561,-0.016148,-0.012731,-0.171040,-0.230839,-0.607093,,0.482098,-0.770576,-0.770576,0.044064,49875.000000,360819.000000,-0.281742
2019-06-24,8.500000,8.660000,8.350000,8.350000,48900,0.000000,0.000000,8.500000,8.660000,8.350000,8.350000,9.012500,9.282600,11.962200,16.800400,8.733693,9.071851,-0.338158,-0.316334,-0.021824,34.660885,9.012500,10.090214,7.934786,0.192637,0.549352,0.065791,-0.021102,-0.038018,-0.132017,-0.229705,-0.587858,,0.439105,-0.775417,-0.775417,0.022032,50990.000000,408315.000000,-0.277909
2019-06-25,8.360000,8.710000,8.360000,8.380000,27800,0.000000,0.000000,8.360000,8.710000,8.360000,8.380000,8.978500,9.246400,11.902100,16.758200,8.679279,9.020603,-0.341324,-0.321332,-0.019992,35.456526,8.978500,10.092209,7.864791,0.231303,0.535827,0.063941,0.003593,-0.024447,-0.116034,-0.229779,-0.604717,,0.439331,-0.774610,-0.774610,0.025704,48735.000000,232964.000000,-0.254898
2019-06-26,8.400000,8.440000,7.880000,7.960000,43100,0.000000,0.000000,8.400000,8.440000,7.880000,7.960000,8.900500,9.207800,11.839200,16.712250,8.568620,8.942040,-0.373419,-0.331749,-0.041670,29.956684,8.900500,10.071563,7.729437,0.098442,0.537553,0.067532,-0.050119,-0.092360,-0.121413,-0.264325,-0.647943,,0.446214,-0.785906,-0.785906,0.000000,46880.000000,343076.000000,-0.299204
2019-06-27,8.000000,8.250000,7.610000,7.920000,42000,0.000000,0.000000,8.000000,8.250000,7.610000,7.920000,8.805000,9.173000,11.780900,16.657000,8.468833,8.866333,-0.397500,-0.344900,-0.052601,29.487559,8.805000,9.968398,7.641602,0.119649,0.544871,0.068797,-0.005025,-0.086505,-0.168067,-0.273394,-0.711370,,0.396202,-0.786982,-0.786982,0.000000,46180.000000,332640.000000,-0.312328
2019-06-28,7.720000,8.700000,7.210000,8.000000,880400,0.000000,0.000000,7.720000,8.700000,7.210000,8.000000,8.708500,9.153800,11.718900,16.599100,8.396705,8.802160,-0.405456,-0.357011,-0.048445,31.788302,8.708500,9.796739,7.620261,0.174474,0.612380,0.076548,0.010101,-0.062134,-0.186165,-0.297012,-0.677419,,0.373943,-0.784831,-0.784831,0.010101,86275.000000,7043200.000000,-0.332840
2019-07-01,8.080000,8.340000,7.850000,7.960000,94200,0.000000,0.000000,8.080000,8.340000,7.850000,7.960000,8.604500,9.132800,11.652500,16.542650,8.329519,8.739778,-0.410259,-0.367660,-0.042598,31.239444,8.604500,9.544410,7.664590,0.157148,0.603639,0.075834,-0.005000,-0.046707,-0.198389,-0.247637,-0.642408,,0.367531,-0.785906,-0.785906,0.005051,87385.000000,749832.000000,-0.281135
2019-07-02,8.040000,8.160000,7.720000,7.810000,33900,0.000000,0.000000,8.040000,8.160000,7.720000,7.810000,8.505000,9.119600,11.574900,16.484400,8.249593,8.670906,-0.421312,-0.378391,-0.042922,29.203158,8.505000,9.325821,7.684179,0.076643,0.591950,0.075794,-0.018844,-0.068019,-0.222112,-0.258310,-0.639428,,0.360238,-0.789941,-0.789941,0.000000,85605.000000,264759.000000,-0.291487
2019-07-03,7.840000,8.000000,7.600000,7.940000,16900,0.000000,0.000000,7.840000,8.000000,7.600000,7.940000,8.425500,9.114400,11.508700,16.432250,8.201963,8.616764,-0.414801,-0.385673,-0.029128,33.263262,8.425500,9.127751,7.723249,0.154326,0.578240,0.072826,0.016645,-0.002513,-0.189796,-0.221569,-0.606931,,0.370088,-0.786444,-0.786444,0.016645,84775.000000,134186.000000,-0.256358
2019-07-05,8.160000,8.460000,8.080000,8.240000,31300,0.000000,0.000000,8.160000,8.460000,8.080000,8.240000,8.401000,9.115800,11.443000,16.376650,8.207815,8.588856,-0.381041,-0.384746,0.003706,41.588292,8.401000,9.092631,7.709369,0.383608,0.574080,0.069670,0.037783,0.040404,-0.135362,-0.276558,-0.602125,,0.398502,-0.778375,-0.778375,0.055058,82850.000000,257912.000000,-0.310772
2019-07-08,8.150000,8.540000,8.070000,8.230000,16000,0.000000,0.000000,8.150000,8.540000,8.070000,8.230000,8.376500,9.095200,11.383300,16.319950,8.211228,8.562274,-0.351046,-0.378006,0.026961,41.402889,8.376500,9.055145,7.697855,0.392064,0.566645,0.068851,-0.001214,0.028750,-0.057274,-0.246337,-0.587675,,0.282259,-0.778644,-0.778644,0.053777,82120.000000,131680.000000,-0.266452
2019-07-09,8.210000,8.330000,7.920000,7.990000,39100,0.000000,0.000000,8.210000,8.330000,7.920000,7.990000,8.338000,9.079600,11.320100,16.267400,8.177193,8.519883,-0.342690,-0.370943,0.028253,37.125206,8.338000,9.012392,7.663608,0.241990,0.555456,0.069519,-0.029162,0.003769,-0.083716,-0.271650,-0.586653,,0.296689,-0.785100,-0.785100,0.023047,80910.000000,312409.000000,-0.295267
2019-07-10,7.980000,8.190000,7.960000,8.000000,38900,0.000000,0.000000,7.980000,8.190000,7.960000,8.000000,8.301000,9.056200,11.233800,16.213000,8.149933,8.481373,-0.331441,-0.363043,0.031602,37.415354,8.301000,8.963623,7.638377,0.272872,0.532210,0.066526,0.001252,0.024328,-0.086758,-0.225557,-0.632859,,0.295698,-0.784831,-0.784831,0.024328,80420.000000,311200.000000,-0.262633
2019-07-11,8.030000,8.050000,7.800000,7.940000,65600,0.000000,0.000000,8.030000,8.050000,7.800000,7.940000,8.266000,9.024800,11.153500,16.153050,8.117635,8.441272,-0.323636,-0.355161,0.031525,36.332006,8.266000,8.927176,7.604824,0.253470,0.512052,0.064490,-0.007500,0.000000,-0.091533,-0.208375,-0.615310,,0.295836,-0.786444,-0.786444,0.016645,82335.000000,520864.000000,-0.237480
2019-07-12,7.940000,8.000000,7.850000,7.860000,41800,0.000000,0.000000,7.940000,8.000000,7.850000,7.860000,8.223000,8.988400,11.082000,16.089550,8.077999,8.398215,-0.320215,-0.348172,0.027957,34.881766,8.223000,8.871597,7.574403,0.220165,0.486191,0.061856,-0.010076,-0.046117,-0.090278,-0.227898,-0.611276,,0.295464,-0.788596,-0.788596,0.006402,82385.000000,328548.000000,-0.265241
2019-07-15,7.960000,8.170000,7.800000,7.850000,45100,0.000000,0.000000,7.960000,8.170000,7.800000,7.850000,8.183500,8.968400,10.993800,16.015350,8.042922,8.357606,-0.314684,-0.341474,0.026791,34.695336,8.183500,8.821301,7.545699,0.238555,0.477892,0.060878,-0.001272,-0.046173,-0.099771,-0.229637,-0.593895,,0.291588,-0.788865,-0.788865,0.005122,83235.000000,354035.000000,-0.263959
2019-07-16,7.800000,8.030000,7.370000,7.530000,120700,0.000000,0.000000,7.800000,8.030000,7.370000,7.530000,8.126000,8.931200,10.911300,15.927400,7.964011,8.296302,-0.332291,-0.339638,0.007347,29.298933,8.126000,8.782415,7.469585,0.046019,0.490899,0.065192,-0.040764,-0.057572,-0.128472,-0.238625,-0.574816,,0.316948,-0.797472,-0.797472,0.000000,87250.000000,908871.000000,-0.269566
2019-07-17,7.470000,8.170000,7.470000,7.710000,73300,0.000000,0.000000,7.470000,8.170000,7.470000,7.710000,8.082000,8.894200,10.795400,15.821450,7.924933,8.252872,-0.327940,-0.337298,0.009359,35.386756,8.082000,8.725301,7.438699,0.210866,0.505835,0.065608,0.023904,-0.036250,-0.111751,-0.201863,-0.524954,,0.332025,-0.792630,-0.792630,0.023904,89330.000000,565143.000000,-0.224985
2019-07-18,7.710000,7.760000,7.560000,7.730000,26300,0.000000,0.000000,7.710000,7.760000,7.560000,7.730000,8.030000,8.856000,10.678600,15.722950,7.894943,8.214141,-0.319198,-0.333678,0.014480,36.045699,8.030000,8.603484,7.456516,0.238441,0.483990,0.062612,0.002594,-0.026448,-0.100116,-0.137277,-0.527795,,0.332625,-0.792093,-0.792093,0.026560,88135.000000,203299.000000,-0.163685
2019-07-19,7.740000,8.060000,7.650000,7.750000,17000,0.000000,0.000000,7.740000,8.060000,7.650000,7.750000,7.984000,8.813400,10.572600,15.628800,7.872644,8.179760,-0.307116,-0.328366,0.021250,36.740463,7.984000,8.484248,7.483752,0.266116,0.478705,0.061768,0.002587,-0.013995,-0.116306,-0.139845,-0.465517,,0.320573,-0.791555,-0.791555,0.029216,87230.000000,131750.000000,-0.158403
2019-07-22,7.750000,7.830000,7.640000,7.800000,40600,0.000000,0.000000,7.750000,7.830000,7.640000,7.800000,7.947500,8.775600,10.450600,15.517800,7.861468,8.151630,-0.290162,-0.320725,0.030563,38.538084,7.947500,8.382247,7.512753,0.330361,0.458083,0.058729,0.006452,-0.006369,-0.100346,-0.079103,-0.424354,,0.322514,-0.790210,-0.790210,0.035857,87145.000000,316680.000000,-0.102666
2019-07-23,7.780000,7.950000,7.570000,7.650000,27500,0.000000,0.000000,7.780000,7.950000,7.570000,7.650000,7.912500,8.736000,10.326900,15.386500,7.828934,8.114472,-0.285537,-0.313687,0.028150,35.297509,7.912500,8.322834,7.502166,0.180138,0.452506,0.059151,-0.019231,0.015936,-0.103165,-0.067073,-0.455128,,0.324051,-0.794244,-0.794244,0.015936,86075.000000,210375.000000,-0.083153
2019-07-24,7.630000,7.650000,7.350000,7.450000,66900,0.000000,0.000000,7.630000,7.650000,7.350000,7.450000,7.866000,8.693200,10.201300,15.258950,7.770637,8.065252,-0.294615,-0.309873,0.015258,31.494790,7.866000,8.263857,7.468143,-0.022800,0.441612,0.059277,-0.026144,-0.033722,-0.107784,-0.088127,-0.494229,,0.327664,-0.799623,-0.799623,0.000000,88030.000000,498405.000000,-0.115218
2019-07-25,7.900000,7.900000,7.290000,7.420000,38500,0.000000,0.000000,7.900000,7.900000,7.290000,7.420000,7.839000,8.647000,10.101400,15.140000,7.716693,8.017455,-0.300763,-0.308051,0.007288,30.956059,7.839000,8.280857,7.397143,0.025865,0.453640,0.061137,-0.004027,-0.040103,-0.114558,-0.198704,-0.492476,,0.326143,-0.800430,-0.800430,0.000000,87800.000000,285670.000000,-0.213468
2019-07-26,7.340000,7.480000,7.260000,7.360000,20500,0.000000,0.000000,7.340000,7.480000,7.260000,7.360000,7.811000,8.596800,9.995000,15.022000,7.661817,7.968755,-0.306938,-0.307828,0.000890,29.856090,7.811000,8.299732,7.322268,0.038602,0.436951,0.059368,-0.008086,-0.050323,-0.075377,-0.160775,-0.509333,,0.283526,-0.802044,-0.802044,0.000000,86725.000000,150880.000000,-0.183339
2019-07-29,7.370000,7.750000,7.300000,7.390000,20700,0.000000,0.000000,7.370000,7.750000,7.300000,7.390000,7.780500,8.546200,9.893800,14.873050,7.619999,7.925884,-0.305885,-0.307440,0.001554,31.172977,7.780500,8.295025,7.265975,0.120524,0.437883,0.059254,0.004076,-0.052564,-0.066919,-0.194111,-0.481404,-0.334234,0.284689,-0.801237,-0.801237,0.004076,43740.000000,152973.000000,-0.210220
2019-07-30,7.460000,7.590000,7.370000,7.430000,17000,0.000000,0.000000,7.460000,7.590000,7.370000,7.430000,7.754000,8.498800,9.788100,14.740150,7.590768,7.889152,-0.298384,-0.305628,0.007245,32.979688,7.754000,8.283961,7.224039,0.194317,0.422320,0.056840,0.005413,-0.028758,-0.071250,-0.218717,-0.454879,-0.323931,0.282396,-0.800161,-0.800161,0.009511,39880.000000,126310.000000,-0.240732
2019-07-31,7.440000,7.610000,7.300000,7.310000,22400,0.000000,0.000000,7.440000,7.610000,7.300000,7.310000,7.729000,8.445800,9.698600,14.615750,7.547573,7.846252,-0.298679,-0.304239,0.005560,30.401413,7.729000,8.293862,7.164138,0.129113,0.414297,0.056675,-0.016151,-0.018792,-0.081658,-0.244835,-0.470290,-0.335455,0.285832,-0.803389,-0.803389,0.000000,39305.000000,163744.000000,-0.260460
2019-08-01,7.310000,7.610000,6.680000,6.800000,38500,0.000000,0.000000,7.310000,7.610000,6.680000,6.800000,7.672000,8.381000,9.596500,14.505400,7.432562,7.768752,-0.336190,-0.310629,-0.025561,22.389982,7.672000,8.363165,6.980835,-0.130819,0.451133,0.066343,-0.069767,-0.083558,-0.129321,-0.231638,-0.527450,-0.379562,0.363323,-0.817106,-0.817106,0.000000,40385.000000,261800.000000,-0.240890
2019-08-02,6.940000,7.280000,6.270000,6.350000,27100,0.000000,0.000000,6.940000,7.280000,6.270000,6.350000,7.577500,8.302200,9.489300,14.395650,7.266014,7.663659,-0.397645,-0.328032,-0.069613,17.906182,7.577500,8.437803,6.717197,-0.213412,0.491052,0.077331,-0.066176,-0.137228,-0.200252,-0.323749,-0.554386,-0.422727,0.407908,-0.829209,-0.829209,0.000000,40175.000000,172085.000000,-0.304159
2019-08-05,6.310000,6.460000,5.820000,5.910000,34600,0.000000,0.000000,6.310000,6.460000,5.820000,5.910000,7.461500,8.228000,9.379100,14.281000,7.057396,7.533758,-0.476362,-0.357698,-0.118664,14.787849,7.461500,8.547415,6.375585,-0.214374,0.501692,0.084889,-0.069291,-0.200271,-0.282767,-0.381799,-0.570182,-0.467568,0.417526,-0.841044,-0.841044,0.000000,41105.000000,204486.000000,-0.332897
2019-08-06,6.120000,6.800000,5.990000,6.760000,51600,0.000000,0.000000,6.120000,6.800000,5.990000,6.760000,7.400000,8.173600,9.280200,14.174750,7.011643,7.476443,-0.464800,-0.379118,-0.085681,37.449868,7.400000,8.499129,6.300871,0.208860,0.529428,0.078318,0.143824,-0.090175,-0.178615,-0.298755,-0.523944,-0.384335,0.691714,-0.818182,-0.818182,0.143824,41730.000000,348816.000000,-0.282370
2019-08-07,6.640000,6.820000,6.330000,6.670000,21300,0.000000,0.000000,6.640000,6.820000,6.330000,6.670000,7.333500,8.125800,9.179700,14.070600,6.959083,7.416706,-0.457624,-0.394819,-0.062804,36.347615,7.333500,8.440688,6.226312,0.200367,0.526612,0.078952,-0.013314,-0.087551,-0.165207,-0.324899,-0.543151,-0.424504,0.687904,-0.820602,-0.820602,0.128596,40850.000000,142071.000000,-0.314766
2019-08-08,6.960000,8.020000,6.830000,7.310000,423200,0.000000,0.000000,6.960000,8.020000,6.830000,7.310000,7.302000,8.081600,9.076300,13.972250,7.013070,7.408802,-0.395732,-0.395002,-0.000730,48.055813,7.302000,8.371749,6.232251,0.503739,0.585425,0.080086,0.095952,0.075000,-0.086250,-0.245614,-0.530507,-0.357080,0.776010,-0.803389,-0.803389,0.236887,58730.000000,3093592.000000,-0.261867
2019-08-09,7.590000,7.860000,7.100000,7.100000,130200,0.000000,0.000000,7.590000,7.860000,7.100000,7.100000,7.264000,8.027000,8.995200,13.885000,7.026444,7.385928,-0.359484,-0.387898,0.028414,45.122918,7.264000,8.303866,6.224134,0.421144,0.597895,0.084211,-0.028728,0.118110,-0.105793,-0.262721,-0.512363,-0.398305,0.780964,-0.809037,-0.809037,0.201354,63150.000000,924420.000000,-0.268051
2019-08-12,7.150000,7.400000,6.850000,6.940000,95800,0.000000,0.000000,7.150000,7.400000,6.850000,6.940000,7.218500,7.967200,8.927700,13.806550,7.013145,7.352896,-0.339752,-0.378269,0.038518,42.971067,7.218500,8.229644,6.207356,0.362285,0.594474,0.085659,-0.022535,0.174281,-0.117048,-0.276330,-0.531398,-0.463679,0.783334,-0.813341,-0.813341,0.174281,65685.000000,664852.000000,-0.304627
2019-08-13,5.970000,7.390000,5.970000,6.620000,87400,0.000000,0.000000,5.970000,7.390000,5.970000,6.620000,7.173000,7.898800,8.882400,13.729050,6.952661,7.298608,-0.345947,-0.371805,0.025858,38.968460,7.173000,8.206769,6.139231,0.232532,0.653440,0.098707,-0.046110,-0.020710,-0.156688,-0.319630,-0.533803,-0.495427,0.796089,-0.821947,-0.821947,0.120135,64020.000000,578588.000000,-0.356073
2019-08-14,6.500000,6.500000,5.990000,6.120000,131400,0.000000,0.000000,6.500000,6.500000,5.990000,6.120000,7.093500,7.825200,8.832700,13.663700,6.824559,7.211303,-0.386744,-0.374793,-0.011952,33.688264,7.093500,8.195675,5.991325,0.058373,0.651766,0.106498,-0.075529,-0.082459,-0.187251,-0.379939,-0.572327,-0.543284,0.823348,-0.835395,-0.835395,0.035533,66925.000000,804168.000000,-0.373776
2019-08-15,6.150000,6.470000,5.780000,6.290000,142200,0.000000,0.000000,6.150000,6.470000,5.780000,6.290000,7.021500,7.760400,8.787200,13.591650,6.742319,7.143059,-0.400739,-0.379982,-0.020757,36.822714,7.021500,8.136664,5.906336,0.172021,0.654497,0.104054,0.027778,-0.139535,-0.184176,-0.365927,-0.621768,-0.575860,0.825380,-0.830823,-0.830823,0.064298,72720.000000,894438.000000,-0.349287
2019-08-16,6.130000,6.360000,5.910000,5.990000,135100,0.000000,0.000000,6.130000,6.360000,5.910000,5.990000,6.933500,7.705600,8.738300,13.524300,6.626578,7.057647,-0.431069,-0.390199,-0.040870,33.787534,6.933500,8.083828,5.783172,0.089899,0.639890,0.106826,-0.047695,-0.156338,-0.225097,-0.388776,-0.624922,-0.584028,0.835264,-0.838892,-0.838892,0.013536,78625.000000,809249.000000,-0.398974
2019-08-19,6.010000,6.360000,5.510000,5.650000,162800,0.000000,0.000000,6.010000,6.360000,5.510000,5.650000,6.826000,7.644200,8.686600,13.458900,6.476335,6.953377,-0.477042,-0.407568,-0.069474,30.699110,6.826000,8.035687,5.616313,0.013924,0.654898,0.115911,-0.056761,-0.185879,-0.270968,-0.432731,-0.623584,-0.596429,0.848480,-0.848037,-0.848037,0.000000,84735.000000,919820.000000,-0.471736
2019-08-20,5.250000,5.760000,4.940000,5.470000,138100,0.000000,0.000000,5.250000,5.760000,4.940000,5.470000,6.717000,7.578400,8.632300,13.404350,6.321514,6.843497,-0.521983,-0.430451,-0.091532,29.178488,6.717000,8.004431,5.429569,0.015702,0.666691,0.121881,-0.031858,-0.173716,-0.298718,-0.455179,-0.671866,-0.632886,0.847439,-0.852878,-0.852878,0.000000,90265.000000,755407.000000,-0.476094
2019-08-21,5.510000,5.900000,5.280000,5.590000,85000,0.000000,0.000000,5.510000,5.900000,5.280000,5.590000,6.624000,7.515400,8.574400,13.347250,6.208974,6.750645,-0.541672,-0.452695,-0.088977,31.610569,6.624000,7.956420,5.291580,0.111984,0.663356,0.118668,0.021938,-0.086601,-0.269281,-0.456754,-0.645754,-0.658104,0.857067,-0.849650,-0.849650,0.021938,91170.000000,475150.000000,-0.491508
2019-08-22,5.680000,6.280000,5.380000,5.660000,126200,0.000000,0.000000,5.680000,6.280000,5.380000,5.660000,6.536000,7.455800,8.525200,13.277550,6.124516,6.669857,-0.545341,-0.471224,-0.074117,33.054790,6.536000,7.879497,5.192503,0.173985,0.680259,0.120187,0.012522,-0.100159,-0.240268,-0.411642,-0.706736,-0.651478,0.860331,-0.847768,-0.847768,0.034735,95555.000000,714292.000000,-0.459243
2019-08-23,5.610000,5.700000,5.120000,5.170000,124100,0.000000,0.000000,5.610000,5.700000,5.120000,5.170000,6.426500,7.384800,8.471600,13.210950,5.977668,6.558756,-0.581089,-0.493197,-0.087892,28.515314,6.426500,7.842265,5.010735,0.056247,0.673097,0.130193,-0.086572,-0.136895,-0.303235,-0.454641,-0.733642,-0.692079,0.897825,-0.860947,-0.860947,0.000000,100735.000000,641597.000000,-0.469668
2019-08-26,5.250000,5.550000,5.170000,5.520000,41000,0.000000,0.000000,5.250000,5.550000,5.170000,5.520000,6.333000,7.322400,8.424800,13.145050,5.907257,6.481811,-0.574554,-0.509468,-0.065086,35.345418,6.333000,7.727683,4.938317,0.208536,0.652162,0.118145,0.067698,-0.023009,-0.250000,-0.390728,-0.699183,-0.665049,0.943033,-0.851533,-0.851533,0.067698,101750.000000,226320.000000,-0.423117
2019-08-27,5.560000,5.570000,4.520000,4.550000,157600,0.000000,0.000000,5.560000,5.570000,4.520000,4.550000,6.189000,7.239800,8.356400,13.074300,5.698448,6.338714,-0.640266,-0.535628,-0.104638,27.502540,6.189000,7.696901,4.681099,-0.043471,0.680579,0.149578,-0.175725,-0.168190,-0.384303,-0.522059,-0.772500,-0.728682,1.097527,-0.877622,-0.877622,0.000000,108780.000000,717080.000000,-0.559110
2019-08-28,4.570000,5.350000,4.570000,4.690000,45400,0.000000,0.000000,4.570000,5.350000,4.570000,4.690000,6.058000,7.161800,8.294100,13.006600,5.543302,6.216587,-0.673285,-0.563159,-0.110125,29.919559,6.058000,7.610419,4.505581,0.059397,0.689109,0.146932,0.030769,-0.161002,-0.368775,-0.522889,-0.765734,-0.704660,1.108538,-0.873857,-0.873857,0.030769,109930.000000,212926.000000,-0.561099
2019-08-29,4.700000,4.960000,4.450000,4.520000,32700,0.000000,0.000000,4.700000,4.960000,4.450000,4.520000,5.944000,7.076800,8.229600,12.933800,5.385871,6.090914,-0.705043,-0.591536,-0.113507,28.669631,5.944000,7.598498,4.289502,0.069658,0.676315,0.149627,-0.036247,-0.201413,-0.381669,-0.544814,-0.774113,-0.712102,1.109999,-0.878429,-0.878429,0.000000,109640.000000,147804.000000,-0.614615
2019-08-30,4.610000,4.620000,3.980000,4.060000,77400,0.000000,0.000000,4.610000,4.620000,3.980000,4.060000,5.829500,6.984600,8.166900,12.860700,5.181891,5.940476,-0.758585,-0.624946,-0.133639,25.558242,5.829500,7.671975,3.987025,0.019804,0.673721,0.165941,-0.101770,-0.214700,-0.402941,-0.595618,-0.766801,-0.744975,1.133269,-0.890802,-0.890802,0.000000,112155.000000,314244.000000,-0.681511
2019-09-03,3.670000,3.950000,3.250000,3.290000,342000,0.000000,0.000000,3.670000,3.950000,3.250000,3.290000,5.698500,6.879800,8.099500,12.780550,4.890831,5.744145,-0.853314,-0.670619,-0.182694,21.376264,5.698500,7.861551,3.535449,-0.056737,0.683456,0.207737,-0.189655,-0.403986,-0.481890,-0.664286,-0.817222,-0.785947,1.267021,-0.911512,-0.911512,0.000000,127525.000000,1125180.000000,-0.710391
2019-09-04,3.420000,3.790000,3.340000,3.390000,115500,0.000000,0.000000,3.420000,3.790000,3.340000,3.390000,5.530000,6.780600,8.031600,12.686750,4.659934,5.569763,-0.909830,-0.718461,-0.191368,23.135288,5.530000,7.863229,3.196771,0.041408,0.670352,0.197744,0.030395,-0.254945,-0.426396,-0.644281,-0.806396,-0.779009,1.272817,-0.908822,-0.908822,0.030395,130720.000000,391545.000000,-0.697268
2019-09-05,3.390000,3.910000,3.260000,3.880000,77600,0.000000,0.000000,3.390000,3.910000,3.260000,3.880000,5.390500,6.690600,7.968500,12.593250,4.539944,5.444596,-0.904652,-0.755699,-0.148952,31.251644,5.390500,7.769907,3.011093,0.182589,0.668898,0.172396,0.144543,-0.172708,-0.426036,-0.555556,-0.784444,-0.776883,1.274005,-0.895643,-0.895643,0.179331,133535.000000,301088.000000,-0.621379
2019-09-06,3.880000,4.180000,3.750000,3.960000,130200,0.000000,0.000000,3.880000,4.180000,3.750000,3.960000,5.223000,6.610600,7.909200,12.501650,4.450722,5.334626,-0.883904,-0.781340,-0.102563,32.504744,5.223000,7.503038,2.942962,0.223031,0.651834,0.164605,0.020619,-0.123894,-0.406297,-0.545872,-0.756458,-0.774744,1.282616,-0.893491,-0.893491,0.203647,118885.000000,515592.000000,-0.592496
2019-09-09,3.990000,4.060000,3.600000,3.860000,44300,0.000000,0.000000,3.990000,4.060000,3.600000,3.860000,5.061000,6.529400,7.851200,12.412900,4.359842,5.225394,-0.865553,-0.798183,-0.067370,31.726282,5.061000,7.237573,2.884427,0.224108,0.638131,0.165319,-0.025253,-0.049261,-0.471956,-0.559361,-0.773075,-0.770511,1.209673,-0.896181,-0.896181,0.173252,114590.000000,170998.000000,-0.593141
2019-09-10,3.830000,4.180000,3.750000,4.150000,102600,0.000000,0.000000,3.830000,4.180000,3.750000,4.150000,4.921500,6.452400,7.803100,12.328650,4.327558,5.145735,-0.818177,-0.802182,-0.015995,36.477460,4.921500,6.943123,2.899877,0.309188,0.623265,0.150184,0.075130,0.261398,-0.415493,-0.525172,-0.756883,-0.758017,1.260305,-0.888381,-0.888381,0.261398,114930.000000,425790.000000,-0.558612
2019-09-11,4.170000,4.260000,4.090000,4.220000,36900,0.000000,0.000000,4.170000,4.260000,4.090000,4.220000,4.801500,6.377600,7.755200,12.252200,4.311011,5.077162,-0.766152,-0.794976,0.028824,37.606148,4.801500,6.678354,2.924646,0.345086,0.590889,0.140021,0.016867,0.244838,-0.391931,-0.511574,-0.750738,-0.777543,1.267509,-0.886498,-0.886498,0.282675,112405.000000,155718.000000,-0.559947
2019-09-12,4.310000,4.310000,4.010000,4.130000,32700,0.000000,0.000000,4.310000,4.310000,4.010000,4.130000,4.702000,6.304000,7.711800,12.173150,4.283163,5.007002,-0.723839,-0.780748,0.056909,36.703166,4.702000,6.493601,2.910399,0.340366,0.570111,0.138041,-0.021327,0.064433,-0.376133,-0.526376,-0.751952,-0.789070,1.264037,-0.888919,-0.888919,0.255319,107470.000000,135051.000000,-0.571972
2019-09-13,4.200000,4.350000,3.920000,4.050000,49500,0.000000,0.000000,4.200000,4.350000,3.920000,4.050000,4.590000,6.226200,7.670300,12.087050,4.247292,4.936113,-0.688821,-0.762363,0.073542,35.878485,4.590000,6.237914,2.942086,0.336157,0.560103,0.138297,-0.019370,0.022727,-0.338235,-0.531250,-0.757775,-0.789610,1.247282,-0.891070,-0.891070,0.231003,102835.000000,200475.000000,-0.579995
2019-09-16,4.100000,4.250000,4.010000,4.110000,60500,0.000000,0.000000,4.100000,4.250000,4.010000,4.110000,4.496000,6.143600,7.629700,12.003050,4.226170,4.874920,-0.648750,-0.739640,0.090891,37.021420,4.496000,6.017279,2.974721,0.373133,0.537239,0.130715,0.014815,0.064767,-0.346582,-0.526498,-0.767139,-0.788798,1.242297,-0.889457,-0.889457,0.249240,99105.000000,248655.000000,-0.565825
2019-09-17,4.100000,4.120000,3.920000,4.000000,34700,0.000000,0.000000,4.100000,4.120000,3.920000,4.000000,4.413500,6.059000,7.577100,11.909100,4.191375,4.810111,-0.618736,-0.715459,0.096723,35.762853,4.413500,5.847747,2.979253,0.355848,0.513150,0.128288,-0.026764,-0.036145,-0.332220,-0.534342,-0.737015,-0.782254,1.237889,-0.892415,-0.892415,0.215805,92700.000000,138800.000000,-0.563528
2019-09-18,4.000000,4.200000,3.960000,4.080000,42500,0.000000,0.000000,4.000000,4.200000,3.960000,4.080000,4.344000,5.980800,7.530200,11.817950,4.174240,4.756028,-0.581788,-0.688725,0.106937,37.428869,4.344000,5.694982,2.993018,0.402293,0.493639,0.120990,0.020000,-0.033175,-0.277876,-0.534778,-0.701972,-0.789256,1.234597,-0.890264,-0.890264,0.240122,87920.000000,173400.000000,-0.558574
2019-09-19,4.090000,4.100000,3.950000,4.000000,19700,0.000000,0.000000,4.090000,4.100000,3.950000,4.000000,4.264500,5.900800,7.478500,11.726150,4.147434,4.700026,-0.552592,-0.661499,0.108906,36.411870,4.264500,5.487860,3.041140,0.391896,0.469094,0.117273,-0.019608,-0.031477,-0.268739,-0.538639,-0.641256,-0.795606,1.232885,-0.892415,-0.892415,0.215805,84655.000000,78800.000000,-0.554977
2019-09-20,3.990000,4.130000,3.900000,4.010000,88900,0.000000,0.000000,3.990000,4.130000,3.900000,4.010000,4.182000,5.822200,7.423500,11.623950,4.126290,4.648913,-0.522623,-0.633724,0.111100,36.643609,4.182000,5.217183,3.146817,0.416923,0.452016,0.112722,0.002500,-0.009877,-0.282648,-0.529894,-0.638413,-0.783243,1.228020,-0.892146,-0.892146,0.218845,82790.000000,356489.000000,-0.540597
2019-09-23,4.030000,4.120000,3.780000,4.040000,39500,0.000000,0.000000,4.030000,4.120000,3.780000,4.040000,4.125500,5.745800,7.367100,11.521200,4.113015,4.603809,-0.490794,-0.605138,0.114344,37.380895,4.125500,5.051191,3.199809,0.453818,0.444015,0.109905,0.007481,-0.017032,-0.286219,-0.516168,-0.627306,-0.786017,1.226839,-0.891339,-0.891339,0.227964,78560.000000,159580.000000,-0.529503
2019-09-24,4.010000,4.130000,3.850000,3.990000,36700,0.000000,0.000000,4.010000,4.130000,3.850000,3.990000,4.049000,5.668600,7.318500,11.432200,4.094089,4.558341,-0.464252,-0.576960,0.112709,36.616090,4.049000,4.702248,3.395752,0.454841,0.432299,0.108346,-0.012376,-0.002500,-0.228240,-0.523866,-0.633272,-0.799799,1.197288,-0.892684,-0.892684,0.212766,78345.000000,146433.000000,-0.537679
2019-09-25,4.180000,4.180000,3.870000,3.970000,12300,0.000000,0.000000,4.180000,4.180000,3.870000,3.970000,4.020000,5.597400,7.264300,11.347250,4.074999,4.514760,-0.439762,-0.549521,0.109759,36.296195,4.020000,4.629642,3.410358,0.458992,0.423564,0.106691,-0.005013,-0.026961,-0.280797,-0.501256,-0.633087,-0.806907,1.164338,-0.893222,-0.893222,0.206687,71080.000000,48831.000000,-0.522421
2019-09-26,4.000000,4.140000,3.750000,3.780000,31500,0.000000,0.000000,4.000000,4.140000,3.750000,3.780000,3.974500,5.518800,7.206500,11.254550,4.029614,4.460334,-0.430719,-0.525760,0.095041,33.318196,3.974500,4.504186,3.444814,0.316401,0.421166,0.111420,-0.047859,-0.055000,-0.169231,-0.522727,-0.653211,-0.833407,1.013451,-0.898332,-0.898332,0.148936,70385.000000,119070.000000,-0.530622
2019-09-27,3.840000,4.010000,3.750000,3.840000,29800,0.000000,0.000000,3.840000,4.010000,3.750000,3.840000,3.940500,5.441000,7.148500,11.163050,4.000443,4.414383,-0.413940,-0.503396,0.089456,35.128290,3.940500,4.406185,3.474815,0.392094,0.409654,0.106681,0.015873,-0.042394,-0.181237,-0.520000,-0.662566,-0.847134,1.007797,-0.896719,-0.896719,0.167173,70240.000000,114432.000000,-0.511680
2019-09-30,3.910000,3.910000,3.500000,3.560000,53700,0.000000,0.000000,3.910000,3.910000,3.500000,3.560000,3.915500,5.357200,7.085300,11.073500,3.932682,4.351095,-0.418413,-0.486400,0.067987,30.911300,3.915500,4.407134,3.423866,0.138451,0.409679,0.115078,-0.072917,-0.118812,-0.212389,-0.552764,-0.663516,-0.876817,1.028774,-0.904250,-0.904250,0.082067,69055.000000,191172.000000,-0.541416
2019-10-01,3.570000,3.620000,3.440000,3.530000,16400,0.000000,0.000000,3.570000,3.620000,3.440000,3.530000,3.927500,5.271800,7.023700,10.983900,3.870731,4.290274,-0.419542,-0.473028,0.053486,30.488985,3.927500,4.363408,3.491592,0.044055,0.393273,0.111409,-0.008427,-0.115288,-0.130542,-0.548015,-0.664767,-0.871309,0.972234,-0.905056,-0.905056,0.072948,52775.000000,57892.000000,-0.523301
2019-10-02,3.850000,3.850000,3.470000,3.690000,18500,0.000000,0.000000,3.850000,3.850000,3.470000,3.690000,3.942500,5.192600,6.964300,10.895550,3.842926,4.245809,-0.402882,-0.458999,0.056117,35.546629,3.942500,4.316827,3.568173,0.162728,0.392325,0.106321,0.045326,-0.070529,0.121581,-0.535264,-0.638235,-0.861174,0.716296,-0.900753,-0.900753,0.121581,47925.000000,68265.000000,-0.488145
2019-10-03,3.670000,3.790000,3.400000,3.590000,56300,0.000000,0.000000,3.670000,3.790000,3.400000,3.590000,3.928000,5.115400,6.904300,10.810950,3.804015,4.197230,-0.393216,-0.445842,0.052627,33.887068,3.928000,4.333676,3.522324,0.083411,0.392159,0.109237,-0.027100,-0.050265,0.058997,-0.564320,-0.684811,-0.880333,0.719721,-0.903443,-0.903443,0.091185,46860.000000,202117.000000,-0.528847
2019-10-04,3.720000,3.810000,3.580000,3.650000,31300,0.000000,0.000000,3.720000,3.810000,3.580000,3.650000,3.912500,5.040000,6.843500,10.719450,3.780320,4.156695,-0.376375,-0.431949,0.055574,35.823086,3.912500,4.336311,3.488689,0.190310,0.380576,0.104267,0.016713,-0.049479,-0.059278,-0.556501,-0.665751,-0.892362,0.510196,-0.901829,-0.901829,0.109422,41915.000000,114245.000000,-0.542188
2019-10-07,3.680000,4.000000,3.670000,3.960000,54900,0.000000,0.000000,3.680000,4.000000,3.670000,3.960000,3.917500,4.972000,6.784400,10.630700,3.807963,4.142125,-0.334162,-0.412391,0.078230,44.814773,3.917500,4.341063,3.493937,0.550170,0.378392,0.095554,0.084932,0.112360,0.000000,-0.504380,-0.639015,-0.879854,0.589289,-0.893491,-0.893491,0.203647,42445.000000,217404.000000,-0.481604
2019-10-08,3.850000,4.140000,3.750000,3.960000,61700,0.000000,0.000000,3.850000,4.140000,3.750000,3.960000,3.908000,4.903400,6.724800,10.549200,3.831353,4.128634,-0.297281,-0.389369,0.092089,44.814773,3.908000,4.317909,3.498091,0.563429,0.379221,0.095763,0.000000,0.121813,0.025907,-0.505000,-0.616651,-0.873118,0.581749,-0.893491,-0.893491,0.203647,40400.000000,244332.000000,-0.458825
2019-10-09,4.000000,4.000000,3.750000,3.830000,16700,0.000000,0.000000,4.000000,4.000000,3.750000,3.830000,3.888500,4.831400,6.665100,10.462350,3.831145,4.106513,-0.275368,-0.366569,0.091201,41.955829,3.888500,4.272182,3.504818,0.423765,0.369991,0.096603,-0.032828,0.037940,-0.077108,-0.517632,-0.618146,-0.876292,0.528142,-0.896988,-0.896988,0.164134,39390.000000,63961.000000,-0.481969
2019-10-10,3.860000,4.140000,3.730000,3.990000,29000,0.000000,0.000000,3.860000,4.140000,3.730000,3.990000,3.881500,4.765000,6.605400,10.369250,3.855584,4.097882,-0.242298,-0.341715,0.099417,46.481180,3.881500,4.251494,3.511506,0.646624,0.372849,0.093446,0.041775,0.111421,-0.054502,-0.492366,-0.608055,-0.892684,0.546837,-0.892684,-0.882682,0.212766,39205.000000,115710.000000,-0.456782
2019-10-11,4.020000,4.310000,3.930000,4.050000,45600,0.000000,0.000000,4.020000,4.310000,3.930000,4.050000,3.881500,4.710000,6.545500,10.252300,3.885495,4.094336,-0.208841,-0.315140,0.106299,48.114808,3.881500,4.251494,3.511506,0.727706,0.373360,0.092188,0.015038,0.109589,-0.019370,-0.484076,-0.602552,-0.880917,0.545237,-0.891070,-0.874185,0.231003,39010.000000,184680.000000,-0.459719
2019-10-14,4.010000,4.050000,3.930000,3.980000,17200,0.000000,0.000000,4.010000,4.050000,3.930000,3.980000,3.875000,4.662600,6.482400,10.148200,3.900034,4.085866,-0.185832,-0.289279,0.103446,46.337705,3.875000,4.232447,3.517553,0.646875,0.355263,0.089262,-0.017284,0.005051,-0.017284,-0.471448,-0.597573,-0.876359,0.544368,-0.892953,-0.862141,0.209726,36845.000000,68456.000000,-0.450269
2019-10-15,3.990000,4.250000,3.910000,4.150000,50400,0.000000,0.000000,3.990000,4.250000,3.910000,4.150000,3.882500,4.627400,6.427700,10.057650,3.938490,4.090617,-0.152127,-0.261848,0.109721,51.064764,3.882500,4.256884,3.508116,0.857254,0.354173,0.085343,0.042714,0.047980,0.009732,-0.461738,-0.570393,-0.856252,0.562391,-0.888381,-0.856103,0.261398,37630.000000,209160.000000,-0.457279
2019-10-16,4.100000,4.280000,3.800000,4.180000,131500,0.000000,0.000000,4.100000,4.280000,3.800000,4.180000,3.887500,4.575800,6.374700,9.970250,3.975646,4.097238,-0.121592,-0.233797,0.112205,51.870495,3.887500,4.275416,3.499584,0.877014,0.363160,0.086880,0.007229,0.091384,0.045000,-0.459250,-0.533482,-0.852297,0.553461,-0.887574,-0.855062,0.270517,42080.000000,549670.000000,-0.449129
2019-10-17,4.210000,4.840000,4.170000,4.750000,102700,0.000000,0.000000,4.210000,4.840000,4.170000,4.750000,3.925000,4.537400,6.331600,9.893000,4.094777,4.145591,-0.050814,-0.197200,0.146387,63.999294,3.925000,4.471356,3.378644,1.255002,0.385077,0.081069,0.136364,0.190476,0.164216,-0.387097,-0.472808,-0.835298,0.720839,-0.872243,-0.830418,0.443769,46230.000000,487825.000000,-0.388368
2019-10-18,4.520000,4.940000,4.440000,4.630000,23400,0.000000,0.000000,4.520000,4.940000,4.440000,4.630000,3.956000,4.483800,6.282700,9.812600,4.177119,4.181473,-0.004354,-0.158631,0.154277,60.540359,3.956000,4.586535,3.325465,1.034467,0.393286,0.084943,-0.025263,0.143210,0.157500,-0.406410,-0.453365,-0.834702,0.723849,-0.875471,-0.831636,0.407295,42955.000000,108342.000000,-0.392442
2019-10-21,4.700000,4.760000,4.360000,4.540000,16000,0.000000,0.000000,4.700000,4.760000,4.360000,4.540000,3.981000,4.432600,6.229800,9.735500,4.232947,4.208030,0.024916,-0.121922,0.146838,58.008135,3.981000,4.663099,3.298901,0.909765,0.393766,0.086733,-0.019438,0.140704,0.132170,-0.406536,-0.446341,-0.834909,0.729894,-0.877891,-0.834548,0.379939,41780.000000,72640.000000,-0.395821
2019-10-22,4.560000,4.780000,4.350000,4.440000,86100,0.000000,0.000000,4.560000,4.780000,4.350000,4.440000,4.003500,4.382600,6.174900,9.661050,4.264801,4.225213,0.039588,-0.089620,0.129208,55.243241,4.003500,4.715865,3.291135,0.806374,0.396354,0.089269,-0.022026,0.069880,0.099010,-0.404027,-0.456548,-0.835434,0.736724,-0.880581,-0.838192,0.349544,44250.000000,382284.000000,-0.377926
2019-10-23,4.300000,4.890000,4.300000,4.770000,66100,0.000000,0.000000,4.300000,4.890000,4.300000,4.770000,4.043500,4.345600,6.122200,9.575950,4.342524,4.265568,0.076956,-0.056305,0.133261,61.726410,4.043500,4.833551,3.253449,0.959781,0.410186,0.085993,0.074324,0.141148,0.195489,-0.357143,-0.484881,-0.805703,0.770660,-0.871705,-0.826166,0.449848,46940.000000,315297.000000,-0.342729
2019-10-24,4.620000,4.670000,4.500000,4.600000,8000,0.000000,0.000000,4.620000,4.670000,4.500000,4.600000,4.084500,4.315200,6.070200,9.495750,4.382136,4.290341,0.091795,-0.026685,0.118480,57.134956,4.084500,4.901619,3.267381,0.815438,0.400172,0.086994,-0.035639,-0.031579,0.158690,-0.375000,-0.475485,-0.796730,0.785156,-0.876278,-0.832362,0.398176,45765.000000,36800.000000,-0.357664
2019-10-25,4.540000,4.730000,4.540000,4.650000,4000,0.000000,0.000000,4.540000,4.730000,4.540000,4.650000,4.125000,4.282400,6.021400,9.417900,4.423346,4.316982,0.106364,-0.000075,0.106439,58.121632,4.125000,4.970882,3.279118,0.810327,0.385160,0.082830,0.010870,0.004320,0.230159,-0.370771,-0.492912,-0.789783,0.758250,-0.874933,-0.830539,0.413374,44475.000000,18600.000000,-0.364717
2019-10-28,4.710000,5.250000,4.710000,5.110000,15900,0.000000,0.000000,4.710000,5.250000,4.710000,5.110000,4.202500,4.264800,5.985200,9.346800,4.528985,4.375724,0.153261,0.030592,0.122668,65.898687,4.202500,5.112049,3.292951,0.998874,0.400506,0.078377,0.098925,0.125551,0.330729,-0.312248,-0.462671,-0.733715,0.817306,-0.862561,-0.813776,0.553191,42585.000000,81249.000000,-0.318579
2019-10-29,5.240000,5.310000,4.570000,4.630000,15600,0.000000,0.000000,5.240000,5.310000,4.570000,4.630000,4.257500,4.244400,5.944300,9.281400,4.544526,4.394559,0.149966,0.054467,0.095499,54.520928,4.257500,5.128020,3.386980,0.713953,0.424755,0.091740,-0.093933,0.042793,0.300562,-0.366621,-0.521694,-0.776329,0.848415,-0.875471,-0.831268,0.407295,42545.000000,72228.000000,-0.379028
2019-10-30,4.750000,5.030000,4.600000,4.720000,13000,0.000000,0.000000,4.750000,5.030000,4.600000,4.720000,4.309000,4.229400,5.903900,9.223850,4.571522,4.418666,0.152856,0.074145,0.078711,56.053054,4.309000,5.159805,3.458195,0.741536,0.425130,0.090070,0.019438,-0.010482,0.337110,-0.305882,-0.466667,-0.757451,0.844651,-0.873050,-0.827988,0.434650,42270.000000,61360.000000,-0.329660
2019-10-31,4.640000,4.650000,4.320000,4.380000,11400,0.000000,0.000000,4.640000,4.650000,4.320000,4.380000,4.348500,4.205200,5.860300,9.163900,4.542057,4.415802,0.126255,0.084567,0.041688,49.296569,4.348500,5.129222,3.567778,0.520174,0.423335,0.096652,-0.072034,-0.047826,0.186992,-0.310236,-0.533546,-0.766151,0.888679,-0.882195,-0.840379,0.331307,40025.000000,49932.000000,-0.346254
2019-11-01,4.570000,4.690000,4.300000,4.690000,17900,0.000000,0.000000,4.570000,4.690000,4.300000,4.690000,4.400500,4.185800,5.820800,9.114850,4.564817,4.436113,0.128704,0.093394,0.035310,54.662517,4.400500,5.121595,3.679405,0.700736,0.420954,0.089756,0.070776,0.008602,0.306407,-0.206430,-0.509414,-0.713675,0.902247,-0.873857,-0.829082,0.425532,39355.000000,83951.000000,-0.291902
2019-11-04,4.700000,5.030000,4.670000,4.920000,7800,0.000000,0.000000,4.700000,5.030000,4.670000,4.920000,4.448500,4.180800,5.782800,9.071700,4.619461,4.471956,0.147504,0.104216,0.043288,58.197311,4.448500,5.173926,3.723074,0.824981,0.416600,0.084675,0.049041,-0.037182,0.347945,-0.272189,-0.489627,-0.710758,0.910243,-0.867671,-0.820700,0.495441,37000.000000,38376.000000,-0.348777
2019-11-05,4.970000,5.050000,4.590000,4.660000,35400,0.000000,0.000000,4.970000,5.050000,4.590000,4.660000,4.483500,4.163600,5.743000,9.024800,4.625698,4.485886,0.139812,0.111335,0.028477,53.152333,4.483500,5.176511,3.790489,0.627343,0.419700,0.090064,-0.052846,0.006479,0.176768,-0.301349,-0.528340,-0.762245,0.903606,-0.874664,-0.830175,0.416413,35685.000000,164964.000000,-0.374078
2019-11-06,4.320000,4.550000,3.910000,3.980000,43400,0.000000,0.000000,4.320000,4.550000,3.910000,3.980000,4.491000,4.152200,5.696000,8.971050,4.526359,4.448413,0.077947,0.104658,-0.026711,42.721422,4.491000,5.156951,3.825049,0.116338,0.443293,0.111380,-0.145923,-0.156780,0.005051,-0.455540,-0.589267,-0.784749,1.051764,-0.892953,-0.854956,0.209726,37020.000000,172732.000000,-0.501748
2019-11-07,4.040000,4.250000,3.750000,3.760000,32800,0.000000,0.000000,4.040000,4.250000,3.750000,3.760000,4.479500,4.133600,5.647700,8.916750,4.408458,4.397419,0.011039,0.085934,-0.074895,39.987285,4.479500,5.188435,3.770565,-0.007452,0.447343,0.118974,-0.055276,-0.141553,-0.018277,-0.470423,-0.609553,-0.798930,1.064026,-0.898870,-0.862974,0.142857,37210.000000,123328.000000,-0.530150
2019-11-08,3.800000,4.040000,3.360000,3.590000,78200,0.000000,0.000000,3.800000,4.040000,3.360000,3.590000,4.456500,4.115000,5.595900,8.859700,4.282541,4.337610,-0.055069,0.057733,-0.112802,37.965325,4.456500,5.249025,3.663975,-0.046670,0.463962,0.129237,-0.045213,-0.234542,-0.100251,-0.482709,-0.625652,-0.808021,1.064979,-0.903443,-0.869169,0.091185,38840.000000,280738.000000,-0.560525
2019-11-11,3.600000,4.050000,3.600000,3.660000,17300,0.000000,0.000000,3.600000,4.050000,3.600000,3.660000,4.440500,4.107000,5.545800,8.806750,4.186766,4.287417,-0.100651,0.026057,-0.126708,39.325793,4.440500,5.284762,3.596238,0.037762,0.463679,0.126688,0.019499,-0.256098,-0.096296,-0.447130,-0.623844,-0.799232,1.066035,-0.901560,-0.866618,0.112462,38845.000000,63318.000000,-0.503006
2019-11-12,3.630000,4.010000,3.410000,3.430000,43300,0.000000,0.000000,3.630000,4.010000,3.410000,3.430000,4.404500,4.109800,5.494800,8.755750,4.070340,4.223905,-0.153564,-0.009868,-0.143697,36.493828,4.404500,5.355565,3.453435,-0.012320,0.473416,0.138022,-0.062842,-0.263948,-0.138191,-0.439542,-0.652482,-0.820231,1.085419,-0.907746,-0.875000,0.042553,38490.000000,148519.000000,-0.531150
2019-11-13,3.750000,4.110000,3.400000,3.720000,53200,0.000000,0.000000,3.750000,4.110000,3.400000,3.720000,4.381500,4.116400,5.448500,8.705350,4.016442,4.186578,-0.170136,-0.041921,-0.128215,42.150547,4.381500,5.376652,3.386348,0.167639,0.490315,0.131805,0.084548,-0.065327,-0.103614,-0.408585,-0.625000,-0.800857,1.117698,-0.899946,-0.864431,0.130699,34575.000000,197904.000000,-0.500707
2019-11-14,3.650000,3.860000,3.600000,3.610000,20400,0.000000,0.000000,3.650000,3.860000,3.600000,3.610000,4.324500,4.111000,5.400800,8.651450,3.953912,4.143869,-0.189956,-0.071528,-0.118428,40.670723,4.324500,5.360534,3.288466,0.155176,0.473864,0.131264,-0.029570,-0.039894,-0.136364,-0.397329,-0.631633,-0.813147,1.120791,-0.902905,-0.868440,0.097264,30460.000000,73644.000000,-0.471168
2019-11-15,3.660000,3.770000,3.610000,3.610000,79500,0.000000,0.000000,3.660000,3.770000,3.610000,3.610000,4.273500,4.104000,5.357300,8.598250,3.901003,4.104323,-0.203320,-0.097887,-0.105433,40.670723,4.273500,5.345994,3.201006,0.190674,0.451445,0.125054,0.000000,0.005571,-0.240000,-0.361062,-0.637550,-0.837020,0.997483,-0.902905,-0.868440,0.097264,33265.000000,286995.000000,-0.428291
2019-11-18,3.770000,3.770000,3.410000,3.450000,18800,0.000000,0.000000,3.770000,3.770000,3.410000,3.450000,4.219000,4.095800,5.312600,8.546750,3.831618,4.055855,-0.224237,-0.123157,-0.101080,38.396688,4.219000,5.343968,3.094032,0.158213,0.444913,0.128960,-0.044321,-0.057377,-0.254860,-0.369287,-0.656375,-0.847210,1.003068,-0.907208,-0.874271,0.048632,33405.000000,64860.000000,-0.444946
2019-11-19,3.420000,3.700000,3.400000,3.450000,179300,0.000000,0.000000,3.420000,3.700000,3.400000,3.450000,4.169500,4.081800,5.267100,8.493000,3.772907,4.010976,-0.238069,-0.146139,-0.091930,38.396688,4.169500,5.339736,2.999264,0.192583,0.434562,0.125960,0.000000,0.005831,-0.240088,-0.382826,-0.664723,-0.845153,1.003507,-0.907208,-0.874271,0.048632,38065.000000,618585.000000,-0.451459
2019-11-20,3.450000,3.620000,3.410000,3.550000,20400,0.000000,0.000000,3.450000,3.620000,3.410000,3.550000,4.108500,4.068400,5.223000,8.437750,3.738614,3.976830,-0.238216,-0.164555,-0.073662,40.796154,4.108500,5.274118,2.942882,0.260427,0.418522,0.117894,0.028986,-0.045699,-0.200450,-0.372792,-0.630977,-0.835724,1.012004,-0.904519,-0.870627,0.079027,35780.000000,72420.000000,-0.439781
2019-11-21,3.680000,3.860000,3.370000,3.640000,59200,0.000000,0.000000,3.680000,3.860000,3.370000,3.640000,4.060500,4.058600,5.181300,8.378100,3.723442,3.951880,-0.228437,-0.177331,-0.051106,42.949898,4.060500,5.219946,2.901054,0.318663,0.423628,0.116381,0.025352,0.008310,-0.236897,-0.295938,-0.616034,-0.826667,0.974967,-0.902098,-0.867347,0.106383,38340.000000,215488.000000,-0.393263
2019-11-22,3.850000,3.890000,3.580000,3.720000,17200,0.000000,0.000000,3.850000,3.890000,3.580000,3.720000,4.014000,4.052000,5.139100,8.323900,3.722913,3.934703,-0.211791,-0.184223,-0.027567,44.869744,4.014000,5.148222,2.879778,0.370396,0.415511,0.111697,0.021978,0.030471,-0.191304,-0.326087,-0.589404,-0.809329,0.977018,-0.899946,-0.864431,0.130699,39000.000000,63984.000000,-0.410905
2019-11-25,3.750000,3.890000,3.650000,3.850000,24600,0.000000,0.000000,3.750000,3.890000,3.650000,3.850000,3.951000,4.046800,5.095200,8.269100,3.742465,3.928429,-0.185964,-0.184571,-0.001393,47.935847,3.951000,4.962198,2.939802,0.450059,0.402975,0.104669,0.034946,0.115942,-0.172043,-0.153846,-0.595588,-0.806921,0.986459,-0.896450,-0.859694,0.170213,39435.000000,94710.000000,-0.256765
2019-11-26,3.880000,4.000000,3.870000,3.930000,33400,0.000000,0.000000,3.880000,4.000000,3.870000,3.930000,3.916000,4.045400,5.052200,8.217750,3.771316,3.928545,-0.157229,-0.179103,0.021874,49.786597,3.916000,4.875373,2.956627,0.507296,0.384905,0.097940,0.020779,0.139130,-0.230920,-0.162047,-0.600203,-0.815233,0.915232,-0.894298,-0.856778,0.194529,40325.000000,131262.000000,-0.262729
2019-11-27,3.980000,4.230000,3.850000,4.120000,22400,0.000000,0.000000,3.980000,4.230000,3.850000,4.120000,3.886000,4.046200,5.013500,8.166800,3.824960,3.942727,-0.117767,-0.166836,0.049068,53.971489,3.886000,4.774414,2.997586,0.631695,0.384555,0.093339,0.048346,0.160563,-0.110151,-0.088496,-0.585096,-0.802965,0.884573,-0.889188,-0.849854,0.252280,40795.000000,92288.000000,-0.180275
2019-11-29,4.150000,4.370000,4.150000,4.350000,14300,0.000000,0.000000,4.150000,4.370000,4.150000,4.350000,3.884500,4.053200,4.977000,8.105400,3.905735,3.972896,-0.067160,-0.146901,0.079740,58.482320,3.884500,4.769497,2.999503,0.762995,0.374944,0.086194,0.055825,0.195055,-0.078390,0.071429,-0.566733,-0.809127,0.905463,-0.883002,-0.841472,0.322188,40940.000000,62205.000000,-0.016805
2019-12-02,4.320000,4.320000,4.030000,4.200000,23700,0.000000,0.000000,4.320000,4.320000,4.030000,4.200000,3.860000,4.057000,4.939600,8.046550,3.951007,3.989718,-0.038711,-0.125263,0.086551,54.716204,3.860000,4.675508,3.044492,0.708459,0.371019,0.088338,-0.034483,0.129032,-0.041096,0.276596,-0.571429,-0.811744,0.877941,-0.887036,-0.846939,0.276596,41230.000000,99540.000000,0.188481
2019-12-03,4.310000,4.310000,4.080000,4.220000,6700,0.000000,0.000000,4.310000,4.310000,4.080000,4.220000,3.825000,4.060600,4.903200,7.992600,3.992390,4.006776,-0.014386,-0.103087,0.088702,55.131098,3.825000,4.496291,3.153709,0.794209,0.360946,0.085532,0.004762,0.096104,-0.100213,0.244838,-0.557188,-0.811270,0.839352,-0.886498,-0.846210,0.282675,41175.000000,28274.000000,0.176671
2019-12-04,4.280000,4.320000,4.050000,4.210000,56900,0.000000,0.000000,4.280000,4.320000,4.050000,4.210000,3.802500,4.065000,4.866800,7.930300,4.025869,4.021830,0.004039,-0.081662,0.085701,54.860448,3.802500,4.379493,3.225507,0.853124,0.354450,0.084192,-0.002370,0.071247,-0.144309,0.085052,-0.517755,-0.827812,0.817300,-0.886767,-0.846574,0.279635,42250.000000,239549.000000,0.029631
2019-12-05,4.210000,4.360000,4.050000,4.110000,34700,0.000000,0.000000,4.210000,4.360000,4.050000,4.110000,3.809000,4.067800,4.832600,7.871950,4.038812,4.028361,0.010451,-0.063239,0.073691,52.105697,3.809000,4.397232,3.220768,0.755851,0.351275,0.085468,-0.023753,-0.002427,-0.118026,0.037879,-0.528670,-0.832859,0.802406,-0.889457,-0.850219,0.249240,41815.000000,142617.000000,-0.019831
2019-12-06,4.160000,4.160000,4.050000,4.070000,7900,0.000000,0.000000,4.160000,4.160000,4.050000,4.070000,3.824500,4.073600,4.796200,7.795800,4.043610,4.031445,0.012165,-0.048159,0.060324,51.002484,3.824500,4.423533,3.225467,0.704913,0.334041,0.082074,-0.009732,-0.064368,0.022613,0.054404,-0.535388,-0.813217,0.617866,-0.890533,-0.851676,0.237082,40570.000000,32153.000000,-0.015963
2019-12-09,4.110000,4.180000,3.830000,3.890000,13300,0.000000,0.000000,4.110000,4.180000,3.830000,3.890000,3.839500,4.074600,4.757800,7.718200,4.019978,4.020968,-0.000990,-0.038725,0.037735,46.256327,3.839500,4.428754,3.250246,0.542851,0.335181,0.086165,-0.044226,-0.073810,0.034574,-0.062651,-0.554920,-0.814408,0.606081,-0.895374,-0.858236,0.182371,37325.000000,51737.000000,-0.129160
2019-12-10,3.920000,4.010000,3.550000,3.930000,123200,0.000000,0.000000,3.920000,4.010000,3.550000,3.930000,3.853000,4.082000,4.719600,7.646100,4.006135,4.014229,-0.008094,-0.032599,0.024504,47.427132,3.853000,4.437289,3.268711,0.565892,0.344097,0.087556,0.010283,-0.068720,0.094708,-0.068720,-0.545139,-0.823925,0.581232,-0.894298,-0.856778,0.194529,42620.000000,484176.000000,-0.123374
2019-12-11,3.900000,4.070000,3.760000,3.890000,163200,0.000000,0.000000,3.900000,4.070000,3.760000,3.890000,3.876000,4.089200,4.680500,7.565550,3.988268,4.005027,-0.016759,-0.029431,0.012672,46.339961,3.876000,4.425350,3.326650,0.512742,0.341661,0.087831,-0.010178,-0.076010,0.062842,-0.058111,-0.553899,-0.824300,0.580966,-0.895374,-0.858236,0.182371,48615.000000,634848.000000,-0.114196
2019-12-12,3.830000,3.970000,3.700000,3.820000,41400,0.000000,0.000000,3.830000,3.970000,3.700000,3.820000,3.881000,4.091800,4.642200,7.484550,3.962381,3.991322,-0.028941,-0.029333,0.000392,44.420934,3.881000,4.426176,3.335824,0.444055,0.336543,0.088100,-0.017995,-0.070560,0.113703,-0.056790,-0.557870,-0.822077,0.535384,-0.897257,-0.860787,0.161094,48025.000000,158148.000000,-0.122906
2019-12-13,3.740000,4.010000,3.560000,3.650000,66000,0.000000,0.000000,3.740000,4.010000,3.560000,3.650000,3.883000,4.093000,4.604200,7.402750,3.914322,3.966038,-0.051716,-0.033809,-0.017907,40.079949,3.883000,4.424269,3.341731,0.284765,0.344647,0.094424,-0.044503,-0.103194,-0.018817,-0.111922,-0.579493,-0.829837,0.479566,-0.901829,-0.866983,0.109422,50305.000000,240900.000000,-0.183221
2019-12-16,3.680000,3.680000,3.170000,3.200000,226700,0.000000,0.000000,3.680000,3.680000,3.170000,3.200000,3.862500,4.084000,4.562000,7.331700,3.804426,3.909295,-0.104868,-0.048021,-0.056847,31.347252,3.862500,4.473827,3.251173,-0.041854,0.356458,0.111393,-0.123288,-0.177378,-0.113573,-0.200000,-0.627474,-0.850187,0.635692,-0.913932,-0.883382,0.000000,57665.000000,725440.000000,-0.276742
2019-12-17,3.220000,3.400000,2.650000,3.330000,275500,0.000000,0.000000,3.220000,3.400000,2.650000,3.330000,3.856500,4.071400,4.521700,7.258350,3.731438,3.866384,-0.134946,-0.065406,-0.069540,35.705487,3.856500,4.486931,3.226069,0.082428,0.384568,0.115486,0.040625,-0.152672,-0.077562,-0.183824,-0.620296,-0.837640,0.654950,-0.910436,-0.878644,0.040625,70500.000000,917415.000000,-0.262818
2019-12-18,3.180000,3.480000,3.040000,3.190000,88100,0.000000,0.000000,3.180000,3.480000,3.040000,3.190000,3.843500,4.056000,4.479700,7.186750,3.648140,3.816282,-0.168142,-0.085953,-0.082189,33.256961,3.843500,4.518381,3.168619,0.015840,0.388527,0.121795,-0.042042,-0.179949,-0.075362,-0.202500,-0.632065,-0.854670,0.653183,-0.914201,-0.883746,0.000000,65940.000000,281039.000000,-0.281306
2019-12-19,3.170000,3.400000,2.890000,3.070000,92200,0.000000,0.000000,3.170000,3.400000,2.890000,3.070000,3.819500,4.040800,4.436100,7.112100,3.559195,3.761001,-0.201806,-0.109124,-0.092682,31.277103,3.819500,4.568407,3.070593,-0.000396,0.397204,0.129382,-0.037618,-0.196335,-0.110145,-0.234414,-0.640094,-0.858591,0.663995,-0.917429,-0.888120,0.000000,69530.000000,283054.000000,-0.329213
2019-12-20,3.100000,3.250000,3.010000,3.100000,82500,0.000000,0.000000,3.100000,3.250000,3.010000,3.100000,3.792500,4.023000,4.394000,7.046300,3.488550,3.712038,-0.223489,-0.131997,-0.091492,32.361210,3.792500,4.604901,2.980099,0.073794,0.385975,0.124508,0.009772,-0.150685,-0.126761,-0.232673,-0.628743,-0.846989,0.654995,-0.916622,-0.887026,0.009772,70695.000000,255750.000000,-0.332828
2019-12-23,3.090000,3.240000,3.090000,3.130000,44600,0.000000,0.000000,3.090000,3.240000,3.090000,3.130000,3.763000,4.004600,4.357300,6.976900,3.433388,3.668924,-0.235536,-0.152705,-0.082831,33.491097,3.763000,4.627653,2.898347,0.133957,0.369120,0.117930,0.009677,-0.021875,-0.140110,-0.215539,-0.626492,-0.852358,0.647876,-0.915815,-0.885933,0.019544,72065.000000,139598.000000,-0.334636
2019-12-24,3.130000,3.770000,3.130000,3.520000,2130100,0.000000,0.000000,3.130000,3.770000,3.130000,3.520000,3.746500,3.995400,4.329000,6.909150,3.446713,3.657893,-0.211180,-0.164400,-0.046780,46.097147,3.746500,4.616740,2.876260,0.369863,0.388468,0.110360,0.124601,0.057057,-0.053763,-0.113350,-0.557789,-0.844317,0.786994,-0.905325,-0.871720,0.146580,177340.000000,7497952.000000,-0.221739
2019-12-26,4.040000,7.150000,3.820000,5.050000,3635000,0.000000,0.000000,4.040000,7.150000,3.820000,5.050000,3.802500,4.013400,4.320400,6.849750,3.693373,3.761012,-0.067639,-0.145048,0.077408,70.066866,3.802500,4.848794,2.756206,1.096152,0.620006,0.122774,0.434659,0.583072,0.311688,0.335979,-0.362374,-0.815962,1.703899,-0.864174,-0.796371,0.644951,357420.000000,18356750.000000,0.212486
2019-12-27,4.890000,5.180000,4.400000,4.940000,565800,0.000000,0.000000,4.890000,5.180000,4.400000,4.940000,3.843500,4.028600,4.302200,6.791200,3.885161,3.848344,0.036817,-0.108675,0.145492,67.734758,3.843500,5.000579,2.686421,0.973822,0.631434,0.127821,-0.021782,0.609121,0.256997,0.286458,-0.382500,-0.800806,1.709262,-0.867133,-0.778077,0.609121,384590.000000,2795052.000000,0.152070
2019-12-30,4.940000,4.990000,4.550000,4.560000,139700,0.000000,0.000000,4.940000,4.990000,4.550000,4.560000,3.854000,4.024800,4.281100,6.730400,3.988983,3.901060,0.087923,-0.069355,0.157278,60.271574,3.854000,5.034016,2.673984,0.799148,0.617761,0.135474,-0.076923,0.470968,0.106796,0.280899,-0.427136,-0.795148,1.733886,-0.877353,-0.790730,0.485342,390860.000000,637032.000000,0.162558
2019-12-31,4.680000,4.680000,4.150000,4.280000,148400,0.000000,0.000000,4.680000,4.680000,4.150000,4.280000,3.858000,4.017800,4.250800,6.663550,4.033755,3.929129,0.104625,-0.034559,0.139184,55.425590,3.858000,5.043484,2.672516,0.677986,0.611492,0.142872,-0.061404,0.367412,-0.016092,0.212465,-0.451985,-0.802401,1.742031,-0.884884,-0.803580,0.394137,397095.000000,635152.000000,0.077939
2020-01-02,4.390000,4.540000,3.950000,4.400000,170600,0.000000,0.000000,4.390000,4.540000,3.950000,4.400000,3.867000,4.015000,4.223800,6.609500,4.090100,3.964009,0.126091,-0.002429,0.128520,57.020509,3.867000,5.066703,2.667297,0.722138,0.609957,0.138627,0.028037,0.250000,0.047619,0.192412,-0.445844,-0.782178,1.738086,-0.881657,-0.798073,0.433225,405290.000000,750640.000000,0.024538
2020-01-03,4.400000,4.800000,4.340000,4.450000,117500,0.000000,0.000000,4.400000,4.800000,4.340000,4.450000,3.879000,4.015200,4.198900,6.563300,4.145469,4.000008,0.145461,0.027149,0.118312,57.699666,3.879000,5.097798,2.660202,0.734247,0.599246,0.134662,0.011364,-0.118812,0.054502,0.239554,-0.459951,-0.785128,1.738130,-0.880312,-0.795778,0.449511,408320.000000,522875.000000,0.093661
2020-01-06,4.560000,4.720000,4.130000,4.140000,89500,0.000000,0.000000,4.560000,4.720000,4.130000,4.140000,3.880500,4.002600,4.174100,6.528250,4.144628,4.010378,0.134250,0.048569,0.085681,52.192898,3.880500,5.100569,2.660431,0.606346,0.598585,0.144586,-0.069663,-0.161943,-0.016627,0.134247,-0.496962,-0.792585,1.758359,-0.888650,-0.810005,0.348534,411060.000000,370530.000000,-0.002177
2020-01-07,4.200000,4.440000,4.060000,4.190000,83300,0.000000,0.000000,4.200000,4.440000,4.060000,4.190000,3.886500,3.994400,4.154800,6.493750,4.151608,4.023683,0.127925,0.064440,0.063485,52.972492,3.886500,5.111662,2.661338,0.623861,0.582972,0.139134,0.012077,-0.081140,0.019465,0.058081,-0.475594,-0.783238,1.755588,-0.887305,-0.807710,0.364821,414830.000000,349027.000000,-0.081719
2020-01-08,4.190000,4.230000,4.000000,4.080000,113200,0.000000,0.000000,4.190000,4.230000,4.000000,4.080000,3.896000,3.983000,4.132700,6.459950,4.140592,4.027855,0.112737,0.074100,0.038637,51.002017,3.896000,5.124219,2.667781,0.574905,0.557760,0.136706,-0.026253,-0.046729,0.002457,0.030303,-0.490000,-0.812758,1.758360,-0.890264,-0.802326,0.328990,419825.000000,461856.000000,-0.136555
2020-01-09,4.180000,4.220000,4.070000,4.150000,40500,0.000000,0.000000,4.180000,4.220000,4.070000,4.150000,3.907000,3.963800,4.114300,6.426300,4.142039,4.036903,0.105136,0.080307,0.024829,52.220042,3.907000,5.140431,2.673569,0.598506,0.528634,0.127382,0.017157,-0.056818,0.066838,0.083551,-0.477330,-0.798934,1.749538,-0.888381,-0.794758,0.351792,415690.000000,168075.000000,-0.080889
2020-01-10,4.200000,4.590000,4.170000,4.530000,157500,0.000000,0.000000,4.200000,4.590000,4.170000,4.530000,3.939000,3.961800,4.103100,6.394850,4.201725,4.073428,0.128297,0.089905,0.038392,58.282716,3.939000,5.203393,2.674607,0.733709,0.522303,0.115299,0.091566,0.017978,0.152672,0.135338,-0.423664,-0.775964,1.773409,-0.878160,-0.773726,0.475570,415405.000000,713475.000000,-0.019122
2020-01-13,4.730000,5.740000,4.560000,5.550000,286700,0.000000,0.000000,4.730000,5.740000,4.560000,5.550000,4.025500,3.978400,4.103900,6.368100,4.409152,4.182804,0.226348,0.117194,0.109155,69.477955,4.025500,5.478286,2.572714,1.024681,0.571424,0.102959,0.225166,0.340580,0.426735,0.370370,-0.292994,-0.712882,1.918137,-0.850726,-0.722777,0.807818,427670.000000,1591185.000000,0.219336
2020-01-14,5.490000,6.000000,5.050000,5.230000,271800,0.000000,0.000000,5.490000,6.000000,5.050000,5.230000,4.104500,3.995400,4.100300,6.337350,4.535436,4.260374,0.275062,0.148767,0.126295,63.702230,4.104500,5.640749,2.568251,0.866314,0.598465,0.114429,-0.057658,0.248210,0.369110,0.314070,-0.305445,-0.704687,1.933679,-0.859333,-0.738761,0.703583,437960.000000,1421514.000000,0.164644
2020-01-15,5.310000,6.140000,5.270000,5.960000,297400,0.000000,0.000000,5.310000,6.140000,5.270000,5.960000,4.242500,4.020800,4.103300,6.314250,4.754600,4.386272,0.368328,0.192679,0.175648,69.858079,4.242500,5.925491,2.559509,1.010252,0.620718,0.104147,0.139579,0.460784,0.632877,0.436145,-0.226978,-0.632779,1.959929,-0.839699,-0.702298,0.941368,441495.000000,1772504.000000,0.299928
2020-01-16,6.130000,6.150000,5.910000,6.100000,186900,0.000000,0.000000,6.130000,6.150000,5.910000,6.100000,4.381000,4.044400,4.112600,6.292100,4.961585,4.513215,0.448370,0.243818,0.204552,70.878119,4.381000,6.198354,2.563646,0.972940,0.593524,0.097299,0.023490,0.469880,0.906250,0.459330,-0.210867,-0.627367,1.879702,-0.835933,-0.695305,0.986971,437065.000000,1140090.000000,0.307567
2020-01-17,6.220000,6.790000,5.990000,6.420000,173700,0.000000,0.000000,6.220000,6.790000,5.990000,6.420000,4.542500,4.079600,4.121600,6.273200,5.185956,4.654458,0.531498,0.301354,0.230144,73.117474,4.542500,6.484044,2.600956,0.983507,0.608272,0.094746,0.052459,0.417219,0.927928,0.351579,-0.171613,-0.557241,1.880446,-0.827327,-0.679321,1.091205,441345.000000,1115154.000000,0.200529
2020-01-21,6.510000,7.100000,6.350000,6.720000,263200,0.000000,0.000000,6.510000,7.100000,6.350000,6.720000,4.725000,4.134400,4.143300,6.249850,5.421963,4.807461,0.614502,0.363983,0.250518,75.054154,4.725000,6.767326,2.682674,0.988414,0.618395,0.092023,0.046729,0.210811,1.106583,0.451404,-0.138462,-0.504059,1.858181,-0.819258,-0.664336,1.188925,449895.000000,1768704.000000,0.293018
2020-01-22,6.760000,7.400000,6.760000,7.020000,204000,0.000000,0.000000,6.760000,7.400000,6.760000,7.020000,4.921000,4.199600,4.166600,6.230350,5.667815,4.971353,0.696462,0.430479,0.265983,76.850208,4.921000,7.056947,2.785053,0.991351,0.622796,0.088717,0.044643,0.342256,1.286645,0.546256,-0.082353,-0.500000,1.835669,-0.811189,-0.649351,1.286645,455970.000000,1432080.000000,0.396705
2020-01-23,7.090000,7.470000,6.200000,7.150000,210600,0.000000,0.000000,7.090000,7.470000,6.200000,7.150000,5.122000,4.270800,4.192900,6.211250,5.895843,5.132734,0.763109,0.497005,0.266104,77.602737,5.122000,7.304395,2.939605,0.964627,0.669025,0.093570,0.018519,0.199664,1.306452,0.610360,-0.040268,-0.514596,1.833768,-0.807692,-0.642857,1.328990,464270.000000,1505790.000000,0.450176
2020-01-24,7.280000,7.760000,6.320000,6.520000,109300,0.000000,0.000000,7.280000,7.760000,6.320000,6.520000,5.272000,4.328000,4.217500,6.192200,5.991867,5.235495,0.756373,0.548878,0.207494,66.346886,5.272000,7.402556,3.141444,0.792881,0.724094,0.111057,-0.088112,0.068852,1.083067,0.366876,-0.121294,-0.554036,1.888643,-0.824637,-0.674326,1.123779,363230.000000,712636.000000,0.219690
2020-01-27,6.000000,6.210000,5.900000,5.990000,160200,0.000000,0.000000,6.000000,6.210000,5.900000,5.990000,5.319000,4.379200,4.244500,6.172000,5.991580,5.291384,0.700196,0.579142,0.121054,58.640999,5.319000,7.470307,3.167693,0.655952,0.716659,0.119643,-0.081288,-0.066978,0.701705,0.302174,-0.186141,-0.600667,1.908846,-0.838892,-0.700799,0.951140,189490.000000,959598.000000,0.185691
2020-01-28,6.060000,6.110000,5.310000,5.530000,135000,0.000000,0.000000,6.060000,6.110000,5.310000,5.530000,5.348500,4.415400,4.265900,6.148750,5.920568,5.309059,0.611508,0.585615,0.025893,52.898366,5.348500,7.494098,3.202902,0.542296,0.722612,0.130671,-0.076795,-0.177083,0.095050,0.189247,-0.251691,-0.611930,1.259790,-0.851264,-0.723776,0.801303,167950.000000,746550.000000,0.064712
2020-01-29,5.480000,6.040000,5.400000,5.950000,79100,0.000000,0.000000,5.480000,6.040000,5.400000,5.950000,5.418000,4.462200,4.286600,6.127550,5.925096,5.356536,0.568559,0.582204,-0.013645,57.035465,5.418000,7.546034,3.289966,0.624998,0.716711,0.120456,0.075949,-0.152422,0.204453,0.164384,-0.199192,-0.563463,1.276849,-0.839968,-0.702797,0.938111,164920.000000,470645.000000,0.050383
2020-01-30,5.860000,5.970000,5.520000,5.680000,67300,0.000000,0.000000,5.860000,5.970000,5.520000,5.680000,5.488000,4.503600,4.303800,6.106500,5.887389,5.380497,0.506892,0.567142,-0.060250,53.766070,5.488000,7.549482,3.426518,0.546568,0.697660,0.122828,-0.045378,-0.205594,0.245614,0.226782,-0.222982,-0.588406,1.253685,-0.847230,-0.716284,0.850163,160865.000000,382264.000000,0.103295
2020-01-31,5.630000,6.100000,5.490000,5.810000,90100,0.000000,0.000000,5.630000,6.100000,5.490000,5.810000,5.558500,4.550800,4.323300,6.087250,5.875483,5.412312,0.463171,0.546348,-0.083176,55.100597,5.558500,7.558850,3.558150,0.562864,0.691399,0.119002,0.022887,-0.108896,0.357477,0.230932,-0.145588,-0.596247,1.224016,-0.843733,-0.709790,0.892508,156840.000000,523481.000000,0.128938
2020-02-03,5.870000,6.300000,5.820000,6.260000,227700,0.000000,0.000000,5.870000,6.300000,5.820000,6.260000,5.649000,4.607000,4.344400,6.073750,5.934639,5.475104,0.459536,0.528985,-0.069449,59.462511,5.649000,7.601390,3.696610,0.656475,0.677013,0.108149,0.077453,0.045075,0.422727,0.429224,-0.014173,-0.560702,1.241297,-0.831630,-0.687313,1.039088,162350.000000,1425402.000000,0.310917
2020-02-04,6.150000,6.690000,5.960000,6.540000,194600,0.000000,0.000000,6.150000,6.690000,5.960000,6.540000,5.769000,4.666800,4.367600,6.061400,6.027772,5.553985,0.473787,0.517946,-0.044159,61.940128,5.769000,7.623439,3.914561,0.707880,0.680798,0.104098,0.044728,0.182640,0.469663,0.394456,0.106599,-0.524364,1.243849,-0.824099,-0.673327,1.130293,167605.000000,1272684.000000,0.265489
2020-02-05,6.620000,6.750000,6.180000,6.260000,109400,0.000000,0.000000,6.620000,6.750000,6.180000,6.260000,5.872500,4.719200,4.388900,6.050350,6.063499,5.606282,0.457217,0.505800,-0.048583,58.114965,5.872500,7.581213,4.163787,0.613389,0.672884,0.107489,-0.042813,0.052101,0.512077,0.272358,-0.073964,-0.559155,1.222402,-0.831630,-0.687313,1.039088,168910.000000,684844.000000,0.144828
2020-02-06,6.280000,6.320000,6.130000,6.180000,378100,0.000000,0.000000,6.280000,6.320000,6.130000,6.180000,5.977500,4.768400,4.410200,6.040250,6.081422,5.648780,0.432643,0.491168,-0.058526,57.031269,5.977500,7.466376,4.488624,0.568004,0.638392,0.103300,-0.012780,0.088028,0.474940,0.326180,-0.073463,-0.576712,1.228111,-0.833782,-0.691309,1.013029,182155.000000,2336658.000000,0.191324
2020-02-07,6.170000,6.400000,5.930000,6.040000,163000,0.000000,0.000000,6.170000,6.400000,5.930000,6.040000,6.072000,4.812200,4.429500,6.029600,6.075050,5.677759,0.397291,0.472393,-0.075102,55.095049,6.072000,7.287264,4.856736,0.486834,0.626364,0.103703,-0.022654,0.039587,0.480392,0.517588,-0.173735,-0.612075,1.226414,-0.837547,-0.698302,0.967427,188280.000000,984520.000000,0.385626
2020-02-10,6.020000,6.060000,5.000000,5.390000,177400,0.000000,0.000000,6.020000,6.060000,5.000000,5.390000,6.115000,4.841400,4.443400,6.010250,5.969657,5.656444,0.313214,0.440557,-0.127343,47.099818,6.115000,7.147677,5.082323,0.148970,0.657338,0.121955,-0.107616,-0.138978,0.298795,0.433511,-0.240845,-0.629808,1.305668,-0.855030,-0.730769,0.755700,189275.000000,956186.000000,0.291965
2020-02-11,5.400000,5.610000,5.200000,5.520000,65100,0.000000,0.000000,5.400000,5.610000,5.200000,5.520000,6.113500,4.869400,4.457800,5.994000,5.900479,5.646337,0.254143,0.403274,-0.149131,48.703151,6.113500,7.149713,5.077287,0.213621,0.639671,0.115882,0.024119,-0.155963,0.218543,0.537604,-0.204611,-0.627279,1.276823,-0.851533,-0.724276,0.798046,178195.000000,359352.000000,0.400308
2020-02-12,5.520000,5.520000,5.270000,5.350000,48600,0.000000,0.000000,5.520000,5.520000,5.270000,5.350000,6.119500,4.889400,4.471300,5.974900,5.815790,5.624386,0.191404,0.360900,-0.169496,46.709443,6.119500,7.135363,5.103637,0.121258,0.611837,0.114362,-0.030797,-0.145367,-0.036036,0.461749,-0.191843,-0.623239,1.021840,-0.856105,-0.732767,0.742671,167035.000000,260010.000000,0.312689
2020-02-13,5.290000,5.390000,5.060000,5.120000,74500,0.000000,0.000000,5.290000,5.390000,5.060000,5.120000,6.077500,4.907800,4.482400,5.952950,5.708746,5.587024,0.121722,0.313065,-0.191343,44.080309,6.077500,7.186333,4.968667,0.068240,0.591706,0.115568,-0.042991,-0.171521,-0.021033,0.492711,-0.163399,-0.642208,1.012594,-0.862292,-0.744256,0.667752,155890.000000,381440.000000,0.348254
2020-02-14,5.120000,5.290000,5.030000,5.040000,42800,0.000000,0.000000,5.120000,5.290000,5.030000,5.040000,6.024500,4.924200,4.492400,5.929750,5.605862,5.546504,0.059358,0.262323,-0.202965,43.170106,6.024500,7.226244,4.822756,0.090387,0.568013,0.112701,-0.015625,-0.165563,-0.154362,0.354839,-0.198728,-0.696933,0.878687,-0.864443,-0.748252,0.641694,148685.000000,215712.000000,0.207578
2020-02-18,5.040000,5.310000,4.910000,5.250000,73500,0.000000,0.000000,5.040000,5.310000,4.910000,5.250000,5.966000,4.945000,4.505000,5.911750,5.551114,5.524540,0.026573,0.215173,-0.188600,46.304444,5.966000,7.200153,4.731847,0.209922,0.556012,0.105907,0.041667,-0.025974,-0.139344,0.454294,-0.123539,-0.671259,0.888695,-0.858795,-0.737762,0.710098,143675.000000,385875.000000,0.306432
2020-02-19,5.280000,5.540000,5.120000,5.220000,91600,0.000000,0.000000,5.280000,5.540000,5.120000,5.220000,5.891000,4.967200,4.517500,5.890900,5.500173,5.501982,-0.001809,0.171777,-0.173586,45.914853,5.891000,7.114488,4.667512,0.225784,0.546297,0.104655,-0.005714,-0.054348,-0.186916,0.445983,-0.076106,-0.652232,0.863290,-0.859602,-0.739261,0.700326,135095.000000,478152.000000,0.296542
2020-02-20,5.220000,5.330000,5.100000,5.200000,74700,0.000000,0.000000,5.220000,5.330000,5.100000,5.200000,5.800000,4.989800,4.531700,5.869100,5.453993,5.479613,-0.025620,0.132297,-0.157918,45.639165,5.800000,6.937643,4.662357,0.236297,0.523704,0.100712,-0.003831,-0.028037,-0.226190,0.507246,-0.049360,-0.688062,0.840082,-0.860140,-0.740260,0.693811,128630.000000,388440.000000,0.366774
2020-02-21,5.270000,5.290000,5.100000,5.100000,52800,0.000000,0.000000,5.270000,5.290000,5.100000,5.100000,5.697500,5.014000,4.544300,5.846400,5.399532,5.451493,-0.051961,0.095446,-0.147407,44.209819,5.697500,6.682116,4.712884,0.196582,0.499868,0.098013,-0.019231,-0.003906,-0.273504,0.478261,-0.087657,-0.676806,0.815771,-0.862829,-0.745255,0.661238,120740.000000,269280.000000,0.360892
2020-02-24,5.070000,5.480000,5.000000,5.000000,306600,0.000000,0.000000,5.070000,5.480000,5.000000,5.000000,5.621500,5.035400,4.558700,5.822000,5.338066,5.418049,-0.079984,0.060360,-0.140344,42.767382,5.621500,6.572893,4.670107,0.173374,0.498449,0.099690,-0.019608,-0.007937,-0.300699,0.408451,-0.116608,-0.740933,0.807373,-0.865519,-0.750250,0.628664,130605.000000,1533000.000000,0.326995
2020-02-25,5.080000,5.250000,4.800000,4.870000,169200,0.000000,0.000000,5.080000,5.250000,4.800000,4.870000,5.565500,5.055000,4.572100,5.797900,5.266056,5.377453,-0.111397,0.026008,-0.137406,40.899192,5.565500,6.556586,4.574414,0.149122,0.494988,0.101640,-0.026000,-0.072381,-0.253067,0.337912,-0.058027,-0.749098,0.764664,-0.869016,-0.756743,0.586319,131055.000000,824004.000000,0.283904
2020-02-26,4.920000,5.060000,4.660000,4.800000,75400,0.000000,0.000000,4.920000,5.060000,4.660000,4.800000,5.529000,5.074600,4.583200,5.773750,5.194355,5.334679,-0.140324,-0.007258,-0.133066,39.888779,5.529000,6.577686,4.480314,0.152422,0.488204,0.101709,-0.014374,-0.080460,-0.198664,0.290323,-0.130435,-0.738420,0.723017,-0.870898,-0.760240,0.563518,128075.000000,361920.000000,0.236226
2020-02-27,4.730000,4.880000,4.150000,4.160000,138900,0.000000,0.000000,4.730000,4.880000,4.150000,4.160000,5.439500,5.084800,4.588900,5.746600,5.035223,5.247666,-0.212442,-0.048295,-0.164147,32.084314,5.439500,6.632505,4.246495,-0.036251,0.505475,0.121508,-0.133333,-0.200000,-0.247740,0.080519,-0.085714,-0.792000,0.810555,-0.888112,-0.792208,0.355049,131065.000000,577824.000000,0.088166
2020-02-28,4.000000,4.280000,4.000000,4.130000,80600,0.000000,0.000000,4.000000,4.280000,4.000000,4.130000,5.362000,5.103400,4.593700,5.718600,4.895958,5.164876,-0.268917,-0.092419,-0.176498,31.770521,5.362000,6.683667,4.040333,0.033922,0.489369,0.118491,-0.007212,-0.190196,-0.305882,0.050891,-0.119403,-0.793706,0.745174,-0.888919,-0.793603,0.345277,131730.000000,332878.000000,0.060206
2020-03-02,4.180000,4.500000,3.900000,4.160000,97500,0.000000,0.000000,4.180000,4.500000,3.900000,4.160000,5.279500,5.120000,4.595700,5.690050,4.782734,5.090440,-0.307706,-0.135477,-0.172230,32.481663,5.279500,6.686647,3.872353,0.102209,0.497272,0.119536,0.007264,-0.168000,-0.267606,0.009709,-0.079646,-0.792104,0.741459,-0.888112,-0.768889,0.355049,132100.000000,405600.000000,-0.018664
2020-03-03,4.160000,4.430000,3.870000,4.040000,54000,0.000000,0.000000,4.160000,4.430000,3.870000,4.040000,5.168500,5.137000,4.596500,5.660650,4.668467,5.012630,-0.344163,-0.177214,-0.166949,31.085960,5.168500,6.600014,3.736986,0.105837,0.501752,0.124196,-0.028846,-0.170431,-0.304647,-0.071264,-0.004926,-0.767949,0.730928,-0.891339,-0.775556,0.315961,123415.000000,218160.000000,-0.073413
2020-03-04,4.130000,4.670000,4.130000,4.650000,72200,0.000000,0.000000,4.130000,4.670000,4.130000,4.650000,5.074000,5.168600,4.604700,5.634900,4.665626,4.985768,-0.320142,-0.205800,-0.114343,44.209440,5.074000,6.367146,3.780854,0.336059,0.510913,0.109874,0.150990,-0.031250,-0.257188,0.107143,0.413374,-0.741667,0.878934,-0.874933,-0.741667,0.514658,117295.000000,335730.000000,0.054610
2020-03-05,4.650000,4.700000,4.110000,4.170000,46900,0.000000,0.000000,4.650000,4.700000,4.110000,4.170000,4.969500,5.190000,4.606500,5.605950,4.589376,4.925341,-0.335965,-0.231833,-0.104132,38.066450,4.969500,6.195129,3.743871,0.173841,0.516562,0.123876,-0.103226,0.002404,-0.362385,-0.011848,0.230088,-0.761850,0.906341,-0.887843,-0.768333,0.358306,114170.000000,195573.000000,-0.037427
2020-03-06,4.040000,4.130000,3.930000,4.040000,62400,0.000000,0.000000,4.040000,4.130000,3.930000,4.040000,4.862500,5.208200,4.606400,5.575950,4.504856,4.859760,-0.354904,-0.256447,-0.098457,36.583795,4.862500,6.014612,3.710388,0.143047,0.496807,0.122972,-0.031175,-0.021792,-0.354633,-0.040380,0.041237,-0.775556,0.903485,-0.891339,-0.771105,0.315961,98385.000000,252096.000000,-0.041425
2020-03-09,3.720000,3.930000,3.520000,3.700000,100000,0.000000,0.000000,3.720000,3.930000,3.520000,3.700000,4.745500,5.211800,4.603600,5.543000,4.381032,4.773852,-0.392820,-0.283722,-0.109098,32.967197,4.745500,5.869037,3.621963,0.034728,0.498464,0.134720,-0.084158,-0.110577,-0.401294,-0.099757,-0.065657,-0.772448,0.930627,-0.900484,-0.790368,0.205212,95235.000000,370000.000000,-0.027415
2020-03-10,3.840000,3.920000,2.930000,3.560000,143900,0.000000,0.000000,3.840000,3.920000,2.930000,3.560000,4.654000,5.182000,4.597700,5.512700,4.254720,4.683937,-0.429217,-0.312821,-0.116397,31.582692,4.654000,5.852128,3.455872,0.043455,0.533574,0.149880,-0.037838,-0.118812,-0.410596,-0.125307,-0.077720,-0.790711,0.932145,-0.904250,-0.798300,0.159609,93560.000000,512284.000000,-0.089233
2020-03-11,3.120000,3.770000,3.100000,3.660000,123100,0.000000,0.000000,3.120000,3.770000,3.100000,3.660000,4.561000,5.156400,4.592500,5.483600,4.163224,4.608090,-0.444866,-0.339230,-0.105636,33.723743,4.561000,5.764834,3.357166,0.125779,0.543318,0.148448,0.028090,-0.212903,-0.320965,-0.059126,-0.118072,-0.785589,0.895130,-0.901560,-0.792635,0.192182,96460.000000,450546.000000,0.018558
2020-03-12,3.440000,3.590000,3.250000,3.510000,89100,0.000000,0.000000,3.440000,3.590000,3.250000,3.510000,4.469000,5.135400,4.580100,5.455850,4.062728,4.526750,-0.464022,-0.364188,-0.099834,32.100980,4.469000,5.699882,3.238118,0.110442,0.533796,0.152079,-0.040984,-0.158273,-0.364130,-0.106870,-0.168246,-0.792676,0.886038,-0.905594,-0.801133,0.143322,98485.000000,312741.000000,0.057284
2020-03-13,3.730000,4.000000,3.270000,4.000000,105800,0.000000,0.000000,3.730000,4.000000,3.270000,4.000000,4.413000,5.129800,4.573800,5.428250,4.053078,4.487731,-0.434654,-0.378281,-0.056372,41.930979,4.413000,5.620871,3.205129,0.329038,0.547810,0.136953,0.139601,-0.009901,-0.252336,0.028278,-0.031477,-0.759760,1.042353,-0.892415,-0.773371,0.302932,100050.000000,423200.000000,0.118313
2020-03-16,3.700000,3.750000,3.520000,3.620000,118700,0.000000,0.000000,3.700000,3.750000,3.520000,3.620000,4.342000,5.114200,4.564600,5.397200,3.986450,4.423455,-0.437005,-0.390026,-0.046979,37.407980,4.342000,5.561570,3.122430,0.203994,0.542967,0.149991,-0.095000,-0.021622,-0.292969,-0.052356,-0.106173,-0.783493,1.076995,-0.902636,-0.794901,0.179153,103845.000000,429694.000000,0.155590
2020-03-17,3.620000,3.800000,3.200000,3.800000,130500,0.000000,0.000000,3.620000,3.800000,3.200000,3.800000,4.269500,5.101200,4.558200,5.366550,3.957766,4.377273,-0.419507,-0.395922,-0.023585,40.672513,4.269500,5.432897,3.106103,0.298220,0.547041,0.143958,0.049724,0.067416,-0.246032,0.041096,-0.075426,-0.784703,1.099474,-0.897795,-0.750164,0.237785,106695.000000,495900.000000,0.201384
2020-03-18,3.310000,3.800000,3.280000,3.310000,140100,0.000000,0.000000,3.310000,3.800000,3.280000,3.310000,4.174000,5.084600,4.543600,5.332900,3.858109,4.298216,-0.440106,-0.404759,-0.035347,35.278409,4.174000,5.322352,3.025648,0.123809,0.545109,0.164686,-0.128947,-0.095628,-0.369524,0.034375,-0.172500,-0.782380,1.153804,-0.910974,-0.758218,0.078176,109120.000000,463731.000000,0.241357
2020-03-19,3.290000,3.980000,3.140000,3.980000,60100,0.000000,0.000000,3.290000,3.980000,3.140000,3.980000,4.113000,5.080400,4.537400,5.303800,3.876862,4.274644,-0.397782,-0.403364,0.005581,45.852847,4.113000,5.156720,3.069280,0.436286,0.566173,0.142254,0.202417,0.133903,-0.237548,0.195195,-0.024510,-0.709277,1.386352,-0.892953,-0.650571,0.296417,108390.000000,239198.000000,0.384781
2020-03-20,3.970000,4.430000,3.640000,4.110000,339400,0.000000,0.000000,3.970000,4.430000,3.640000,4.110000,4.063500,5.081000,4.532000,5.276700,3.912729,4.262448,-0.349719,-0.392635,0.042916,47.640395,4.063500,4.998352,3.128648,0.524870,0.582160,0.141645,0.032663,0.027500,-0.209615,0.288401,0.027500,-0.631390,1.393915,-0.889457,-0.639157,0.338762,122720.000000,1394934.000000,0.509094
2020-03-23,4.160000,4.490000,3.750000,4.420000,169100,0.000000,0.000000,4.160000,4.490000,3.750000,4.420000,4.034500,5.086400,4.525100,5.255150,3.990771,4.274119,-0.283348,-0.370777,0.087429,51.732441,4.034500,4.878612,3.190388,0.728346,0.593435,0.134261,0.075426,0.220994,-0.133333,0.439739,0.102244,-0.601443,1.422226,-0.881119,-0.611940,0.439739,115845.000000,747422.000000,0.667769
2020-03-24,4.500000,4.700000,4.080000,4.280000,81200,0.000000,0.000000,4.500000,4.700000,4.080000,4.280000,4.005000,5.081400,4.521600,5.232950,4.035268,4.274555,-0.239287,-0.344479,0.105192,49.838106,4.005000,4.763017,3.246983,0.681394,0.595332,0.139096,-0.031674,0.126316,-0.144000,0.380645,0.059406,-0.605166,1.424606,-0.884884,-0.624232,0.394137,111445.000000,347536.000000,0.549509
2020-03-25,4.280000,4.650000,4.080000,4.190000,56300,0.000000,0.000000,4.280000,4.650000,4.080000,4.190000,3.974500,5.054200,4.516300,5.210100,4.059073,4.268291,-0.209219,-0.317427,0.108209,48.605904,3.974500,4.641448,3.307552,0.661557,0.593523,0.141652,-0.021028,0.265861,-0.139630,0.338658,0.050125,-0.614890,1.423727,-0.887305,-0.632133,0.364821,110490.000000,235897.000000,0.513196
2020-03-26,4.100000,4.870000,4.060000,4.870000,64000,0.000000,0.000000,4.100000,4.870000,4.060000,4.870000,4.010000,5.047000,4.521200,5.190750,4.183831,4.312862,-0.129032,-0.279748,0.150716,57.213439,4.010000,4.785303,3.234697,1.054622,0.608985,0.125048,0.162291,0.223618,0.014583,0.383523,0.226700,-0.549908,1.533856,-0.869016,-0.572432,0.586319,106745.000000,311680.000000,0.512569
2020-03-27,4.860000,5.100000,4.530000,4.650000,47200,0.000000,0.000000,4.860000,5.100000,4.530000,4.650000,4.036000,5.020800,4.520800,5.170800,4.255549,4.337835,-0.082286,-0.240256,0.157969,54.058932,4.036000,4.861499,3.210501,0.871896,0.606201,0.130366,-0.045175,0.131387,0.117788,-0.079208,0.230159,-0.573394,1.462413,-0.874933,-0.591747,0.514658,105075.000000,219480.000000,0.089263
2020-03-30,4.630000,4.990000,4.480000,4.930000,81400,0.000000,0.000000,4.630000,4.990000,4.480000,4.930000,4.074500,4.997400,4.520900,5.151850,4.359311,4.381700,-0.022389,-0.196682,0.174294,57.286799,4.074500,4.991141,3.157859,0.966649,0.599329,0.121568,0.060215,0.115385,0.193705,-0.002024,0.283854,-0.566784,1.471504,-0.867402,-0.567164,0.605863,104270.000000,401302.000000,0.134816
2020-03-31,4.960000,5.000000,4.620000,4.710000,85300,0.000000,0.000000,4.960000,5.000000,4.620000,4.710000,4.108000,4.963200,4.521400,5.132200,4.413263,4.406018,0.007245,-0.155897,0.163142,54.072123,4.108000,5.067311,3.148689,0.813767,0.583663,0.123920,-0.044625,0.100467,0.132212,0.032895,0.323034,-0.554820,1.484710,-0.873319,-0.586479,0.534202,105835.000000,401763.000000,0.172163
2020-04-01,4.710000,5.150000,4.350000,4.860000,158700,0.000000,0.000000,4.710000,5.150000,4.350000,4.860000,4.118500,4.926000,4.530200,5.113100,4.481992,4.439646,0.042345,-0.116248,0.158594,55.889632,4.118500,5.106944,3.130056,0.875084,0.599115,0.123275,0.031847,0.159905,0.202970,0.135514,0.376771,-0.538462,1.479610,-0.869285,-0.573310,0.583062,110160.000000,771282.000000,0.315174
2020-04-02,4.870000,5.190000,4.740000,5.190000,59600,0.000000,0.000000,4.870000,5.190000,4.740000,5.190000,4.169500,4.889400,4.544500,5.096100,4.590916,4.495228,0.095688,-0.073861,0.169549,59.670810,4.169500,5.268236,3.070764,0.964397,0.588464,0.113384,0.067901,0.065708,0.116129,0.179545,0.406504,-0.491176,1.408121,-0.860409,-0.544337,0.690554,110795.000000,309324.000000,0.356057
2020-04-03,5.190000,5.400000,4.450000,4.950000,232600,0.000000,0.000000,5.190000,5.400000,4.450000,4.950000,4.215000,4.845400,4.558100,5.077000,4.646160,4.528915,0.117245,-0.035640,0.152885,55.916676,4.215000,5.365313,3.064687,0.819478,0.614288,0.124099,-0.046243,0.064516,0.187050,0.112360,0.378830,-0.565408,1.364111,-0.866864,-0.548769,0.612378,119305.000000,1151370.000000,0.295015
2020-04-06,5.080000,5.620000,5.080000,5.600000,145300,0.000000,0.000000,5.080000,5.620000,5.080000,5.600000,4.310000,4.827000,4.577500,5.061650,4.792904,4.608255,0.184650,0.008418,0.176232,62.751714,4.310000,5.587975,3.032025,1.004705,0.618268,0.110405,0.131313,0.135903,0.386139,0.352657,0.534247,-0.487179,1.415107,-0.849381,-0.489517,0.824104,121570.000000,813680.000000,0.480335
2020-04-07,5.730000,5.910000,4.800000,4.920000,114600,0.000000,0.000000,5.730000,5.910000,4.800000,4.920000,4.378000,4.805600,4.592400,5.043600,4.812458,4.631347,0.181111,0.042957,0.138154,53.420196,4.378000,5.632459,3.123541,0.716029,0.653391,0.132803,-0.121429,0.044586,0.329730,0.174224,0.242424,-0.551504,1.454782,-0.867671,-0.523717,0.602606,120105.000000,563832.000000,0.304490
2020-04-08,5.270000,5.990000,5.150000,5.760000,285900,0.000000,0.000000,5.270000,5.990000,5.150000,5.760000,4.483000,4.810200,4.612800,5.030650,4.958233,4.714951,0.243283,0.083022,0.160261,61.113023,4.483000,5.832372,3.133628,0.973183,0.683149,0.118602,0.170732,0.185185,0.617978,0.411765,0.454545,-0.442401,1.532087,-0.845078,-0.440233,0.876221,128245.000000,1646784.000000,0.525503
2020-04-09,6.260000,6.570000,5.360000,5.500000,188000,0.000000,0.000000,6.260000,6.570000,5.360000,5.500000,4.582500,4.801200,4.631700,5.016250,5.041582,4.773103,0.268480,0.120113,0.148366,57.924223,4.582500,5.923228,3.241772,0.842165,0.720781,0.131051,-0.045139,0.059730,0.502732,0.325301,0.436031,-0.451645,1.552584,-0.852071,-0.465500,0.791531,133190.000000,1034000.000000,0.439373
2020-04-13,5.550000,6.270000,5.550000,6.080000,151700,0.000000,0.000000,5.550000,6.270000,5.550000,6.080000,4.686500,4.809200,4.656400,5.006850,5.201339,4.869910,0.331429,0.162376,0.169052,62.611023,4.686500,6.153703,3.219297,0.974883,0.724297,0.119128,0.105455,0.228283,0.732194,0.342163,0.523810,-0.402750,1.558224,-0.836471,-0.409135,0.980456,135485.000000,922336.000000,0.449632
2020-04-14,6.230000,6.500000,6.140000,6.230000,108300,0.000000,0.000000,6.230000,6.500000,6.140000,6.230000,4.817000,4.817600,4.684200,4.998400,5.359594,4.970657,0.388937,0.207689,0.181249,63.736061,4.817000,6.347712,3.286288,0.961550,0.702562,0.112771,0.024671,0.112500,0.557500,0.122523,0.538272,-0.388616,1.507296,-0.832437,-0.394558,1.029316,134965.000000,674709.000000,0.204277
2020-04-15,6.140000,7.380000,6.140000,6.490000,236700,0.000000,0.000000,6.140000,7.380000,6.140000,6.490000,4.951500,4.822200,4.714600,4.990850,5.533503,5.083201,0.450302,0.256211,0.194091,65.664617,4.951500,6.575819,3.327181,0.973583,0.740950,0.114168,0.041734,0.319106,0.792818,0.240918,0.630653,-0.343782,1.442604,-0.825444,-0.369291,1.114007,140275.000000,1536183.000000,0.333677
2020-04-16,6.490000,7.000000,6.490000,6.990000,113900,0.000000,0.000000,6.490000,7.000000,6.490000,6.990000,5.135500,4.831200,4.749000,4.986000,5.757579,5.224445,0.533134,0.311596,0.221538,69.071078,5.135500,6.809845,3.461155,1.053799,0.724454,0.103641,0.077042,0.213542,0.839474,0.172819,0.684337,-0.276398,1.449916,-0.811996,-0.320700,1.276873,138965.000000,796161.000000,0.251268
2020-04-17,7.100000,7.500000,7.020000,7.300000,182500,0.000000,0.000000,7.100000,7.500000,7.020000,7.300000,5.301500,4.852000,4.785600,4.983450,5.994875,5.378190,0.616685,0.372613,0.244071,70.992605,5.301500,7.143413,3.459587,1.042507,0.709135,0.097142,0.044349,0.327273,1.205438,0.196721,0.746411,-0.185268,1.324410,-0.803658,-0.290573,1.377850,145085.000000,1332250.000000,0.272278
2020-04-20,7.320000,7.490000,6.150000,6.180000,321600,0.000000,0.000000,7.320000,7.490000,6.150000,6.180000,5.405000,4.852000,4.810200,4.974650,6.023356,5.437584,0.585772,0.415245,0.170527,57.172534,5.405000,7.196965,3.613035,0.716243,0.754197,0.122038,-0.153425,0.016447,0.552764,-0.037383,0.301053,-0.314095,1.353180,-0.833782,-0.399417,1.013029,144195.000000,1987488.000000,0.050828
2020-04-21,6.180000,6.600000,6.170000,6.170000,154000,0.000000,0.000000,6.180000,6.600000,6.170000,6.170000,5.492500,4.854600,4.833400,4.964300,6.045916,5.491837,0.554080,0.443012,0.111068,57.065717,5.492500,7.252570,3.732430,0.692464,0.731040,0.118483,-0.001618,-0.009631,0.501217,-0.081845,0.332613,-0.271547,1.355819,-0.834051,-0.400389,1.009772,143440.000000,950180.000000,0.036349
2020-04-22,6.300000,6.570000,6.060000,6.180000,259600,0.000000,0.000000,6.300000,6.570000,6.060000,6.180000,5.587500,4.870400,4.855900,4.954050,6.066545,5.542812,0.523733,0.459156,0.064577,57.151929,5.587500,7.275649,3.899351,0.675488,0.715252,0.115737,0.001621,-0.047766,0.398190,-0.119658,0.361233,-0.246341,1.343901,-0.833782,-0.399417,1.013029,152360.000000,1604328.000000,-0.024985
2020-04-23,6.230000,6.500000,5.840000,5.930000,68200,0.000000,0.000000,6.230000,6.500000,5.840000,5.930000,5.674500,4.878600,4.874000,4.943750,6.045538,5.571492,0.474045,0.462134,0.011911,54.220678,5.674500,7.233832,4.115168,0.581926,0.711305,0.119950,-0.040453,-0.151645,0.385514,-0.170629,0.335586,-0.274174,1.348447,-0.840506,-0.423712,0.931596,152955.000000,404426.000000,-0.074088
2020-04-24,6.000000,6.100000,5.800000,6.000000,139100,0.000000,0.000000,6.000000,6.100000,5.800000,6.000000,5.731000,4.891600,4.890500,4.933750,6.038532,5.603234,0.435298,0.456767,-0.021469,54.917897,5.731000,7.248933,4.213067,0.588607,0.681926,0.113654,0.011804,-0.178082,0.431981,-0.079755,0.257862,-0.352052,1.340927,-0.838623,-0.416910,0.954397,156710.000000,834600.000000,-0.006711
2020-04-27,6.040000,6.200000,5.630000,5.800000,189700,0.000000,0.000000,6.040000,6.200000,5.630000,5.800000,5.788500,4.905200,4.906500,4.923050,6.001835,5.617809,0.384026,0.442219,-0.058193,52.459562,5.788500,7.218602,4.358398,0.504021,0.673931,0.116195,-0.033333,-0.061489,0.190965,-0.031720,0.260870,-0.338655,1.248550,-0.844002,-0.436346,0.889251,163835.000000,1100260.000000,0.013049
2020-04-28,5.930000,5.980000,5.250000,5.600000,166800,0.000000,0.000000,5.930000,5.980000,5.250000,5.600000,5.822000,4.916400,4.920300,4.911750,5.940014,5.616490,0.323524,0.418480,-0.094956,50.046940,5.822000,7.197785,4.446215,0.419319,0.677936,0.121060,-0.034483,-0.092382,0.204301,0.012658,0.204301,-0.389313,1.242993,-0.849381,-0.455782,0.824104,168105.000000,934080.000000,0.084068
2020-04-29,5.820000,5.920000,5.540000,5.640000,110300,0.000000,0.000000,5.820000,5.920000,5.540000,5.640000,5.868500,4.924200,4.934600,4.900700,5.893858,5.618231,0.275627,0.389909,-0.114282,50.536900,5.868500,7.145343,4.591657,0.410521,0.656655,0.116428,0.007143,-0.087379,0.144016,-0.052101,0.103718,-0.406940,1.230484,-0.848306,-0.451895,0.837134,169355.000000,622092.000000,-0.013239
2020-04-30,5.610000,5.640000,4.940000,4.980000,181700,0.000000,0.000000,5.610000,5.640000,4.940000,4.980000,5.874500,4.919400,4.943300,4.887950,5.753264,5.570955,0.182310,0.348389,-0.166080,43.036210,5.874500,7.132376,4.616624,0.144440,0.659751,0.132480,-0.117021,-0.160202,0.057325,-0.123239,0.075594,-0.485537,1.294344,-0.866057,-0.516035,0.622150,170505.000000,904866.000000,-0.079215
2020-05-01,4.880000,5.350000,4.830000,5.130000,465400,0.000000,0.000000,4.880000,5.350000,4.830000,5.130000,5.871500,4.918000,4.953900,4.875050,5.657378,5.538292,0.119086,0.302529,-0.183443,45.032975,5.871500,7.136515,4.606485,0.206921,0.649769,0.126661,0.030120,-0.145000,0.055556,-0.117040,0.086864,-0.420339,1.293921,-0.862023,-0.501458,0.671010,190795.000000,2387502.000000,-0.057375
2020-05-04,5.080000,5.460000,5.010000,5.180000,243100,0.000000,0.000000,5.080000,5.460000,5.010000,5.180000,5.883000,4.919600,4.966800,4.862300,5.583935,5.511751,0.072183,0.256460,-0.184276,45.716041,5.883000,7.116533,4.649467,0.215046,0.635500,0.122683,0.009747,-0.106897,-0.001927,-0.172524,0.182648,-0.448349,1.274257,-0.860678,-0.496599,0.687296,191320.000000,1259258.000000,-0.111846
2020-05-05,5.180000,6.580000,5.180000,6.470000,142700,0.000000,0.000000,5.180000,6.580000,5.180000,6.470000,5.926500,4.949000,4.992200,4.855900,5.720253,5.582733,0.137520,0.232672,-0.095152,59.648428,5.926500,7.179224,4.673776,0.716927,0.690107,0.106663,0.249035,0.155357,0.307071,-0.010703,0.379531,-0.323222,1.517804,-0.825982,-0.371234,1.107492,191190.000000,923269.000000,0.058884
2020-05-06,6.580000,6.580000,5.640000,5.810000,133800,0.000000,0.000000,6.580000,6.580000,5.640000,5.810000,5.971000,4.967800,5.011400,4.845950,5.734060,5.599567,0.134492,0.213036,-0.078543,52.258356,5.971000,7.133138,4.808862,0.430731,0.707956,0.121851,-0.102009,0.030142,0.037500,-0.071885,0.180894,-0.397303,1.511659,-0.843733,-0.435374,0.892508,192150.000000,777378.000000,-0.003075
2020-05-07,5.850000,6.410000,5.740000,6.380000,73600,0.000000,0.000000,5.850000,6.410000,5.740000,6.380000,6.002000,4.999400,5.037000,4.839600,5.833435,5.657377,0.176058,0.205640,-0.029582,57.191210,6.002000,7.173479,4.830521,0.661335,0.705245,0.110540,0.098107,0.281124,0.296748,0.032362,0.369099,-0.354251,1.469311,-0.828402,-0.379981,1.078176,181535.000000,469568.000000,0.094260
2020-05-08,6.410000,6.940000,6.280000,6.780000,127000,0.000000,0.000000,6.410000,6.940000,6.280000,6.780000,6.066000,5.051800,5.068300,4.836250,5.979061,5.740534,0.238526,0.212217,0.026309,60.291843,6.066000,7.261613,4.870387,0.798592,0.702013,0.103542,0.062696,0.321637,0.177083,0.122517,0.703518,-0.300310,1.370666,-0.817644,-0.341108,1.208469,178485.000000,861060.000000,0.164446
2020-05-11,6.900000,7.900000,6.900000,7.430000,543900,0.000000,0.000000,6.900000,7.900000,6.900000,7.430000,6.133500,5.117800,5.110600,4.836300,6.202282,5.865680,0.336602,0.237094,0.099508,64.758749,6.133500,7.475867,4.791133,0.982916,0.731870,0.098502,0.095870,0.434363,0.350909,0.378479,0.976064,-0.228453,1.384554,-0.800161,-0.277940,1.420195,198095.000000,4041177.000000,0.423767
2020-05-12,7.500000,7.810000,7.230000,7.320000,212500,0.000000,0.000000,7.500000,7.810000,7.230000,7.320000,6.188000,5.181000,5.150500,4.836100,6.374239,5.973407,0.400831,0.269842,0.130989,63.457753,6.188000,7.631557,4.744443,0.892087,0.721022,0.098500,-0.014805,0.131376,0.203947,0.326087,1.038997,-0.236705,1.351061,-0.803120,-0.288630,1.384365,203305.000000,1555500.000000,0.392110
2020-05-13,7.530000,8.900000,7.250000,7.790000,335700,0.000000,0.000000,7.530000,8.900000,7.250000,7.790000,6.253000,5.256000,5.196500,4.838100,6.592048,6.107970,0.484078,0.312689,0.171389,66.549930,6.253000,7.861466,4.644534,0.977784,0.787377,0.101075,0.064208,0.340792,0.250401,0.456075,1.128415,-0.199383,1.362542,-0.790479,-0.242954,1.537459,208255.000000,2615103.000000,0.544785
2020-05-14,7.810000,7.970000,7.410000,7.490000,157800,0.000000,0.000000,7.810000,7.970000,7.410000,7.490000,6.278000,5.312800,5.240700,4.838400,6.730195,6.210342,0.519852,0.354122,0.165730,62.891704,6.278000,7.949024,4.606976,0.862652,0.771136,0.102955,-0.038511,0.173981,0.154083,0.462891,1.183673,-0.241135,1.370377,-0.798548,-0.272109,1.439739,210450.000000,1181922.000000,0.541994
2020-05-15,7.500000,7.850000,7.210000,7.370000,136100,0.000000,0.000000,7.500000,7.850000,7.210000,7.370000,6.281500,5.376800,5.283400,4.838700,6.828626,6.296243,0.532383,0.389774,0.142609,61.436926,6.281500,7.961804,4.601196,0.823900,0.761769,0.103361,-0.016021,0.087021,0.054363,0.462302,0.981183,-0.257056,1.351043,-0.801775,-0.283771,1.400651,208130.000000,1003057.000000,0.535943
2020-05-18,7.580000,8.100000,7.440000,7.950000,128700,0.000000,0.000000,7.580000,8.100000,7.440000,7.950000,6.370000,5.455000,5.331600,4.844450,7.001145,6.418744,0.582402,0.428299,0.154102,65.581049,6.370000,8.206943,4.533057,0.930062,0.759500,0.095535,0.078697,0.069987,0.089041,0.514286,1.202216,-0.188776,1.368499,-0.786175,-0.227405,1.589577,198485.000000,1023165.000000,0.565444
2020-05-19,7.950000,8.340000,7.830000,7.870000,87900,0.000000,0.000000,7.950000,8.340000,7.830000,7.870000,6.455000,5.538400,5.375100,4.852050,7.134815,6.526244,0.608571,0.464354,0.144217,64.550643,6.455000,8.406717,4.503283,0.862501,0.741679,0.094241,-0.010063,0.075137,0.273463,0.507663,1.180055,-0.209839,1.240189,-0.788327,-0.235180,1.563518,195180.000000,691773.000000,0.572048
2020-05-20,7.890000,9.430000,7.870000,9.300000,268300,0.000000,0.000000,7.890000,9.430000,7.870000,9.300000,6.611000,5.653200,5.417600,4.869000,7.467921,6.731707,0.736213,0.518726,0.217487,72.782661,6.611000,8.933675,4.288325,1.078859,0.800130,0.086036,0.181703,0.193838,0.507293,0.788462,1.695652,-0.073705,1.366644,-0.749866,-0.096210,2.029316,195615.000000,2495190.000000,0.826939
2020-05-21,9.300000,9.320000,7.880000,8.000000,358800,0.000000,0.000000,9.300000,9.320000,7.880000,8.000000,6.714500,5.740000,5.448200,4.875200,7.549779,6.825655,0.724124,0.559805,0.164319,59.300784,6.714500,9.093208,4.335792,0.770210,0.845835,0.105729,-0.139785,0.068091,0.294498,0.568627,1.318841,-0.222546,1.477845,-0.784831,-0.203187,1.605863,210145.000000,2870400.000000,0.599088
2020-05-22,8.000000,8.530000,8.000000,8.440000,95200,0.000000,0.000000,8.000000,8.530000,8.000000,8.440000,6.836500,5.838600,5.487000,4.884050,7.686736,6.945236,0.741500,0.596144,0.145356,61.874896,6.836500,9.309336,4.363664,0.824223,0.823275,0.097544,0.055000,0.145183,0.423272,0.688000,1.377465,-0.122661,1.468607,-0.772996,-0.159363,1.749186,207950.000000,803488.000000,0.676797
2020-05-26,8.610000,9.370000,8.610000,8.870000,194900,0.000000,0.000000,8.610000,9.370000,8.610000,8.870000,6.990000,5.936000,5.532900,4.891850,7.868777,7.087811,0.780965,0.633108,0.147857,64.254287,6.990000,9.570714,4.409286,0.864240,0.830899,0.093675,0.050948,0.115723,0.478333,0.821355,1.436813,-0.064346,1.471821,-0.761431,-0.116534,1.889251,208210.000000,1728763.000000,0.779572
2020-05-27,9.040000,9.240000,8.900000,9.060000,106000,0.000000,0.000000,9.040000,9.240000,8.900000,9.060000,7.163000,6.044800,5.579500,4.901650,8.052042,7.233899,0.818142,0.670115,0.148027,65.285240,7.163000,9.814300,4.511700,0.857749,0.797977,0.088077,0.021421,0.151207,0.562069,0.887500,1.435484,0.000000,1.457698,-0.756321,-0.097610,1.951140,205170.000000,960360.000000,0.839444
2020-05-28,9.080000,10.550000,9.080000,9.480000,212400,0.000000,0.000000,9.080000,10.550000,9.080000,9.480000,7.355000,6.158400,5.629800,4.914350,8.271728,7.400277,0.871451,0.710382,0.161068,67.515577,7.355000,10.096544,4.613456,0.887555,0.847408,0.089389,0.046358,0.019355,0.692857,1.278846,1.462338,-0.004202,1.442723,-0.745024,-0.055777,2.087948,210275.000000,2013552.000000,1.185166
2020-05-29,9.490000,10.140000,9.210000,9.240000,356700,0.000000,0.000000,9.490000,10.140000,9.210000,9.240000,7.568000,6.277000,5.680800,4.927450,8.420693,7.536553,0.884140,0.745134,0.139006,64.947743,7.568000,10.192039,4.943961,0.818593,0.853307,0.092349,-0.025316,0.155000,0.638298,1.237288,1.351145,-0.060020,1.453314,-0.751479,-0.079681,2.009772,219025.000000,3295908.000000,1.129612
2020-06-01,9.380000,10.500000,9.050000,9.590000,334800,0.000000,0.000000,9.380000,10.500000,9.050000,9.590000,7.791000,6.389200,5.734800,4.944800,8.600586,7.688660,0.911926,0.778492,0.133434,66.923459,7.791000,10.298109,5.283891,0.858780,0.895928,0.093423,0.037879,0.136256,0.925703,1.305288,1.327670,-0.034240,1.354761,-0.742066,-0.044821,2.123779,212495.000000,3210732.000000,1.238279
2020-06-02,9.580000,10.150000,9.580000,10.130000,129600,0.000000,0.000000,9.580000,10.150000,9.580000,10.130000,8.038500,6.509600,5.795300,4.964000,8.835881,7.869500,0.966380,0.816070,0.150311,69.755892,8.038500,10.435211,5.641789,0.936327,0.872647,0.086145,0.056309,0.142052,0.974659,1.507426,1.328736,0.008964,1.356606,-0.727542,0.000000,2.299674,206820.000000,1312848.000000,1.400991
2020-06-03,10.020000,10.190000,9.580000,9.650000,256500,0.000000,0.000000,10.020000,10.190000,9.580000,9.650000,8.197500,6.614200,5.850300,4.982300,8.961130,8.001389,0.959741,0.844804,0.114937,64.470999,8.197500,10.577954,5.817046,0.805089,0.853887,0.088486,-0.047384,0.065121,0.862934,1.075269,1.297619,-0.015306,1.384817,-0.740452,-0.047384,2.143322,212510.000000,2475225.000000,1.001548
2020-06-04,9.540000,10.040000,9.280000,9.460000,205700,0.000000,0.000000,9.540000,10.040000,9.280000,9.460000,8.380000,6.717800,5.899600,5.001350,9.037879,8.109434,0.928445,0.861532,0.066913,62.453969,8.380000,10.539132,6.220868,0.750100,0.847181,0.089554,-0.019689,-0.002110,0.462133,1.268585,1.241706,-0.007345,1.151073,-0.745562,-0.066140,2.081433,216105.000000,1945922.000000,1.168201
2020-06-05,8.520000,8.950000,7.010000,7.560000,1195000,0.000000,0.000000,8.520000,8.950000,7.010000,7.560000,8.439000,6.785200,5.919700,5.011800,8.810513,8.068735,0.741778,0.837581,-0.095804,46.714655,8.439000,10.425617,6.452383,0.278770,0.961668,0.127205,-0.200846,-0.181818,0.301205,0.871287,0.795724,-0.134021,1.322093,-0.796665,-0.253702,1.462541,272175.000000,9034200.000000,0.726871
2020-06-08,7.360000,9.070000,7.300000,8.610000,518800,0.000000,0.000000,7.360000,9.070000,7.300000,8.610000,8.530500,6.860000,5.953500,5.026900,8.779665,8.108829,0.670836,0.804232,-0.133396,53.664290,8.530500,10.357554,6.703446,0.521756,1.019406,0.118398,0.138889,-0.102190,0.349530,1.327027,1.094891,-0.012615,1.360968,-0.768424,-0.150049,1.804560,291765.000000,4466868.000000,1.078738
2020-06-09,8.760000,9.220000,8.070000,8.190000,213400,0.000000,0.000000,8.760000,9.220000,8.070000,8.190000,8.568500,6.930800,5.975800,5.039550,8.688947,8.114842,0.574105,0.758207,-0.184101,50.809689,8.568500,10.329603,6.807397,0.392539,1.028734,0.125609,-0.048780,-0.191510,0.207965,1.300562,1.012285,-0.065068,1.369576,-0.779720,-0.191510,1.667752,275240.000000,1747746.000000,1.107674
2020-06-10,8.230000,8.330000,7.510000,7.690000,192800,0.000000,0.000000,8.230000,8.330000,7.510000,7.690000,8.587000,6.986000,5.991700,5.052150,8.535263,8.083372,0.451891,0.696944,-0.245053,47.565840,8.587000,10.299998,6.874002,0.238178,1.013824,0.131837,-0.061050,-0.203109,0.034993,1.101093,0.976864,-0.120137,1.357284,-0.793168,-0.240869,1.504886,274255.000000,1482632.000000,0.840996
2020-06-11,7.530000,8.050000,7.240000,7.300000,198000,0.000000,0.000000,7.530000,8.050000,7.240000,7.300000,8.562500,7.037800,6.000500,5.061050,8.345223,8.025344,0.319878,0.621531,-0.301652,45.144805,8.562500,10.336427,6.788573,0.144151,0.999265,0.136886,-0.050715,-0.228330,-0.002732,1.079772,0.857506,-0.155093,1.369597,-0.803658,-0.279368,1.377850,267370.000000,1445400.000000,0.761667
2020-06-12,7.530000,7.770000,7.410000,7.580000,190300,0.000000,0.000000,7.530000,7.770000,7.410000,7.580000,8.567000,7.092200,6.009100,5.076200,8.227496,7.992356,0.235140,0.544252,-0.309112,47.221814,8.567000,10.329894,6.804106,0.220063,0.961461,0.126842,0.038356,0.002646,-0.026958,0.895000,0.948586,-0.130734,1.358035,-0.796127,-0.251728,1.469055,268995.000000,1442474.000000,0.677355
2020-06-15,7.600000,8.330000,7.470000,8.160000,220300,0.000000,0.000000,7.600000,8.330000,7.470000,8.160000,8.606500,7.151600,6.020500,5.093550,8.217112,8.004774,0.212338,0.477870,-0.265532,51.332501,8.606500,10.290084,6.922916,0.367396,0.954214,0.116938,0.076517,-0.052265,0.089453,1.254144,1.136126,-0.055556,1.372903,-0.780527,-0.194472,1.657980,273205.000000,1797648.000000,0.845513
2020-06-16,8.440000,8.900000,8.020000,8.600000,114900,0.000000,0.000000,8.440000,8.900000,8.020000,8.600000,8.639000,7.224600,6.035000,5.113950,8.276018,8.048865,0.227153,0.427726,-0.200573,54.244005,8.639000,10.294077,6.983923,0.488218,0.948913,0.110339,0.053922,0.050061,0.166893,1.263158,1.356164,-0.009217,1.379020,-0.768693,-0.151037,1.801303,272515.000000,988140.000000,0.913987
2020-06-17,8.620000,8.860000,8.150000,8.310000,106900,0.000000,0.000000,8.620000,8.860000,8.150000,8.310000,8.661000,7.278800,6.052900,5.135200,8.281246,8.068208,0.213038,0.384789,-0.171751,52.034477,8.661000,10.284432,7.037568,0.391896,0.931847,0.112136,-0.033721,0.080624,0.045283,1.510574,1.596875,-0.032596,1.364461,-0.776493,-0.179664,1.706840,273465.000000,888339.000000,1.092726
2020-06-18,8.120000,9.170000,8.020000,9.080000,182400,0.000000,0.000000,8.120000,9.170000,8.020000,9.080000,8.650000,7.362000,6.083800,5.164150,8.404131,8.143156,0.260975,0.360026,-0.099051,57.038348,8.650000,10.258111,7.041889,0.633697,0.947430,0.104342,0.092659,0.243836,0.153748,1.281407,1.726727,0.035348,1.395543,-0.755783,-0.103653,1.957655,269170.000000,1656192.000000,0.890884
2020-06-19,9.210000,10.010000,9.070000,10.010000,305500,0.000000,0.000000,9.210000,10.010000,9.070000,10.010000,8.750500,7.447000,6.128600,5.197250,8.651188,8.281440,0.369747,0.361970,0.007777,62.171384,8.750500,10.436897,7.064103,0.873429,0.946899,0.094595,0.102423,0.320580,0.076344,1.435523,2.137931,0.154556,1.296585,-0.730769,-0.011846,2.260586,266505.000000,3058055.000000,0.989765
2020-06-22,10.210000,11.140000,10.000000,10.970000,280900,0.000000,0.000000,10.210000,11.140000,10.000000,10.970000,8.877000,7.556400,6.178800,5.232700,9.007928,8.480593,0.527335,0.395043,0.132292,66.606710,8.877000,10.824653,6.929347,1.037313,0.960692,0.087574,0.095904,0.344363,0.371250,1.481900,2.573290,0.286049,1.215293,-0.704949,0.000000,2.573290,275790.000000,3081473.000000,1.016084
2020-06-23,11.390000,11.690000,10.700000,11.020000,325700,0.000000,0.000000,11.390000,11.690000,10.700000,11.020000,8.984500,7.655200,6.232200,5.268000,9.317478,8.668697,0.648780,0.445791,0.202990,66.824883,8.984500,11.155102,6.813898,0.968879,0.962785,0.087367,0.004558,0.281395,0.305687,1.574766,2.554839,0.319760,1.208512,-0.703604,0.000000,2.589577,282330.000000,3589214.000000,1.208959
2020-06-24,10.840000,11.420000,10.720000,11.000000,301400,0.000000,0.000000,10.840000,11.420000,10.720000,11.000000,9.081500,7.750600,6.284100,5.303700,9.576327,8.841386,0.734941,0.503621,0.231320,66.637339,9.081500,11.432225,6.730775,0.908066,0.944015,0.085820,-0.001815,0.323706,0.240135,1.625298,2.514377,0.312649,1.202903,-0.704142,-0.001815,2.583062,292100.000000,3315400.000000,1.283374
2020-06-25,11.020000,12.100000,10.920000,11.440000,294500,0.000000,0.000000,11.020000,12.100000,10.920000,11.440000,9.179500,7.849600,6.335900,5.340150,9.863046,9.033876,0.829170,0.568731,0.260439,68.717400,9.179500,11.753037,6.605963,0.939182,0.960871,0.083992,0.040000,0.259912,0.262693,1.349076,2.250000,0.437186,1.206232,-0.692308,0.000000,2.726384,296205.000000,3369080.000000,1.064440
2020-06-26,11.430000,11.430000,10.570000,10.900000,1115900,0.000000,0.000000,11.430000,11.430000,10.570000,10.900000,9.262500,7.927800,6.379500,5.373550,10.022578,9.172108,0.850470,0.625078,0.225391,63.485986,9.262500,11.948854,6.576146,0.804781,0.954380,0.087558,-0.047203,0.088911,0.149789,1.344086,1.158416,0.376263,1.218113,-0.706832,-0.047203,2.550489,334165.000000,12163310.000000,1.043536
2020-06-29,11.050000,11.830000,10.490000,10.670000,228200,0.000000,0.000000,11.050000,11.830000,10.490000,10.670000,9.316500,7.995200,6.423600,5.406250,10.122181,9.283063,0.839118,0.667886,0.171232,61.343874,9.316500,12.073075,6.559925,0.745504,0.981925,0.092027,-0.021101,-0.027347,0.154762,1.164300,1.159919,0.333750,1.216679,-0.713018,-0.067308,2.475570,328835.000000,2434894.000000,0.894174
2020-06-30,8.390000,8.970000,8.120000,8.420000,1914000,0.000000,0.000000,8.390000,8.970000,8.120000,8.420000,9.231000,8.040000,6.446000,5.428100,9.860307,9.219132,0.641175,0.662544,-0.021369,45.256511,9.231000,11.987412,6.474588,0.352888,1.093930,0.129920,-0.210872,-0.235935,-0.122002,0.787686,0.846491,0.057789,1.430598,-0.773534,-0.263986,1.742671,418055.000000,16115880.000000,0.481369
2020-07-01,8.450000,8.580000,7.770000,8.280000,1422100,0.000000,0.000000,8.450000,8.580000,7.770000,8.280000,9.162500,8.082200,6.468400,5.448950,9.617183,9.149567,0.467616,0.623559,-0.155942,44.474956,9.162500,11.943056,6.381944,0.341309,1.073649,0.129668,-0.016627,-0.247273,-0.182626,0.703704,0.934579,0.060179,1.415321,-0.777300,-0.276224,1.697068,476335.000000,11774988.000000,0.324107
2020-07-02,8.490000,8.750000,7.710000,7.790000,1061700,0.000000,0.000000,8.490000,8.750000,7.710000,7.790000,9.079000,8.114400,6.492400,5.467900,9.336078,9.048858,0.287220,0.556291,-0.269071,41.756895,9.079000,11.921548,6.236452,0.273267,1.071246,0.137515,-0.059179,-0.319056,-0.192746,0.500963,0.770455,-0.018892,1.420294,-0.790479,-0.319056,1.537459,519135.000000,8270643.000000,0.137639
2020-07-06,8.320000,8.390000,7.580000,7.880000,857700,0.000000,0.000000,8.320000,8.390000,7.580000,7.880000,9.095000,8.153400,6.516000,5.486900,9.112066,8.962276,0.149790,0.474991,-0.325201,42.452561,9.095000,11.904963,6.285037,0.283805,1.052585,0.133577,0.011553,-0.277064,-0.167019,0.591919,0.770787,-0.043689,1.420655,-0.788058,-0.311189,1.566775,502270.000000,6758676.000000,0.176819
2020-07-07,7.880000,8.020000,7.650000,7.870000,553800,0.000000,0.000000,7.880000,8.020000,7.650000,7.870000,9.058000,8.190800,6.541200,5.506250,8.920979,8.881367,0.039612,0.387915,-0.348303,42.391974,9.058000,11.913964,6.202036,0.292014,1.003829,0.127551,-0.001269,-0.262418,0.041005,0.405357,0.900966,-0.043742,1.228565,-0.788327,-0.312063,1.563518,504020.000000,4358406.000000,0.098195
2020-07-08,8.020000,8.020000,7.130000,7.550000,804700,0.000000,0.000000,8.020000,8.020000,7.130000,7.550000,9.026000,8.225800,6.565500,5.523950,8.710059,8.782747,-0.072688,0.295794,-0.368482,40.404757,9.026000,11.936731,6.115269,0.246455,0.995699,0.131881,-0.040661,-0.103325,-0.123113,0.534553,0.801909,-0.055069,1.135728,-0.796934,-0.340035,1.459283,533585.000000,6075485.000000,0.204243
2020-07-09,7.600000,7.940000,7.240000,7.440000,676500,0.000000,0.000000,7.600000,7.940000,7.240000,7.440000,9.013500,8.262600,6.589500,5.540950,8.514665,8.683284,-0.168619,0.202912,-0.371531,39.715550,9.013500,11.950418,6.076582,0.232117,0.974577,0.130992,-0.014570,-0.101449,-0.091575,0.291667,0.823529,-0.070000,1.124738,-0.799892,-0.349650,1.423453,557770.000000,5033160.000000,-0.011989
2020-07-10,7.410000,7.650000,7.250000,7.440000,194100,0.000000,0.000000,7.410000,7.650000,7.250000,7.440000,9.020500,8.298600,6.611400,5.558200,8.349332,8.591189,-0.241857,0.113958,-0.355815,39.715550,9.020500,11.940842,6.100158,0.229398,0.933536,0.125475,0.000000,-0.044929,-0.032510,0.352727,0.792771,-0.062972,1.104074,-0.799892,-0.349650,1.423453,557575.000000,1444104.000000,0.050546
2020-07-13,7.490000,7.610000,6.880000,6.940000,430100,0.000000,0.000000,7.490000,7.610000,6.880000,6.940000,8.988500,8.337800,6.628600,5.573050,8.132512,8.468879,-0.336367,0.023893,-0.360260,36.438906,8.988500,11.988249,5.988751,0.158555,0.918998,0.132420,-0.067204,-0.119289,-0.049315,0.141447,0.532009,-0.117048,1.115201,-0.813341,-0.393357,1.260586,569565.000000,2984894.000000,-0.126901
2020-07-14,6.920000,7.090000,6.450000,6.700000,640300,0.000000,0.000000,6.920000,7.090000,6.450000,6.700000,8.915500,8.369200,6.643600,5.587650,7.912125,8.337851,-0.425725,-0.066031,-0.359695,34.948439,8.915500,12.067345,5.763655,0.148539,0.899069,0.134189,-0.034582,-0.148666,-0.116095,0.075441,0.207207,-0.146497,1.112277,-0.819796,-0.414336,1.182410,590565.000000,4290010.000000,-0.156228
2020-07-15,6.830000,6.930000,6.500000,6.600000,449400,0.000000,0.000000,6.830000,6.930000,6.500000,6.600000,8.815500,8.397600,6.658600,5.601450,7.710260,8.209121,-0.498861,-0.152597,-0.346264,34.318556,8.815500,12.132096,5.498904,0.165998,0.865564,0.131146,-0.014925,-0.125828,-0.191176,0.016949,0.261950,-0.123506,1.073945,-0.822485,-0.423077,1.149837,607290.000000,2966040.000000,-0.240082
2020-07-16,6.510000,6.730000,6.100000,6.600000,449600,0.000000,0.000000,6.510000,6.730000,6.100000,6.600000,8.730000,8.400200,6.674600,5.616650,7.539451,8.089927,-0.550476,-0.232173,-0.318304,34.318556,8.730000,12.186673,5.273327,0.191900,0.848738,0.128597,0.000000,-0.112903,-0.232558,-0.055794,0.107383,-0.143969,1.050929,-0.822485,-0.423077,1.149837,624425.000000,2967360.000000,-0.283336
2020-07-17,6.630000,7.430000,6.620000,6.970000,547700,0.000000,0.000000,6.630000,7.430000,6.620000,6.970000,8.624500,8.423400,6.695600,5.633850,7.451843,8.006969,-0.555126,-0.296763,-0.258363,39.033677,8.624500,12.164000,5.085000,0.266281,0.847400,0.121578,0.056061,-0.063172,-0.161252,-0.045205,0.142623,-0.098318,1.071553,-0.812534,-0.390734,1.270358,642690.000000,3817469.000000,-0.259428
2020-07-20,6.980000,7.300000,6.800000,6.940000,359200,0.000000,0.000000,6.980000,7.300000,6.800000,6.940000,8.471000,8.434600,6.717000,5.650100,7.373098,7.927935,-0.554837,-0.348378,-0.206459,38.790524,8.471000,12.023760,4.918240,0.284534,0.822586,0.118528,-0.004304,0.000000,-0.235683,0.122977,0.080997,-0.104516,1.009890,-0.813341,-0.393357,1.260586,645375.000000,2492848.000000,-0.134753
2020-07-21,7.000000,7.030000,6.660000,6.760000,326300,0.000000,0.000000,7.000000,7.030000,6.660000,6.760000,8.260500,8.434200,6.743000,5.665950,7.278775,7.841421,-0.562646,-0.391232,-0.171414,37.289582,8.260500,11.686447,4.834553,0.281009,0.790258,0.116902,-0.025937,0.008955,-0.324675,0.095624,0.005952,-0.133333,0.922938,-0.818182,-0.409091,1.201954,647645.000000,2205788.000000,-0.196892
2020-07-22,6.780000,6.990000,6.680000,6.800000,232700,0.000000,0.000000,6.780000,6.990000,6.680000,6.800000,8.049500,8.421600,6.769700,5.681700,7.205117,7.764279,-0.559161,-0.424818,-0.134344,37.864951,8.049500,11.273721,4.825279,0.306232,0.755954,0.111170,0.005917,0.030303,-0.380128,0.100324,-0.031339,-0.111111,0.832753,-0.817106,-0.405594,1.214984,642995.000000,1582360.000000,-0.159906
2020-07-23,6.600000,6.700000,6.000000,6.060000,817200,0.000000,0.000000,6.600000,6.700000,6.000000,6.060000,7.802500,8.396400,6.788700,5.692200,7.028945,7.638036,-0.609090,-0.461672,-0.147418,32.013120,7.802500,10.825624,4.779376,0.211805,0.759100,0.125264,-0.108824,-0.081818,-0.450091,0.021922,-0.152448,-0.186577,0.880091,-0.837009,-0.470280,0.973941,668785.000000,4952232.000000,-0.209593
2020-07-24,6.000000,6.090000,5.510000,5.540000,453500,0.000000,0.000000,6.000000,6.090000,5.510000,5.540000,7.507500,8.351400,6.803700,5.700100,6.799877,7.482626,-0.682749,-0.505887,-0.176861,28.661121,7.507500,10.165500,4.849500,0.129891,0.746307,0.134712,-0.085809,-0.205165,-0.496364,-0.076667,-0.150307,-0.253369,0.898369,-0.850995,-0.515734,0.804560,676735.000000,2512390.000000,-0.276870
2020-07-27,5.560000,5.830000,5.310000,5.380000,417400,0.000000,0.000000,5.560000,5.830000,5.310000,5.380000,7.231500,8.309200,6.811000,5.707850,6.581434,7.326876,-0.745441,-0.553798,-0.191643,27.700045,7.231500,9.528054,4.934946,0.096896,0.730142,0.135714,-0.028881,-0.224784,-0.529720,-0.072414,-0.101836,-0.269022,0.861224,-0.855299,-0.529720,0.752443,641810.000000,2245612.000000,-0.279295
2020-07-28,5.340000,5.610000,5.320000,5.440000,207800,0.000000,0.000000,5.340000,5.610000,5.320000,5.440000,6.970000,8.270600,6.823700,5.715100,6.405829,7.187107,-0.781278,-0.599294,-0.181984,28.666044,6.970000,8.751236,5.188764,0.070523,0.698704,0.128438,0.011152,-0.195266,-0.500917,-0.028571,-0.016275,-0.263870,0.873364,-0.853685,-0.524476,0.771987,640790.000000,1130432.000000,-0.237030
2020-07-29,5.530000,5.650000,5.300000,5.340000,407500,0.000000,0.000000,5.530000,5.650000,5.300000,5.340000,6.816000,8.218400,6.836700,5.721550,6.241855,7.050284,-0.808429,-0.641121,-0.167308,27.994696,6.816000,8.601962,5.030038,0.086777,0.673796,0.126179,-0.018382,-0.214706,-0.499531,-0.053191,-0.102521,-0.281292,0.873801,-0.856374,-0.533217,0.739414,565465.000000,2176050.000000,-0.235837
2020-07-30,5.360000,5.410000,5.180000,5.360000,191500,0.000000,0.000000,5.360000,5.410000,5.180000,5.360000,6.670000,8.168200,6.853300,5.728450,6.106185,6.925078,-0.818893,-0.676675,-0.142217,28.356084,6.670000,8.429258,4.910742,0.127684,0.642097,0.119794,0.003745,-0.115512,-0.363420,0.076305,-0.056338,-0.266758,0.585238,-0.855836,-0.531469,0.745928,503935.000000,1026440.000000,-0.114735
2020-07-31,5.360000,5.640000,5.310000,5.530000,169500,0.000000,0.000000,5.360000,5.640000,5.310000,5.530000,6.557000,8.092800,6.873000,5.735350,6.017541,6.821739,-0.804198,-0.702180,-0.102018,31.502998,6.557000,8.303637,4.810363,0.206006,0.619804,0.112080,0.031716,-0.001805,-0.332126,0.077973,-0.048193,-0.186765,0.612695,-0.851264,-0.516608,0.801303,459325.000000,937335.000000,-0.170758
2020-08-03,5.540000,5.850000,5.420000,5.820000,179700,0.000000,0.000000,5.540000,5.850000,5.420000,5.820000,6.454000,8.049200,6.894600,5.743550,5.987150,6.747536,-0.760386,-0.713821,-0.046565,36.617558,6.454000,8.112895,4.795105,0.308909,0.606246,0.104166,0.052441,0.081784,-0.252888,0.123552,-0.070288,-0.083465,0.640258,-0.843464,-0.491259,0.895765,425425.000000,1045854.000000,-0.128102
2020-08-04,5.890000,5.910000,5.580000,5.690000,163100,0.000000,0.000000,5.890000,5.910000,5.580000,5.690000,6.345000,7.994200,6.916400,5.748250,5.941435,6.669200,-0.727765,-0.716610,-0.011155,35.343536,6.345000,7.895056,4.794944,0.288717,0.586515,0.103078,-0.022337,0.045956,-0.277919,-0.120556,-0.129969,-0.037225,0.634628,-0.846961,-0.502622,0.853420,405890.000000,928039.000000,-0.362584
2020-08-05,5.810000,6.010000,5.730000,5.990000,134300,0.000000,0.000000,5.810000,6.010000,5.730000,5.990000,6.267000,7.936600,6.936300,5.755050,5.948907,6.618889,-0.669982,-0.707284,0.037302,40.489247,6.267000,7.715413,4.818587,0.404378,0.567478,0.094738,0.052724,0.121723,-0.238882,0.030981,-0.043131,-0.113905,0.675187,-0.838892,-0.476399,0.951140,372370.000000,804457.000000,-0.211160
2020-08-06,5.910000,6.100000,5.800000,6.080000,128500,0.000000,0.000000,5.910000,6.100000,5.800000,6.080000,6.199000,7.877000,6.960900,5.762750,5.969075,6.578971,-0.609897,-0.687807,0.077910,41.981043,6.199000,7.539195,4.858805,0.455603,0.548372,0.090193,0.015025,0.134328,-0.194702,-0.047022,-0.016181,-0.088456,0.672988,-0.836471,-0.468531,0.980456,344970.000000,781280.000000,-0.284048
2020-08-07,6.060000,6.480000,6.010000,6.220000,261100,0.000000,0.000000,6.060000,6.480000,6.010000,6.220000,6.138000,7.811800,6.985100,5.771650,6.007679,6.552381,-0.544702,-0.659186,0.114484,44.319282,6.138000,7.344781,4.931219,0.533975,0.542774,0.087263,0.023026,0.124774,-0.163978,-0.082596,0.029801,-0.149111,0.681878,-0.832706,-0.456294,1.026059,348320.000000,1624042.000000,-0.289765
2020-08-10,6.220000,6.240000,5.580000,5.910000,216100,0.000000,0.000000,6.220000,6.240000,5.580000,5.910000,6.086500,7.745200,7.011100,5.777350,5.992651,6.504797,-0.512146,-0.629778,0.117632,40.433498,6.086500,7.235711,4.937289,0.423208,0.551148,0.093257,-0.049839,0.015464,-0.205645,-0.204576,0.096475,-0.167606,0.696587,-0.841044,-0.483392,0.925081,337620.000000,1277151.000000,-0.397783
2020-08-11,5.920000,5.940000,5.350000,5.390000,245300,0.000000,0.000000,5.920000,5.940000,5.350000,5.390000,6.021000,7.661200,7.025200,5.781300,5.899936,6.422219,-0.522284,-0.608279,0.085995,34.905080,6.021000,7.172309,4.869691,0.225964,0.553923,0.102769,-0.087986,-0.052724,-0.223343,-0.263661,-0.023551,-0.223343,0.721384,-0.855030,-0.528846,0.755700,317870.000000,1322167.000000,-0.461413
2020-08-12,5.350000,5.860000,5.330000,5.600000,235300,0.000000,0.000000,5.350000,5.860000,5.330000,5.600000,5.971000,7.570600,7.040100,5.786050,5.853792,6.361314,-0.507523,-0.588128,0.080605,38.558678,5.971000,7.103132,4.838868,0.336150,0.552214,0.098610,0.038961,-0.065109,-0.164179,-0.281130,0.046729,-0.154079,0.735870,-0.849381,-0.510490,0.824104,307165.000000,1317680.000000,-0.523602
2020-08-13,5.620000,5.900000,5.610000,5.830000,148700,0.000000,0.000000,5.620000,5.900000,5.610000,5.830000,5.932500,7.494200,7.054200,5.789650,5.850131,6.321958,-0.471826,-0.564867,0.093041,42.373622,5.932500,7.026289,4.838711,0.453145,0.534199,0.091629,0.041071,-0.041118,-0.116667,-0.221629,0.138672,-0.047386,0.754045,-0.843195,-0.490385,0.899023,292120.000000,866921.000000,-0.456294
2020-08-14,5.830000,5.830000,5.610000,5.690000,170900,0.000000,0.000000,5.830000,5.830000,5.610000,5.690000,5.868500,7.418800,7.068300,5.794950,5.825496,6.275146,-0.449650,-0.541824,0.092174,40.716396,5.868500,6.850791,4.886209,0.409141,0.511756,0.089940,-0.024014,-0.085209,-0.137879,-0.227951,0.128968,-0.095390,0.756709,-0.846961,-0.502622,0.853420,273280.000000,972421.000000,-0.450340
2020-08-17,5.760000,6.100000,5.750000,5.770000,244000,0.000000,0.000000,5.760000,6.100000,5.750000,5.770000,5.810000,7.383000,7.084100,5.800200,5.816958,6.237728,-0.420770,-0.517613,0.096843,42.109677,5.810000,6.653102,4.966898,0.476278,0.504488,0.087433,0.014060,-0.023689,-0.172166,-0.274214,0.099048,-0.036728,0.726752,-0.844809,-0.495629,0.879479,267520.000000,1407880.000000,-0.479404
2020-08-18,5.870000,5.930000,5.740000,5.780000,213800,0.000000,0.000000,5.870000,5.930000,5.740000,5.780000,5.761000,7.326400,7.093200,5.807200,5.811272,6.203822,-0.392550,-0.492601,0.100051,42.292249,5.761000,6.475773,5.046227,0.513291,0.482024,0.083395,0.001733,0.072356,-0.167147,-0.265565,0.107280,0.023009,0.727432,-0.844540,-0.494755,0.882736,261895.000000,1235764.000000,-0.486112
2020-08-19,5.790000,5.810000,5.470000,5.610000,211100,0.000000,0.000000,5.790000,5.810000,5.470000,5.610000,5.701500,7.274800,7.102800,5.811800,5.780307,6.159835,-0.379528,-0.469986,0.090458,39.983676,5.701500,6.224498,5.178502,0.412524,0.471880,0.084114,-0.029412,0.001786,-0.170118,-0.396774,0.078846,0.025594,0.728632,-0.849112,-0.509615,0.827362,260815.000000,1184271.000000,-0.585631
2020-08-20,5.720000,6.030000,5.480000,5.970000,236900,0.000000,0.000000,5.720000,6.030000,5.480000,5.970000,5.697000,7.240400,7.113200,5.817050,5.809491,6.145773,-0.336283,-0.443245,0.106963,46.627778,5.697000,6.208431,5.185569,0.766898,0.477460,0.079976,0.064171,0.024014,-0.122059,-0.253750,0.170588,0.067979,0.769267,-0.839430,-0.478147,0.944625,231800.000000,1414293.000000,-0.467008
2020-08-21,5.930000,6.140000,5.570000,5.660000,217000,0.000000,0.000000,5.930000,6.140000,5.570000,5.660000,5.703000,7.207600,7.122700,5.822050,5.786492,6.109790,-0.323298,-0.419256,0.095958,42.286546,5.703000,6.209468,5.196532,0.457549,0.484070,0.085525,-0.051926,-0.005272,-0.066007,-0.329384,0.132000,0.000000,0.694118,-0.847768,-0.505245,0.843648,219975.000000,1228220.000000,-0.542499
2020-08-24,5.680000,5.680000,4.960000,4.980000,483900,0.000000,0.000000,5.680000,5.680000,4.960000,4.980000,5.683000,7.155600,7.123900,5.827050,5.662416,6.026102,-0.363686,-0.408142,0.044456,34.662867,5.683000,6.268585,5.097415,-0.100255,0.500922,0.100587,-0.120141,-0.136915,-0.101083,-0.438557,0.022587,-0.036750,0.753775,-0.866057,-0.564685,0.622150,223300.000000,2409822.000000,-0.656914
2020-08-25,4.990000,5.230000,4.910000,5.140000,204600,0.000000,0.000000,4.990000,5.230000,4.910000,5.140000,5.668000,7.095200,7.123400,5.833950,5.582045,5.960465,-0.378420,-0.402197,0.023777,37.517288,5.668000,6.293783,5.042217,0.078128,0.487999,0.094941,0.032129,-0.110727,-0.044610,-0.432671,0.070833,-0.068841,0.757973,-0.861754,-0.550699,0.674267,223140.000000,1051644.000000,-0.650906
2020-08-26,5.130000,5.300000,5.000000,5.290000,193300,0.000000,0.000000,5.130000,5.300000,5.000000,5.290000,5.665500,7.029000,7.126800,5.842450,5.537115,5.910801,-0.373686,-0.396495,0.022809,40.156830,5.665500,6.297172,5.033828,0.202773,0.474570,0.089711,0.029183,-0.057041,-0.027574,-0.441983,0.271635,0.162637,0.764179,-0.857719,-0.537587,0.723127,212430.000000,1022557.000000,-0.687054
2020-08-27,5.330000,5.330000,4.810000,4.960000,190700,0.000000,0.000000,5.330000,5.330000,4.810000,4.960000,5.645500,6.962000,7.120400,5.848950,5.448328,5.840371,-0.392043,-0.395605,0.003562,36.503334,5.645500,6.340095,4.950905,0.006547,0.477815,0.096334,-0.062382,-0.169179,-0.071161,-0.463203,0.200969,0.057569,0.792066,-0.866595,-0.566434,0.615635,212390.000000,945872.000000,-0.688230
2020-08-28,5.040000,5.130000,4.870000,5.060000,167500,0.000000,0.000000,5.040000,5.130000,4.870000,5.060000,5.622000,6.881600,7.121800,5.857100,5.388585,5.782566,-0.393981,-0.395280,0.001299,38.334232,5.622000,6.363282,4.880718,0.120927,0.462257,0.091355,0.020161,-0.106007,-0.055970,-0.472367,0.216346,0.119469,0.795675,-0.863905,-0.557692,0.648208,212290.000000,847550.000000,-0.696778
2020-08-31,5.130000,5.250000,4.980000,5.120000,204500,0.000000,0.000000,5.130000,5.250000,4.980000,5.120000,5.587000,6.783800,7.115400,5.864100,5.347264,5.733487,-0.386223,-0.393468,0.007246,39.462146,5.587000,6.354555,4.819445,0.195787,0.448524,0.087602,0.011858,0.028112,-0.074141,-0.494571,0.267327,0.261084,0.788166,-0.862292,-0.552448,0.667752,213530.000000,1047040.000000,-0.720111
2020-09-01,5.100000,5.110000,4.680000,4.780000,214600,0.000000,0.000000,5.100000,5.110000,4.680000,4.780000,5.541500,6.660000,7.108200,5.869950,5.259993,5.662858,-0.402865,-0.395348,-0.007517,35.499654,5.541500,6.387252,4.695748,0.049809,0.447916,0.093706,-0.066406,-0.070039,-0.178694,-0.504663,0.027957,0.452888,0.791390,-0.871436,-0.582168,0.557003,216105.000000,1025788.000000,-0.737729
2020-09-02,4.820000,4.820000,4.400000,4.460000,236700,0.000000,0.000000,4.820000,4.820000,4.400000,4.460000,5.465000,6.528800,7.092000,5.874200,5.136917,5.573758,-0.436841,-0.403646,-0.033194,32.220405,5.465000,6.410805,4.519195,-0.031293,0.445922,0.099982,-0.066946,-0.156900,-0.216169,-0.528541,0.069544,0.315634,0.816192,-0.880043,-0.610140,0.452769,221225.000000,1055682.000000,-0.782356
2020-09-03,4.480000,4.570000,4.340000,4.390000,199400,0.000000,0.000000,4.480000,4.570000,4.340000,4.390000,5.380500,6.396600,7.073600,5.878900,5.022007,5.486072,-0.464065,-0.415730,-0.048335,31.534183,5.380500,6.394476,4.366524,0.011576,0.430499,0.098063,-0.015695,-0.114919,-0.267112,-0.419312,0.086634,0.131443,0.783448,-0.881926,-0.616259,0.429967,224770.000000,875366.000000,-0.586829
2020-09-04,4.390000,4.440000,4.160000,4.340000,238100,0.000000,0.000000,4.390000,4.440000,4.160000,4.340000,5.286500,6.254600,7.052100,5.883350,4.917083,5.401178,-0.484095,-0.429403,-0.054692,31.025890,5.286500,6.321148,4.251852,0.042598,0.419749,0.096716,-0.011390,-0.142292,-0.286184,-0.495935,0.172973,0.095960,0.776647,-0.883271,-0.620629,0.413681,223620.000000,1033354.000000,-0.635826
2020-09-08,4.340000,4.580000,4.210000,4.450000,147000,0.000000,0.000000,4.340000,4.580000,4.210000,4.450000,5.213500,6.125600,7.026700,5.887850,4.845224,5.330720,-0.485496,-0.440622,-0.044875,33.563062,5.213500,6.268738,4.158262,0.138233,0.416195,0.093527,0.025346,-0.130859,-0.284566,-0.456654,0.250000,0.152850,0.778108,-0.880312,-0.611014,0.449511,220165.000000,654150.000000,-0.546464
2020-09-09,4.480000,4.970000,4.480000,4.770000,223300,0.000000,0.000000,4.480000,4.970000,4.480000,4.770000,5.182500,6.007600,7.001400,5.893500,4.833651,5.289185,-0.455534,-0.443604,-0.011930,40.428160,5.182500,6.252234,4.112766,0.307195,0.423610,0.088807,0.071910,-0.002092,-0.192893,-0.379714,0.303279,0.149398,0.821789,-0.871705,-0.583042,0.553746,219065.000000,1065141.000000,-0.491607
2020-09-10,4.770000,5.140000,4.770000,5.040000,258900,0.000000,0.000000,4.770000,5.140000,4.770000,5.040000,5.154500,5.940000,6.990000,5.900100,4.865397,5.270727,-0.405330,-0.435949,0.030619,45.541464,5.154500,6.207405,4.101595,0.445627,0.419781,0.083290,0.056604,0.130045,-0.064935,-0.309589,0.435897,0.194313,0.798650,-0.864443,-0.559441,0.641694,220245.000000,1304856.000000,-0.459900
2020-09-11,5.040000,5.170000,4.730000,4.880000,190300,0.000000,0.000000,5.040000,5.170000,4.730000,4.880000,5.107000,5.872000,6.977100,5.905250,4.867644,5.241784,-0.374141,-0.423588,0.049447,43.176374,5.107000,6.116410,4.097590,0.387558,0.421225,0.086317,-0.031746,0.111617,-0.128571,-0.356201,0.220000,0.181598,0.790522,-0.868747,-0.573427,0.589577,222325.000000,928664.000000,-0.488098
2020-09-14,4.980000,5.280000,4.970000,5.220000,244200,0.000000,0.000000,4.980000,5.280000,4.970000,5.220000,5.083500,5.820600,6.967500,5.911700,4.921852,5.240171,-0.318318,-0.402534,0.084215,49.212287,5.083500,6.057007,4.109993,0.570107,0.419709,0.080404,0.069672,0.202765,-0.104631,-0.360294,0.441989,0.288889,0.817423,-0.859602,-0.543706,0.700326,225990.000000,1274724.000000,-0.497106
2020-09-15,5.300000,5.520000,5.180000,5.420000,147000,0.000000,0.000000,5.300000,5.520000,5.180000,5.420000,5.066000,5.771400,6.962400,5.918200,4.998490,5.253491,-0.255001,-0.373027,0.118026,52.414322,5.066000,5.999300,4.132700,0.689650,0.414015,0.076387,0.038314,0.217978,-0.047452,-0.369767,0.426316,0.318735,0.826623,-0.854223,-0.526224,0.765472,221140.000000,796740.000000,-0.500575
2020-09-16,5.500000,6.140000,5.500000,5.940000,500200,0.000000,0.000000,5.500000,6.140000,5.500000,5.940000,5.074000,5.732800,6.961800,5.926150,5.143338,5.304344,-0.161006,-0.330623,0.169617,59.554312,5.074000,6.035389,4.112611,0.950390,0.435871,0.073379,0.095941,0.245283,0.029463,-0.285199,0.794562,0.485000,0.891530,-0.840237,-0.480769,0.934853,235460.000000,2971188.000000,-0.400222
2020-09-17,6.150000,6.350000,5.560000,5.910000,470100,0.000000,0.000000,6.150000,6.350000,5.560000,5.910000,5.089000,5.700000,6.962900,5.934700,5.261286,5.349207,-0.087921,-0.282083,0.194161,59.004256,5.089000,6.093975,4.084025,0.908468,0.461166,0.078032,-0.005051,0.172619,0.022491,-0.349119,0.484925,0.448529,0.891951,-0.841044,-0.483392,0.925081,248410.000000,2778291.000000,-0.446396
2020-09-18,5.970000,6.280000,5.810000,5.810000,1252100,0.000000,0.000000,5.970000,6.280000,5.810000,5.810000,5.081000,5.667400,6.965000,5.942650,5.345704,5.383340,-0.037637,-0.233193,0.195557,57.110713,5.081000,6.058621,4.103379,0.872844,0.461797,0.079483,-0.016920,0.190574,0.035651,-0.419580,0.413625,0.452500,0.887344,-0.843733,-0.492133,0.892508,299170.000000,7274701.000000,-0.504755
2020-09-21,5.820000,5.820000,5.340000,5.510000,349800,0.000000,0.000000,5.820000,5.820000,5.340000,5.510000,5.073500,5.628800,6.963700,5.949150,5.370980,5.392722,-0.021742,-0.190903,0.169161,51.745687,5.073500,6.034580,4.112420,0.727088,0.463097,0.084047,-0.051635,0.055556,-0.077052,-0.497721,0.246606,0.374065,0.877672,-0.851802,-0.518357,0.794788,305810.000000,1927398.000000,-0.569547
2020-09-22,5.420000,5.420000,5.020000,5.220000,431100,0.000000,0.000000,5.420000,5.420000,5.020000,5.220000,5.085500,5.594400,6.966100,5.954700,5.347752,5.379928,-0.032176,-0.159158,0.126982,47.136029,5.085500,6.047657,4.123343,0.569895,0.465019,0.089084,-0.052632,-0.036900,-0.077739,-0.526316,0.219626,0.292079,0.878177,-0.859602,-0.543706,0.700326,303170.000000,2250342.000000,-0.608464
2020-09-23,5.410000,5.410000,4.860000,4.890000,207500,0.000000,0.000000,5.410000,5.410000,4.860000,4.890000,5.073000,5.558200,6.963700,5.958800,5.277329,5.343637,-0.066308,-0.140588,0.074280,42.496746,5.073000,6.038665,4.107335,0.405247,0.471089,0.096337,-0.063218,-0.176768,-0.018072,-0.555455,0.167064,0.225564,0.800714,-0.868478,-0.572552,0.592834,303315.000000,1014675.000000,-0.628500
2020-09-24,5.050000,5.130000,4.660000,4.840000,148400,0.000000,0.000000,5.050000,5.130000,4.660000,4.840000,5.050500,5.523000,6.960300,5.963550,5.210047,5.306331,-0.096283,-0.131727,0.035444,41.825047,5.050500,6.015846,4.085154,0.390972,0.471011,0.097316,-0.010225,-0.181049,-0.058366,-0.576923,-0.006160,0.219144,0.792930,-0.869822,-0.576923,0.576547,301070.000000,718256.000000,-0.642339
2020-09-25,4.830000,5.120000,4.760000,5.050000,232700,0.000000,0.000000,4.830000,5.120000,4.760000,5.050000,5.055000,5.492000,6.946100,5.969150,5.185425,5.287343,-0.101918,-0.125765,0.023847,45.706557,5.055000,6.019409,4.090591,0.497408,0.463082,0.091699,0.043388,-0.130809,-0.045369,-0.536697,0.086022,0.335979,0.801379,-0.864174,-0.558566,0.644951,303170.000000,1175135.000000,-0.655208
2020-09-28,5.100000,5.200000,4.640000,4.750000,231500,0.000000,0.000000,5.100000,5.200000,4.640000,4.750000,5.039500,5.447600,6.935500,5.973450,5.118436,5.247540,-0.129104,-0.126433,-0.002671,41.451622,5.039500,6.013487,4.065513,0.351384,0.470005,0.098948,-0.059406,-0.137931,-0.042339,-0.554827,-0.036511,0.236979,0.798568,-0.872243,-0.584790,0.547231,306370.000000,1099625.000000,-0.680749
2020-09-29,4.770000,5.000000,4.550000,4.900000,164800,0.000000,0.000000,4.770000,5.000000,4.550000,4.900000,5.028500,5.406800,6.920700,5.978850,5.084831,5.221796,-0.136966,-0.128539,-0.008426,44.246368,5.028500,6.003628,4.053372,0.434111,0.468576,0.095628,0.031579,-0.061303,-0.031621,-0.418052,0.040340,0.376404,0.803321,-0.868209,-0.571678,0.596091,304385.000000,807520.000000,-0.520101
2020-09-30,4.890000,5.110000,4.850000,4.920000,250900,0.000000,0.000000,4.890000,5.110000,4.850000,4.920000,5.035500,5.370000,6.902100,5.985200,5.059472,5.199441,-0.139969,-0.130825,-0.009144,44.625907,5.035500,6.005111,4.065889,0.440440,0.453677,0.092211,0.004082,0.006135,-0.039062,-0.405797,0.012346,0.393768,0.802287,-0.867671,-0.569930,0.602606,306200.000000,1234428.000000,-0.505543
2020-10-01,4.950000,5.380000,4.930000,5.320000,286000,0.000000,0.000000,4.950000,5.380000,4.930000,5.320000,5.078500,5.340400,6.881000,5.995800,5.099553,5.208371,-0.108818,-0.126424,0.017606,51.706755,5.078500,6.016410,4.140590,0.628744,0.454129,0.085363,0.081301,0.099174,0.112971,-0.317073,0.025048,0.441734,0.812928,-0.856912,-0.534965,0.732899,308665.000000,1521520.000000,-0.426685
2020-10-02,5.250000,5.370000,4.870000,4.960000,215500,0.000000,0.000000,5.250000,5.370000,4.870000,4.960000,5.107000,5.318400,6.857400,6.003950,5.078084,5.189973,-0.111890,-0.123517,0.011627,46.004973,5.107000,5.989845,4.224155,0.416746,0.457406,0.092219,-0.067669,-0.017822,0.112108,-0.370558,0.002020,0.381616,0.813754,-0.866595,-0.566434,0.615635,309470.000000,1068880.000000,-0.432030
2020-10-05,5.030000,5.210000,4.810000,4.970000,253200,0.000000,0.000000,5.030000,5.210000,4.810000,4.970000,5.138500,5.307000,6.829200,6.012850,5.061455,5.173679,-0.112224,-0.121258,0.009035,46.182502,5.138500,5.948029,4.328971,0.395927,0.453305,0.091208,0.002016,0.046316,0.132118,-0.368488,-0.112500,0.361644,0.810023,-0.866326,-0.565559,0.618893,310225.000000,1258404.000000,-0.464061
2020-10-06,4.930000,5.230000,4.920000,4.960000,273800,0.000000,0.000000,4.930000,5.230000,4.920000,4.960000,5.164000,5.298600,6.803900,6.022300,5.045847,5.157851,-0.112004,-0.119408,0.007403,46.019557,5.164000,5.912005,4.415995,0.363637,0.443069,0.089328,-0.002012,0.012245,0.142857,-0.343046,0.008130,0.252525,0.807967,-0.866595,-0.566434,0.615635,316565.000000,1358048.000000,-0.406149
2020-10-07,5.000000,5.340000,4.960000,5.150000,283300,0.000000,0.000000,5.000000,5.340000,4.960000,5.150000,5.183000,5.292800,6.781700,6.032550,5.061870,5.157269,-0.095399,-0.114606,0.019207,49.654236,5.183000,5.907811,4.458189,0.477235,0.438564,0.085158,0.038306,0.046748,0.157303,-0.307796,-0.105903,0.300505,0.812786,-0.861485,-0.549825,0.677524,319565.000000,1458995.000000,-0.385239
2020-10-08,5.160000,5.450000,5.160000,5.280000,213200,0.000000,0.000000,5.160000,5.450000,5.160000,5.280000,5.195000,5.291600,6.755000,6.043300,5.095429,5.166361,-0.070932,-0.105871,0.034939,52.034020,5.195000,5.917787,4.472213,0.558800,0.428667,0.081187,0.025243,-0.007519,0.106918,-0.290323,-0.040000,0.378590,0.782211,-0.857988,-0.538462,0.719870,317280.000000,1125696.000000,-0.366004
2020-10-09,5.390000,5.440000,5.240000,5.380000,166700,0.000000,0.000000,5.390000,5.440000,5.240000,5.380000,5.220000,5.292000,6.730100,6.052600,5.139209,5.182186,-0.042977,-0.093292,0.050315,53.841476,5.220000,5.931411,4.508589,0.612453,0.412333,0.076642,0.018939,0.084677,0.067460,-0.224784,-0.115132,0.348371,0.762131,-0.855299,-0.529720,0.752443,316100.000000,896846.000000,-0.339221
2020-10-12,5.360000,5.950000,5.060000,5.790000,516100,0.000000,0.000000,5.360000,5.950000,5.060000,5.790000,5.248500,5.297200,6.695000,6.056300,5.239331,5.227209,0.012122,-0.072209,0.084331,60.425851,5.248500,6.004202,4.492798,0.858276,0.446452,0.077108,0.076208,0.164990,0.186475,-0.135821,-0.070626,0.429630,0.789237,-0.844271,-0.493881,0.885993,329695.000000,2988219.000000,-0.268125
2020-10-13,5.700000,5.890000,4.020000,4.080000,2909500,0.000000,0.000000,5.700000,5.890000,4.020000,4.080000,5.181500,5.262400,6.655800,6.052000,5.060972,5.142231,-0.081258,-0.074019,-0.007239,36.829150,5.181500,6.094431,4.268569,-0.103277,0.548134,0.134347,-0.295337,-0.177419,-0.218391,-0.381818,-0.371341,0.025126,1.291031,-0.890264,-0.643357,0.328990,467820.000000,11870760.000000,-0.506306
2020-10-14,4.200000,4.350000,3.330000,3.340000,2067800,0.000000,0.000000,4.200000,4.350000,3.330000,3.340000,5.051500,5.215400,6.604800,6.045900,4.796207,5.008732,-0.212525,-0.101720,-0.110805,31.158583,5.051500,6.215581,3.887419,-0.235129,0.581839,0.174203,-0.181373,-0.351456,-0.383764,-0.493939,-0.522175,-0.195181,1.410425,-0.910167,-0.708042,0.087948,546200.000000,6906452.000000,-0.617571
2020-10-15,3.360000,3.360000,2.830000,2.990000,1924700,0.000000,0.000000,3.360000,3.360000,2.830000,2.990000,4.905500,5.155400,6.546000,6.039450,4.518329,4.859196,-0.340867,-0.149550,-0.191317,28.892669,4.905500,6.321432,3.489568,-0.176410,0.578136,0.193357,-0.104790,-0.433712,-0.496633,-0.571019,-0.590411,-0.284689,1.376202,-0.919580,-0.738636,0.000000,618930.000000,5754853.000000,-0.686286
2020-10-16,3.080000,3.140000,2.820000,2.860000,1206600,0.000000,0.000000,3.080000,3.140000,2.820000,2.860000,4.758000,5.091000,6.484000,6.031750,4.263202,4.711108,-0.447906,-0.209221,-0.238685,28.075973,4.758000,6.377221,3.138779,-0.086084,0.559698,0.195699,-0.043478,-0.468401,-0.516074,-0.587896,-0.537217,-0.397895,1.374544,-0.923077,-0.750000,0.000000,616655.000000,3450876.000000,-0.671899
2020-10-19,2.950000,3.860000,2.950000,3.410000,6718800,0.000000,0.000000,2.950000,3.860000,2.950000,3.410000,4.653000,5.034800,6.423300,6.026550,4.131940,4.614729,-0.482790,-0.263935,-0.218855,36.282102,4.653000,6.337919,2.968081,0.131140,0.591148,0.173357,0.192308,-0.411054,-0.413081,-0.495562,-0.447326,-0.263499,1.575772,-0.908284,-0.701923,0.192308,935105.000000,22911108.000000,-0.570327
2020-10-20,3.750000,4.190000,3.640000,4.170000,4824100,0.000000,0.000000,3.750000,4.190000,3.640000,4.170000,4.600500,5.000000,6.372600,6.026700,4.137795,4.581786,-0.443991,-0.299946,-0.144045,45.530260,4.600500,6.276441,2.924559,0.371565,0.604638,0.144997,0.222874,0.022059,-0.243194,-0.386765,-0.325243,-0.081498,1.779875,-0.887843,-0.635490,0.458042,1154755.000000,20116497.000000,-0.462456
2020-10-21,4.130000,4.330000,3.930000,4.170000,1496700,0.000000,0.000000,4.130000,4.330000,3.930000,4.170000,4.564500,4.975600,6.318400,6.026600,4.142750,4.551284,-0.408534,-0.321664,-0.086870,45.530260,4.564500,6.245183,2.883817,0.382637,0.590021,0.141492,0.000000,0.248503,-0.201149,-0.311881,-0.296796,-0.060811,1.772139,-0.887843,-0.635490,0.458042,1219215.000000,6241239.000000,-0.409695
2020-10-22,4.120000,4.580000,4.010000,4.510000,1187400,0.000000,0.000000,4.120000,4.580000,4.010000,4.510000,4.548000,4.953800,6.262200,6.028750,4.199250,4.548226,-0.348976,-0.327126,-0.021850,49.344885,4.548000,6.223767,2.872233,0.488662,0.588591,0.130508,0.081535,0.508361,-0.077710,-0.185921,-0.248333,-0.054507,1.782461,-0.878698,-0.605769,0.576923,1271165.000000,5355174.000000,-0.296199
2020-10-23,4.470000,4.680000,4.350000,4.550000,922200,0.000000,0.000000,4.470000,4.680000,4.350000,4.550000,4.523000,4.928200,6.211200,6.030750,4.253211,4.548357,-0.295146,-0.320730,0.025584,49.790387,4.523000,6.182069,2.863931,0.508137,0.570120,0.125301,0.008869,0.590909,-0.059917,-0.154275,-0.215517,-0.010870,1.781964,-0.877622,-0.602273,0.590909,1305640.000000,4196010.000000,-0.250325
2020-10-26,4.590000,4.710000,4.430000,4.480000,742500,0.000000,0.000000,4.590000,4.710000,4.430000,4.480000,4.509500,4.904000,6.161400,6.030500,4.288102,4.543294,-0.255192,-0.307622,0.052431,48.978576,4.509500,6.165182,2.853818,0.491091,0.549397,0.122633,-0.015385,0.313783,-0.112871,-0.176471,-0.200000,-0.036559,1.776993,-0.879505,-0.608392,0.566434,1331190.000000,3326400.000000,-0.268457
2020-10-27,4.440000,4.500000,4.180000,4.270000,621900,0.000000,0.000000,4.440000,4.500000,4.180000,4.270000,4.478000,4.874000,6.128500,6.024100,4.285317,4.523050,-0.237733,-0.293644,0.055912,46.527671,4.478000,6.126356,2.829644,0.436907,0.533011,0.124827,-0.046875,0.023981,-0.101053,-0.200375,-0.242908,-0.164384,1.772180,-0.885153,-0.626748,0.493007,1354045.000000,2655513.000000,-0.284640
2020-10-28,4.180000,4.720000,4.110000,4.700000,805900,0.000000,0.000000,4.180000,4.720000,4.110000,4.700000,4.467000,4.852400,6.089400,6.021450,4.349114,4.536157,-0.187043,-0.272324,0.085281,51.841715,4.467000,6.105846,2.828154,0.571087,0.538511,0.114577,0.100703,0.127098,-0.040816,-0.123134,-0.056225,0.015119,1.802992,-0.873588,-0.589161,0.643357,1381795.000000,3787730.000000,-0.162525
2020-10-29,4.790000,4.820000,4.370000,4.500000,606900,0.000000,0.000000,4.790000,4.820000,4.370000,4.500000,4.426000,4.830200,6.052500,6.014150,4.372328,4.533479,-0.161151,-0.250089,0.088938,49.383477,4.426000,6.015272,2.836728,0.523281,0.532188,0.118264,-0.042553,-0.002217,-0.085366,-0.186257,-0.122807,-0.046610,1.810366,-0.878967,-0.606643,0.573427,1397840.000000,2731050.000000,-0.227235
2020-10-30,4.520000,4.630000,4.290000,4.620000,628500,0.000000,0.000000,4.520000,4.630000,4.290000,4.620000,4.409000,4.803200,6.021800,6.006750,4.410431,4.539888,-0.129457,-0.225963,0.096506,50.888233,4.409000,5.981405,2.836595,0.567095,0.518461,0.112221,0.026667,0.015385,-0.131579,-0.206186,-0.108108,0.054795,1.790115,-0.875740,-0.596154,0.615385,1418490.000000,2903670.000000,-0.206992
2020-11-02,3.120000,3.450000,3.010000,3.340000,4539800,0.000000,0.000000,3.120000,3.450000,3.010000,3.340000,4.327500,4.756800,5.982200,5.991350,4.245749,4.451007,-0.205258,-0.221822,0.016564,37.933908,4.327500,5.945776,2.709224,0.194891,0.596428,0.178571,-0.277056,-0.254464,-0.326613,-0.413005,-0.483771,-0.287846,2.021442,-0.910167,-0.708042,0.167832,1632820.000000,15162932.000000,-0.414508
2020-11-03,3.220000,3.370000,3.140000,3.160000,803200,0.000000,0.000000,3.220000,3.370000,3.140000,3.160000,4.237500,4.720400,5.938000,5.973550,4.078711,4.355377,-0.276666,-0.232791,-0.043875,36.525774,4.237500,5.907065,2.567935,0.177311,0.570254,0.180460,-0.053892,-0.259953,-0.364185,-0.472454,-0.456110,-0.357724,2.026440,-0.915008,-0.723776,0.104895,1659290.000000,2538112.000000,-0.487199
2020-11-04,3.100000,3.580000,3.100000,3.320000,765600,0.000000,0.000000,3.100000,3.580000,3.100000,3.320000,4.146000,4.684000,5.889600,5.955050,3.961986,4.278682,-0.316696,-0.249572,-0.067124,38.703893,4.146000,5.805555,2.486445,0.251138,0.563808,0.169822,0.050633,-0.293617,-0.330645,-0.453947,-0.479624,-0.287554,2.038179,-0.910705,-0.709790,0.160839,1683405.000000,2541792.000000,-0.497403
2020-11-05,3.550000,3.860000,3.290000,3.770000,1396700,0.000000,0.000000,3.550000,3.860000,3.290000,3.770000,4.070500,4.653600,5.841300,5.938150,3.932450,4.241002,-0.308552,-0.261368,-0.047184,44.474889,4.070500,5.648206,2.492794,0.404767,0.564250,0.149668,0.135542,-0.162222,-0.267961,-0.393891,-0.443953,-0.052764,2.094513,-0.898601,-0.670455,0.318182,1742580.000000,5265559.000000,-0.473806
2020-11-06,3.790000,4.690000,3.490000,4.500000,1770900,0.000000,0.000000,3.790000,4.690000,3.490000,4.500000,4.026500,4.644400,5.803200,5.928050,4.019765,4.260187,-0.240422,-0.257179,0.016757,52.317674,4.026500,5.495797,2.557203,0.661132,0.609661,0.135480,0.193634,-0.025974,-0.147727,-0.238579,-0.394347,0.196809,2.204283,-0.878967,-0.606643,0.573427,1822790.000000,7969050.000000,-0.323083
2020-11-09,3.700000,4.530000,3.510000,4.520000,1182400,0.000000,0.000000,3.700000,4.530000,3.510000,4.520000,3.963000,4.633600,5.757600,5.920700,4.096724,4.279433,-0.182708,-0.242285,0.059576,52.515564,3.963000,5.203324,2.722676,0.724538,0.638971,0.141365,0.004444,0.353293,-0.159851,-0.161410,-0.382514,0.259053,2.203472,-0.878429,-0.604895,0.580420,1856105.000000,5344448.000000,-0.247747
2020-11-10,4.410000,4.600000,4.260000,4.530000,594300,0.000000,0.000000,4.410000,4.600000,4.260000,4.530000,3.985500,4.621800,5.702800,5.915700,4.163382,4.297993,-0.134611,-0.220750,0.086139,52.621441,3.985500,5.250835,2.720165,0.715160,0.617616,0.136339,0.002212,0.433544,-0.217617,-0.191071,-0.418485,0.237705,2.186730,-0.878160,-0.604021,0.583916,1740345.000000,2692179.000000,-0.240255
2020-11-11,4.520000,4.940000,4.340000,4.860000,971100,0.000000,0.000000,4.520000,4.940000,4.340000,4.860000,4.061500,4.623400,5.641700,5.910250,4.270554,4.339623,-0.069069,-0.190414,0.121345,56.100116,4.061500,5.346036,2.776964,0.810813,0.616357,0.126822,0.072848,0.463855,0.191176,-0.166381,-0.351135,0.416910,1.920040,-0.869285,-0.575175,0.699301,1685510.000000,4719546.000000,-0.233750
2020-11-12,4.780000,4.850000,4.100000,4.190000,679600,0.000000,0.000000,4.780000,4.850000,4.100000,4.190000,4.121500,4.618000,5.573400,5.902800,4.258161,4.328540,-0.070379,-0.166407,0.096028,48.339755,4.121500,5.303297,2.939703,0.528981,0.626618,0.149551,-0.137860,0.111406,0.254491,-0.263620,-0.431479,0.126344,1.869045,-0.887305,-0.633741,0.465035,1623255.000000,2847524.000000,-0.326264
2020-11-13,4.250000,4.370000,3.900000,3.930000,555800,0.000000,0.000000,4.250000,4.370000,3.900000,3.930000,4.175000,4.608800,5.502700,5.893400,4.207675,4.299019,-0.091344,-0.151394,0.060050,45.697965,4.175000,5.203243,3.146757,0.380865,0.615431,0.156598,-0.062053,-0.126667,0.314381,-0.318891,-0.505660,0.088643,1.839400,-0.894298,-0.656469,0.374126,1590715.000000,2184294.000000,-0.381746
2020-11-16,4.000000,4.030000,3.560000,3.620000,1259300,0.000000,0.000000,4.000000,4.030000,3.560000,3.620000,4.185500,4.594400,5.424500,5.880200,4.117263,4.248721,-0.131458,-0.147407,0.015949,42.701495,4.185500,5.184731,3.186269,0.217032,0.605043,0.167139,-0.078880,-0.199115,0.265734,-0.373702,-0.540025,0.002770,1.858702,-0.902636,-0.683566,0.265734,1317740.000000,4558666.000000,-0.437327
2020-11-17,3.650000,3.700000,3.370000,3.390000,1058100,0.000000,0.000000,3.650000,3.700000,3.370000,3.390000,4.146500,4.573200,5.349400,5.864450,4.005377,4.185112,-0.179735,-0.153873,-0.025863,40.575660,4.146500,5.207270,3.085730,0.143419,0.585397,0.172683,-0.063536,-0.251656,-0.005865,-0.395722,-0.635484,-0.017391,1.765318,-0.908822,-0.703671,0.185315,1129440.000000,3586959.000000,-0.463266
2020-11-18,3.400000,3.580000,3.310000,3.380000,750700,0.000000,0.000000,3.400000,3.580000,3.310000,3.380000,4.107000,4.545400,5.276500,5.850050,3.909165,4.125474,-0.216309,-0.166360,-0.049949,40.481298,4.107000,5.221556,2.992444,0.173861,0.562868,0.166529,-0.002950,-0.304527,-0.189448,-0.433836,-0.577500,-0.020290,1.578927,-0.909091,-0.704545,0.181818,1092140.000000,2537366.000000,-0.481475
2020-11-19,3.350000,3.420000,3.280000,3.400000,808500,0.000000,0.000000,3.350000,3.420000,3.280000,3.400000,4.051500,4.512600,5.226300,5.836150,3.830832,4.071735,-0.240903,-0.181269,-0.059635,40.777938,4.051500,5.191810,2.911190,0.214332,0.532664,0.156666,0.005917,-0.188544,-0.184652,-0.399293,-0.597156,-0.042254,1.579293,-0.908553,-0.702797,0.188811,1073195.000000,2748900.000000,-0.451708
2020-11-20,3.320000,3.350000,3.090000,3.140000,1244900,0.000000,0.000000,3.320000,3.350000,3.090000,3.140000,3.981000,4.477800,5.174900,5.821650,3.724550,4.002718,-0.278168,-0.200648,-0.077519,38.118209,3.981000,5.165050,2.796950,0.144863,0.516759,0.164573,-0.076471,-0.201018,-0.303769,-0.369478,-0.645998,-0.137363,1.565413,-0.915546,-0.725524,0.097902,1089330.000000,3908986.000000,-0.411241
2020-11-23,3.230000,3.290000,3.030000,3.080000,2336700,0.000000,0.000000,3.230000,3.290000,3.030000,3.080000,3.911000,4.435000,5.127800,5.810100,3.625388,3.934368,-0.308980,-0.222315,-0.086665,37.510181,3.911000,5.135674,2.686326,0.160726,0.498419,0.161824,-0.019108,-0.149171,-0.323077,-0.400778,-0.660044,-0.172043,1.563669,-0.917160,-0.730769,0.076923,1169040.000000,7197036.000000,-0.436897
2020-11-24,3.070000,3.240000,3.070000,3.100000,1483800,0.000000,0.000000,3.070000,3.240000,3.070000,3.100000,3.852500,4.388600,5.080000,5.798000,3.544559,3.872563,-0.328004,-0.243453,-0.084551,37.865963,3.852500,5.116127,2.588873,0.202246,0.474961,0.153213,0.006494,-0.085546,-0.308036,-0.413989,-0.672996,-0.194805,1.565177,-0.916622,-0.729021,0.083916,1212135.000000,4599780.000000,-0.445856
2020-11-25,2.820000,3.130000,2.700000,2.940000,2827700,0.000000,0.000000,2.820000,3.130000,2.700000,2.940000,3.764500,4.328600,5.030700,5.785950,3.451550,3.803485,-0.351934,-0.265149,-0.086785,36.095438,3.764500,5.024750,2.504250,0.172882,0.471749,0.160459,-0.051613,-0.130178,-0.311475,-0.407258,-0.681818,-0.251908,1.566574,-0.920925,-0.743007,0.027972,1313225.000000,8313438.000000,-0.447606
2020-11-27,3.080000,3.150000,2.990000,3.030000,726700,0.000000,0.000000,3.080000,3.150000,2.990000,3.030000,3.691000,4.271000,4.985500,5.775500,3.386696,3.746189,-0.359493,-0.284018,-0.075475,37.855638,3.691000,4.942069,2.439931,0.235826,0.453053,0.149522,0.030612,-0.108824,-0.355319,-0.401186,-0.684046,-0.264563,1.520787,-0.918505,-0.735140,0.059441,1319215.000000,2201901.000000,-0.444811
2020-11-30,3.100000,3.200000,2.750000,2.790000,1625300,0.000000,0.000000,3.100000,3.200000,2.750000,2.790000,3.599500,4.210600,4.939000,5.764250,3.294897,3.675361,-0.380464,-0.303307,-0.077157,35.080709,3.599500,4.832032,2.366968,0.171611,0.452835,0.162306,-0.079208,-0.111465,-0.380000,-0.455078,-0.724580,-0.358621,1.534079,-0.924960,-0.756119,0.000000,1369055.000000,4534587.000000,-0.491024
2020-12-01,2.810000,3.040000,2.810000,2.950000,944200,0.000000,0.000000,2.810000,3.040000,2.810000,2.950000,3.580000,4.159400,4.894100,5.752750,3.241836,3.621630,-0.379794,-0.318604,-0.061190,38.326449,3.580000,4.841812,2.318188,0.250359,0.438346,0.148592,0.057348,-0.042208,-0.361472,-0.382845,-0.694301,-0.297619,1.548893,-0.920656,-0.742133,0.057348,1189275.000000,2785390.000000,-0.417640
2020-12-02,2.950000,3.000000,2.850000,2.950000,324300,0.000000,0.000000,2.950000,3.000000,2.850000,2.950000,3.569500,4.114000,4.854200,5.741400,3.196938,3.571880,-0.374942,-0.329872,-0.045070,38.326449,3.569500,4.849393,2.289607,0.257988,0.417750,0.141610,0.000000,-0.048387,-0.116766,-0.338565,-0.688161,-0.300948,1.224684,-0.920656,-0.742133,0.057348,1165330.000000,956685.000000,-0.362862
2020-12-03,2.970000,2.990000,2.850000,2.920000,398000,0.000000,0.000000,2.970000,2.990000,2.850000,2.920000,3.549500,4.074600,4.816400,5.730000,3.154332,3.523592,-0.369260,-0.337749,-0.031511,37.914244,3.549500,4.857990,2.241010,0.259456,0.397911,0.136271,-0.010169,-0.006803,-0.075949,-0.334852,-0.613757,-0.306413,1.211144,-0.921463,-0.744755,0.046595,1146950.000000,1162160.000000,-0.415064
2020-12-04,2.970000,3.010000,2.850000,2.900000,946700,0.000000,0.000000,2.970000,3.010000,2.850000,2.900000,3.506000,4.035800,4.779400,5.719000,3.115204,3.477400,-0.362196,-0.342639,-0.019557,37.623728,3.506000,4.841198,2.170802,0.273067,0.380917,0.131351,-0.006849,-0.042904,-0.126506,-0.331797,-0.663182,-0.294404,1.196514,-0.922001,-0.746503,0.039427,1124450.000000,2745430.000000,-0.433546
2020-12-07,2.940000,2.980000,2.810000,2.920000,1642900,0.000000,0.000000,2.940000,2.980000,2.810000,2.920000,3.427000,3.993200,4.742600,5.708600,3.085173,3.436111,-0.350939,-0.344299,-0.006640,38.134236,3.427000,4.700092,2.153908,0.300878,0.365852,0.125292,0.006897,0.046595,-0.225464,-0.343820,-0.643468,-0.282555,1.085605,-0.921463,-0.744755,0.046595,1118050.000000,4797268.000000,-0.497978
2020-12-08,2.900000,2.940000,2.810000,2.930000,857400,0.000000,0.000000,2.900000,2.940000,2.810000,2.930000,3.347500,3.956800,4.702200,5.698900,3.061300,3.398622,-0.337322,-0.342903,0.005582,38.405679,3.347500,4.528452,2.166548,0.323236,0.349005,0.119114,0.003425,-0.006780,-0.348889,-0.385744,-0.618986,-0.246787,0.798128,-0.921194,-0.743881,0.050179,1101800.000000,2512182.000000,-0.515099
2020-12-09,2.950000,3.090000,2.820000,2.840000,943800,0.000000,0.000000,2.950000,3.090000,2.820000,2.840000,3.263000,3.915600,4.661200,5.689100,3.027254,3.357242,-0.329988,-0.340320,0.010332,36.839059,3.263000,4.323389,2.202611,0.300545,0.343362,0.120902,-0.030717,-0.037288,-0.371681,-0.436508,-0.610959,-0.277354,0.794413,-0.923615,-0.751748,0.017921,1119275.000000,2680392.000000,-0.566491
2020-12-10,2.840000,2.930000,2.760000,2.910000,762600,0.000000,0.000000,2.840000,2.930000,2.760000,2.910000,3.165500,3.875400,4.622700,5.682850,3.009215,3.324113,-0.314898,-0.335236,0.020338,38.925789,3.165500,3.922933,2.408067,0.331338,0.330979,0.113738,0.024648,-0.003425,-0.357616,-0.403689,-0.616095,-0.251928,0.806262,-0.921732,-0.745629,0.043011,1108850.000000,2219166.000000,-0.546707
2020-12-11,2.910000,3.020000,2.840000,2.980000,813800,0.000000,0.000000,2.910000,3.020000,2.840000,2.980000,3.105000,3.828600,4.584500,5.677100,3.004720,3.298623,-0.293903,-0.326969,0.033066,41.024133,3.105000,3.692000,2.518000,0.393526,0.320195,0.107448,0.024055,0.027586,-0.386831,-0.429119,-0.634804,-0.219895,0.751650,-0.919849,-0.739510,0.068100,1115560.000000,2425124.000000,-0.548614
2020-12-14,3.030000,3.140000,2.830000,3.000000,1857000,0.000000,0.000000,3.030000,3.140000,2.830000,3.000000,3.058500,3.789400,4.553900,5.671300,3.003994,3.276503,-0.272509,-0.316077,0.043568,41.641073,3.058500,3.499517,2.617483,0.433676,0.319467,0.106489,0.006711,0.027397,-0.284010,-0.446494,-0.651163,-0.178082,0.627171,-0.919311,-0.737762,0.075269,1180620.000000,5571000.000000,-0.558173
2020-12-15,3.080000,3.090000,2.900000,2.920000,2264100,0.000000,0.000000,3.080000,3.090000,2.900000,2.920000,3.023500,3.748400,4.527700,5.665700,2.991072,3.250095,-0.259024,-0.304667,0.045643,39.845542,3.023500,3.379872,2.667128,0.354787,0.310219,0.106239,-0.026667,-0.003413,-0.256997,-0.508418,-0.648616,-0.087500,0.605335,-0.921463,-0.744755,0.046595,1230860.000000,6611172.000000,-0.648193
2020-12-16,2.980000,3.100000,2.920000,3.050000,1218900,0.000000,0.000000,2.980000,3.100000,2.920000,3.050000,3.006500,3.710200,4.504400,5.657700,3.000138,3.235274,-0.235136,-0.290760,0.055625,44.066229,3.006500,3.318996,2.694004,0.569601,0.300918,0.098662,0.044521,0.073944,-0.157459,-0.483926,-0.664097,-0.084084,0.587658,-0.917967,-0.733392,0.093190,1238900.000000,3717645.000000,-0.644133
2020-12-17,2.820000,3.100000,2.810000,3.090000,1217100,0.000000,0.000000,2.820000,3.100000,2.810000,3.090000,2.992000,3.669000,4.480900,5.652300,3.013963,3.224513,-0.210550,-0.274718,0.064168,45.337122,2.992000,3.254426,2.729574,0.686719,0.300138,0.097132,0.013115,0.061856,-0.088496,-0.468158,-0.691309,-0.031348,0.554553,-0.916891,-0.729895,0.107527,1262220.000000,3760839.000000,-0.650815
2020-12-18,3.080000,3.230000,2.960000,3.130000,1525500,0.000000,0.000000,3.080000,3.230000,2.960000,3.130000,2.978500,3.626000,4.458800,5.647750,3.031815,3.217512,-0.185697,-0.256914,0.071217,46.642731,2.978500,3.171021,2.785979,0.893464,0.297985,0.095203,0.012945,0.050336,-0.073964,-0.431942,-0.714676,0.019544,0.557589,-0.915815,-0.726399,0.121864,1298070.000000,4774815.000000,-0.615343
2020-12-21,3.080000,3.140000,2.940000,3.130000,539800,0.000000,0.000000,3.080000,3.140000,2.940000,3.130000,2.978000,3.581000,4.436500,5.644900,3.046920,3.211029,-0.164109,-0.238353,0.074244,46.642731,2.978000,3.168799,2.787201,0.898325,0.290986,0.092967,0.000000,0.043333,-0.079412,-0.400383,-0.715971,0.009677,0.556766,-0.915815,-0.726399,0.121864,1262815.000000,1689574.000000,-0.562636
2020-12-22,3.150000,3.150000,2.960000,2.970000,772300,0.000000,0.000000,3.150000,3.150000,2.960000,2.970000,2.972500,3.524600,4.410900,5.641950,3.035086,3.193175,-0.158089,-0.222300,0.064211,41.990115,2.972500,3.157162,2.787838,0.493231,0.283773,0.095546,-0.051118,0.017123,-0.054140,-0.392638,-0.730000,-0.051118,0.520554,-0.920118,-0.740385,0.064516,1184595.000000,2293731.000000,-0.597183
2020-12-23,3.040000,3.040000,2.860000,2.920000,702200,0.000000,0.000000,3.040000,3.040000,2.860000,2.920000,2.963500,3.501400,4.381900,5.638250,3.017381,3.172940,-0.155559,-0.208952,0.053393,40.626301,2.963500,3.139332,2.787668,0.376302,0.276361,0.094644,-0.016835,-0.042623,-0.051948,-0.396694,-0.744755,-0.170455,0.519678,-0.921463,-0.744755,0.046595,1145515.000000,2050424.000000,-0.593357
2020-12-24,2.940000,2.940000,2.820000,2.820000,495300,0.000000,0.000000,2.940000,2.940000,2.820000,2.820000,2.957500,3.491000,4.353200,5.634800,2.987014,3.146796,-0.159782,-0.199118,0.039336,37.970079,2.957500,3.144541,2.770459,0.132433,0.265192,0.094040,-0.034247,-0.087379,-0.090323,-0.441584,-0.741284,-0.441584,0.530323,-0.924153,-0.753497,0.010753,1028895.000000,1396746.000000,-0.614871
2020-12-28,2.870000,2.870000,2.530000,2.600000,2208600,0.000000,0.000000,2.870000,2.870000,2.530000,2.600000,2.936000,3.483200,4.319300,5.627800,2.927474,3.106293,-0.178819,-0.195058,0.016239,32.877242,2.936000,3.178565,2.693435,-0.192597,0.270535,0.104052,-0.078014,-0.169329,-0.115646,-0.452632,-0.756326,-0.473684,0.566844,-0.930070,-0.772727,0.000000,1102990.000000,5742360.000000,-0.612909
2020-12-29,2.630000,2.820000,2.610000,2.770000,824000,0.000000,0.000000,2.630000,2.820000,2.610000,2.770000,2.935000,3.481400,4.286200,5.623550,2.903247,3.081382,-0.178135,-0.191674,0.013538,39.616995,2.935000,3.180250,2.689750,0.163608,0.266926,0.096363,0.065385,-0.115016,-0.085809,-0.434694,-0.671021,-0.392544,0.605984,-0.925498,-0.757867,0.065385,1062925.000000,2282480.000000,-0.593912
2020-12-30,2.780000,2.950000,2.720000,2.930000,614500,0.000000,0.000000,2.780000,2.950000,2.720000,2.930000,2.934000,3.471800,4.253300,5.619200,2.907363,3.070169,-0.162806,-0.185900,0.023094,45.194664,2.934000,3.179155,2.688845,0.491842,0.264288,0.090201,0.057762,-0.013468,0.050179,-0.404472,-0.646135,-0.315421,0.575533,-0.921194,-0.743881,0.126923,1046440.000000,1800485.000000,-0.556922
2020-12-31,2.910000,3.000000,2.850000,2.950000,635400,0.000000,0.000000,2.910000,3.000000,2.850000,2.950000,2.934000,3.447400,4.223700,5.617400,2.913922,3.061267,-0.147345,-0.178189,0.030844,45.867777,2.934000,3.179155,2.688845,0.532632,0.256125,0.086822,0.006826,0.010274,0.000000,-0.445489,-0.621309,-0.329545,0.540949,-0.920656,-0.742133,0.134615,1061995.000000,1874430.000000,-0.583375
2021-01-04,2.960000,3.000000,2.820000,3.000000,446500,0.000000,0.000000,2.960000,3.000000,2.820000,3.000000,2.938000,3.424000,4.199800,5.612500,2.927165,3.056729,-0.129564,-0.168464,0.038900,47.600456,2.938000,3.184798,2.691202,0.625609,0.250687,0.083562,0.016949,0.063830,0.016949,-0.395161,-0.619289,-0.325843,0.543908,-0.919311,-0.737762,0.153846,1064420.000000,1339500.000000,-0.541746
2021-01-05,2.980000,3.000000,2.910000,2.920000,266900,0.000000,0.000000,2.980000,3.000000,2.910000,2.920000,2.939000,3.392200,4.173000,5.606550,2.926063,3.046601,-0.120538,-0.158879,0.038341,45.112386,2.939000,3.185312,2.692688,0.461431,0.239210,0.081921,-0.026667,0.123077,0.000000,-0.412475,-0.628971,-0.294686,0.551268,-0.921463,-0.744755,0.123077,1030430.000000,779348.000000,-0.543644
2021-01-06,2.900000,3.060000,2.880000,3.000000,626900,0.000000,0.000000,2.900000,3.060000,2.880000,3.000000,2.943000,3.361200,4.144700,5.599450,2.937438,3.043149,-0.105711,-0.148245,0.042534,48.037394,2.943000,3.190607,2.695393,0.615102,0.234980,0.078327,0.027397,0.083032,0.034483,-0.395161,-0.602649,-0.284010,0.558176,-0.919311,-0.737762,0.153846,979630.000000,1880700.000000,-0.537362
2021-01-07,3.020000,3.210000,3.010000,3.070000,857200,0.000000,0.000000,3.020000,3.210000,3.010000,3.070000,2.950000,3.333000,4.118500,5.593400,2.957832,3.045138,-0.087306,-0.136058,0.048751,50.522000,2.950000,3.203896,2.696104,0.736317,0.233196,0.075960,0.023333,0.047782,0.051370,-0.403883,-0.587366,-0.247549,0.562801,-0.917429,-0.731643,0.180769,979620.000000,2631604.000000,-0.553724
2021-01-08,3.050000,3.110000,2.970000,3.000000,719400,0.000000,0.000000,3.050000,3.110000,2.970000,3.000000,2.958000,3.307600,4.090800,5.587450,2.964319,3.041795,-0.077475,-0.124341,0.046866,48.047854,2.958000,3.207344,2.708656,0.584221,0.226539,0.075513,-0.022801,0.016949,0.023891,-0.431818,-0.596774,-0.277108,0.569835,-0.919311,-0.737762,0.153846,968400.000000,2158200.000000,-0.587759
2021-01-11,2.980000,3.060000,2.920000,3.000000,291900,0.000000,0.000000,2.980000,3.060000,2.920000,3.000000,2.962500,3.273600,4.063000,5.578100,2.969809,3.038699,-0.068890,-0.113251,0.044361,48.047854,2.962500,3.211445,2.713555,0.575318,0.220358,0.073453,0.000000,0.000000,0.056338,-0.442379,-0.567723,-0.337748,0.557592,-0.919311,-0.737762,0.153846,944865.000000,875700.000000,-0.568156
2021-01-12,3.000000,3.120000,2.980000,3.050000,450700,0.000000,0.000000,3.000000,3.120000,2.980000,3.050000,2.966000,3.244600,4.037400,5.570100,2.982146,3.039536,-0.057390,-0.102079,0.044689,50.073292,2.966000,3.217931,2.714069,0.666712,0.214618,0.070367,0.016667,0.044521,0.048110,-0.473230,-0.544776,-0.450450,0.554401,-0.917967,-0.733392,0.173077,926710.000000,1374635.000000,-0.573949
2021-01-13,3.070000,3.070000,2.890000,2.920000,682600,0.000000,0.000000,3.070000,3.070000,2.890000,2.920000,2.962000,3.210600,4.006900,5.560050,2.972585,3.030681,-0.058096,-0.093282,0.035186,45.145135,2.962000,3.214199,2.709801,0.416732,0.212145,0.072652,-0.042623,-0.026667,-0.020134,-0.284314,-0.557576,-0.441683,0.570122,-0.921463,-0.744755,0.123077,867990.000000,1993192.000000,-0.390944
2021-01-14,2.930000,3.040000,2.910000,3.000000,596100,0.000000,0.000000,2.930000,3.040000,2.910000,3.000000,2.966000,3.203800,3.980300,5.551500,2.976803,3.028409,-0.051606,-0.084947,0.033341,48.503933,2.966000,3.217931,2.714069,0.567479,0.206278,0.068759,0.027397,-0.022801,0.000000,-0.101796,-0.545455,-0.496644,0.577802,-0.919311,-0.737762,0.153846,784590.000000,1788300.000000,-0.215990
2021-01-15,3.010000,3.030000,2.910000,2.940000,532100,0.000000,0.000000,3.010000,3.030000,2.910000,2.940000,2.960500,3.199400,3.959900,5.541900,2.971141,3.021860,-0.050719,-0.078101,0.027382,46.218189,2.960500,3.209496,2.711504,0.458835,0.200115,0.068066,-0.020000,-0.020000,0.006849,-0.016722,-0.578192,-0.518033,0.574284,-0.920925,-0.743007,0.130769,750250.000000,1564374.000000,-0.126390
2021-01-19,2.980000,3.020000,2.920000,2.970000,566600,0.000000,0.000000,2.980000,3.020000,2.920000,2.970000,2.954500,3.192400,3.938200,5.530800,2.970965,3.018018,-0.047053,-0.071892,0.024839,47.549127,2.954500,3.196028,2.712972,0.532087,0.192964,0.064971,0.010204,-0.010000,-0.026230,0.038462,-0.572046,-0.537383,0.553404,-0.920118,-0.740385,0.142308,717725.000000,1682802.000000,-0.092251
2021-01-20,2.990000,2.990000,2.880000,2.950000,419000,0.000000,0.000000,2.990000,2.990000,2.880000,2.950000,2.945500,3.176000,3.914800,5.520800,2.967740,3.012980,-0.045240,-0.066561,0.021321,46.719066,2.945500,3.172469,2.718531,0.509913,0.187038,0.063403,-0.006734,-0.032787,-0.045307,-0.134897,-0.563609,-0.561012,0.551437,-0.920656,-0.742133,0.134615,662400.000000,1236050.000000,-0.307246
2021-01-21,2.940000,3.010000,2.880000,2.990000,1082600,0.000000,0.000000,2.940000,3.010000,2.880000,2.990000,2.938500,3.145800,3.895100,5.507750,2.971164,3.011278,-0.040113,-0.061272,0.021159,48.649808,2.938500,3.149590,2.727410,0.621986,0.182964,0.061192,0.013559,0.023973,-0.044728,-0.282974,-0.560294,-0.574074,0.551646,-0.919580,-0.738636,0.150000,689540.000000,3236974.000000,-0.457890
2021-01-22,3.000000,3.050000,2.900000,2.930000,1494600,0.000000,0.000000,3.000000,3.050000,2.900000,2.930000,2.936500,3.114000,3.873800,5.497800,2.964831,3.005257,-0.040426,-0.057103,0.016677,45.959490,2.936500,3.147091,2.725909,0.484567,0.180609,0.061641,-0.020067,-0.023333,-0.063898,-0.297362,-0.516502,-0.590210,0.555281,-0.921194,-0.743881,0.126923,725655.000000,4379178.000000,-0.476589
2021-01-25,3.020000,3.050000,2.890000,2.970000,2367800,0.000000,0.000000,3.020000,3.050000,2.890000,2.970000,2.939000,3.082800,3.852300,5.483850,2.965627,3.002645,-0.037019,-0.053086,0.016067,48.023094,2.939000,3.149953,2.728047,0.573476,0.179137,0.060316,0.013652,0.010204,0.000000,-0.341463,-0.463899,-0.544479,0.528594,-0.920118,-0.740385,0.142308,808935.000000,7032366.000000,-0.526582
2021-01-26,2.990000,3.380000,2.940000,2.990000,7893100,0.000000,0.000000,2.990000,3.380000,2.940000,2.990000,2.947500,3.045400,3.834400,5.471300,2.969376,3.001709,-0.032332,-0.048935,0.016603,49.070302,2.947500,3.151860,2.743140,0.603983,0.197770,0.066144,0.006734,0.006734,0.023973,-0.342857,-0.444238,-0.500835,0.525132,-0.919580,-0.738636,0.150000,1178825.000000,23600369.000000,-0.522778
2021-01-27,2.980000,2.980000,2.730000,2.810000,2746600,0.000000,0.000000,2.980000,2.980000,2.730000,2.810000,2.958000,3.017800,3.817900,5.454950,2.944857,2.987508,-0.042651,-0.047678,0.005027,41.053523,2.958000,3.098914,2.817086,-0.025142,0.202215,0.071963,-0.060201,-0.047458,-0.003546,-0.372768,-0.483456,-0.491863,0.554371,-0.924422,-0.754371,0.080769,1205725.000000,7717946.000000,-0.541063
2021-01-28,2.850000,2.970000,2.760000,2.850000,2515600,0.000000,0.000000,2.850000,2.970000,2.760000,2.850000,2.962000,2.996200,3.802500,5.438050,2.930264,2.977322,-0.047059,-0.047554,0.000496,43.271488,2.962000,3.083673,2.840327,0.039748,0.202771,0.071148,0.014235,-0.046823,0.096154,-0.332553,-0.466292,-0.521008,0.476569,-0.923346,-0.750874,0.096154,1290305.000000,7169460.000000,-0.499271
2021-01-29,2.850000,2.920000,2.660000,2.740000,2450300,0.000000,0.000000,2.850000,2.920000,2.660000,2.740000,2.952500,2.978600,3.786500,5.419300,2.900992,2.959743,-0.058751,-0.049794,-0.008957,38.933057,2.952500,3.109294,2.795706,-0.177643,0.206859,0.075496,-0.038596,-0.064846,-0.010830,-0.417021,-0.488806,-0.517606,0.445126,-0.926304,-0.760490,0.053846,1382095.000000,6713822.000000,-0.604740
2021-02-01,2.750000,2.760000,2.620000,2.740000,1613600,0.000000,0.000000,2.750000,2.760000,2.620000,2.740000,2.942000,2.965600,3.769400,5.398050,2.876224,2.943466,-0.067241,-0.053283,-0.013958,38.933057,2.942000,3.125372,2.758628,-0.050793,0.202083,0.073753,0.000000,-0.077441,-0.064846,-0.391111,-0.504521,-0.528399,0.392289,-0.926304,-0.760490,0.053846,1431005.000000,4421264.000000,-0.589384
2021-02-02,2.760000,2.900000,2.720000,2.880000,1005400,0.000000,0.000000,2.760000,2.900000,2.720000,2.880000,2.936000,2.955600,3.750500,5.375950,2.876805,2.938765,-0.061959,-0.055018,-0.006941,46.805387,2.936000,3.119234,2.752766,0.347190,0.200506,0.069620,0.051095,-0.036789,-0.023729,-0.376623,-0.505155,-0.539936,0.433877,-0.922539,-0.748252,0.107692,1458950.000000,2895552.000000,-0.624176
2021-02-03,2.900000,2.950000,2.830000,2.940000,1979700,0.000000,0.000000,2.900000,2.950000,2.830000,2.940000,2.937000,2.946400,3.729500,5.359750,2.886527,2.938856,-0.052329,-0.054481,0.002152,49.792642,2.937000,3.120085,2.753915,0.508193,0.194756,0.066243,0.020833,0.046263,-0.020000,-0.119760,-0.483304,-0.550459,0.436080,-0.920925,-0.743007,0.130769,1544590.000000,5820318.000000,-0.361869
2021-02-04,2.990000,3.600000,2.980000,3.310000,4251800,0.000000,0.000000,2.990000,3.600000,2.980000,3.310000,2.952500,2.949800,3.713800,5.345450,2.951677,2.966348,-0.014671,-0.046519,0.031847,63.430791,2.952500,3.199407,2.705593,1.223956,0.227987,0.068878,0.125850,0.161404,0.133562,0.047468,-0.447412,-0.471246,0.607548,-0.910974,-0.710664,0.273077,1725835.000000,14073458.000000,-0.187033
2021-02-05,3.260000,3.300000,2.940000,3.170000,1852800,0.000000,0.000000,3.260000,3.300000,2.940000,3.170000,2.957500,2.951600,3.693300,5.330400,2.985265,2.981433,0.003832,-0.036449,0.040280,57.109479,2.957500,3.218096,2.696904,0.907718,0.238131,0.075120,-0.042296,0.156934,0.056667,-0.045181,-0.478618,-0.487055,0.625289,-0.914739,-0.722902,0.219231,1775615.000000,5873376.000000,-0.240639
2021-02-08,3.220000,3.500000,3.210000,3.470000,1724800,0.000000,0.000000,3.220000,3.500000,3.210000,3.470000,2.981000,2.959000,3.673800,5.318100,3.059840,3.017624,0.042216,-0.020716,0.062932,65.129015,2.981000,3.328133,2.633867,1.204342,0.244693,0.070517,0.094637,0.266423,0.130293,-0.079576,-0.442122,-0.425497,0.698508,-0.906670,-0.696678,0.334615,1825885.000000,5985056.000000,-0.255904
2021-02-09,3.490000,3.640000,3.310000,3.400000,1385200,0.000000,0.000000,3.490000,3.640000,3.310000,3.400000,3.001000,2.968200,3.648400,5.305100,3.112172,3.045948,0.066224,-0.003328,0.069552,62.206317,3.001000,3.395590,2.606410,1.005588,0.250786,0.073761,-0.020173,0.180556,0.133333,-0.244444,-0.424704,-0.369202,0.697166,-0.908553,-0.702797,0.307692,1880550.000000,4709680.000000,-0.422034
2021-02-10,3.470000,3.510000,3.110000,3.300000,1161200,0.000000,0.000000,3.470000,3.510000,3.110000,3.300000,3.013500,2.973600,3.622300,5.292600,3.141069,3.064766,0.076302,0.012598,0.063704,58.188993,3.013500,3.429864,2.597136,0.844050,0.261445,0.079226,-0.029412,0.122449,0.100000,-0.269912,-0.387755,-0.402174,0.708173,-0.911243,-0.711538,0.269231,1916075.000000,3831960.000000,-0.462740
2021-02-11,3.320000,3.370000,3.090000,3.210000,946000,0.000000,0.000000,3.320000,3.370000,3.090000,3.210000,3.028000,2.982000,3.596300,5.280650,3.151674,3.075525,0.076149,0.025308,0.050841,54.761290,3.028000,3.450803,2.605197,0.715230,0.262770,0.081860,-0.027273,-0.030211,0.052459,-0.291391,-0.426786,-0.400000,0.715733,-0.913663,-0.719406,0.234615,1929245.000000,3036660.000000,-0.505337
2021-02-12,3.220000,3.380000,3.120000,3.270000,873800,0.000000,0.000000,3.220000,3.380000,3.120000,3.270000,3.041500,2.988400,3.573900,5.268800,3.169878,3.089930,0.079947,0.036236,0.043711,56.596884,3.041500,3.477572,2.605428,0.761998,0.262572,0.080297,0.018692,0.031546,0.119863,-0.327160,-0.439108,-0.361328,0.697365,-0.912049,-0.714161,0.257692,1943130.000000,2857326.000000,-0.523067
2021-02-16,3.400000,3.600000,3.290000,3.600000,1390800,0.000000,0.000000,3.400000,3.600000,3.290000,3.600000,3.074500,3.001400,3.557700,5.261900,3.236050,3.127713,0.108337,0.050656,0.057681,65.006892,3.074500,3.573572,2.575428,1.026477,0.267388,0.074275,0.100917,0.037464,0.200000,-0.140811,-0.367311,-0.285714,0.768298,-0.903174,-0.685315,0.384615,1986065.000000,5006880.000000,-0.340469
2021-02-17,3.490000,3.560000,3.280000,3.550000,996300,0.000000,0.000000,3.490000,3.560000,3.280000,3.550000,3.103500,3.014000,3.544300,5.254000,3.284350,3.158994,0.125357,0.065597,0.059760,63.014580,3.103500,3.642789,2.564211,0.913971,0.271146,0.076379,-0.013889,0.044118,0.207483,-0.096692,-0.384749,-0.323810,0.765599,-0.904519,-0.689685,0.365385,2007550.000000,3536865.000000,-0.277278
2021-02-18,3.460000,3.530000,3.220000,3.290000,934200,0.000000,0.000000,3.460000,3.530000,3.220000,3.290000,3.120500,3.021800,3.528800,5.244550,3.285219,3.168698,0.116522,0.075782,0.040740,53.783819,3.120500,3.660850,2.580150,0.656843,0.275350,0.083693,-0.073239,-0.003030,0.107744,-0.091160,-0.430796,-0.369732,0.818196,-0.911512,-0.712413,0.265385,2033310.000000,3073518.000000,-0.253959
2021-02-19,3.330000,3.850000,3.260000,3.580000,2729600,0.000000,0.000000,3.330000,3.850000,3.260000,3.580000,3.150000,3.035000,3.514100,5.230100,3.330570,3.199165,0.131406,0.086906,0.044499,60.699079,3.150000,3.723741,2.576259,0.874733,0.297825,0.083191,0.088146,0.115265,0.213559,0.056047,-0.361854,-0.311538,0.864152,-0.903712,-0.687063,0.376923,2115660.000000,9771968.000000,-0.109938
2021-02-22,3.600000,3.680000,3.300000,3.440000,1869100,0.000000,0.000000,3.600000,3.680000,3.300000,3.440000,3.175500,3.045200,3.501000,5.218250,3.347406,3.217004,0.130401,0.095605,0.034796,56.318044,3.175500,3.753390,2.597610,0.728850,0.303695,0.088283,-0.039106,0.051988,0.150502,0.017751,-0.423786,-0.325490,0.880996,-0.907477,-0.699301,0.323077,2134385.000000,6429704.000000,-0.128962
2021-02-23,3.320000,3.320000,2.920000,3.130000,1994600,0.000000,0.000000,3.320000,3.320000,2.920000,3.130000,3.183500,3.051000,3.483300,5.202000,3.313959,3.210559,0.103399,0.097164,0.006235,48.048316,3.183500,3.753792,2.613208,0.453094,0.319145,0.101963,-0.090116,-0.130556,0.068259,-0.079412,-0.446996,-0.374000,0.940635,-0.915815,-0.726399,0.203846,2115725.000000,6243098.000000,-0.210494
2021-02-24,3.150000,3.470000,3.060000,3.310000,2968900,0.000000,0.000000,3.150000,3.470000,3.060000,3.310000,3.199500,3.059000,3.467200,5.184650,3.313350,3.217925,0.095424,0.096816,-0.001392,52.417372,3.199500,3.764868,2.634132,0.597724,0.325635,0.098379,0.057508,-0.067606,0.114478,0.054140,-0.335341,-0.320329,0.957953,-0.910974,-0.710664,0.273077,1869515.000000,9827059.000000,-0.092887
2021-02-25,3.300000,3.490000,3.020000,3.050000,4571500,0.000000,0.000000,3.300000,3.490000,3.020000,3.050000,3.211500,3.060400,3.444500,5.162750,3.272834,3.205487,0.067348,0.090922,-0.023575,46.353426,3.211500,3.751686,2.671314,0.350514,0.335947,0.110146,-0.078550,-0.072948,0.020067,-0.009740,-0.406615,-0.364583,1.002624,-0.917967,-0.733392,0.173077,1960760.000000,13943075.000000,-0.114011
2021-02-26,3.050000,3.160000,2.770000,2.800000,3690200,0.000000,0.000000,3.050000,3.160000,2.770000,2.800000,3.209000,3.056400,3.422900,5.140150,3.200091,3.175450,0.024640,0.077666,-0.053026,41.394639,3.209000,3.756642,2.661358,0.126581,0.339808,0.121360,-0.081967,-0.217877,-0.003559,-0.096774,-0.470699,-0.326923,1.022499,-0.924691,-0.755245,0.076923,2019490.000000,10332560.000000,-0.192776
2021-03-01,2.900000,3.020000,2.840000,2.930000,1158000,0.000000,0.000000,2.900000,3.020000,2.840000,2.930000,3.218500,3.056600,3.402500,5.115850,3.158538,3.157269,0.001269,0.062387,-0.061117,44.707102,3.218500,3.737741,2.699259,0.222191,0.331250,0.113055,0.046429,-0.148256,0.028070,-0.003401,-0.409274,-0.290557,1.033464,-0.921194,-0.743881,0.126923,1954875.000000,3392940.000000,-0.126965
2021-03-02,3.040000,3.110000,2.860000,2.920000,1240800,0.000000,0.000000,3.040000,3.110000,2.860000,2.920000,3.227500,3.054000,3.382100,5.093000,3.121840,3.139693,-0.017854,0.046339,-0.064192,44.498747,3.227500,3.717221,2.737779,0.186046,0.325446,0.111454,-0.003413,-0.067093,0.065693,-0.036304,-0.422925,-0.298077,1.022619,-0.921463,-0.744755,0.123077,1936235.000000,3623136.000000,-0.130762
2021-03-03,2.950000,3.010000,2.750000,2.820000,1259100,0.000000,0.000000,2.950000,3.010000,2.750000,2.820000,3.224500,3.048600,3.358800,5.070250,3.075403,3.116012,-0.040609,0.028949,-0.069558,42.372121,3.224500,3.723825,2.725175,0.094953,0.320772,0.113749,-0.034247,-0.148036,0.029197,0.010753,-0.449219,-0.301980,1.031564,-0.924153,-0.753497,0.084615,1948920.000000,3550662.000000,-0.054747
2021-03-04,2.800000,2.830000,2.510000,2.660000,2235700,0.000000,0.000000,2.800000,2.830000,2.510000,2.660000,3.210500,3.039200,3.332600,5.043800,3.011495,3.082234,-0.070739,0.009011,-0.079750,39.148368,3.210500,3.756894,2.664106,-0.003757,0.320716,0.120570,-0.056738,-0.127869,-0.076389,-0.098305,-0.443515,-0.427957,1.036305,-0.928456,-0.767483,0.023077,1961720.000000,5946962.000000,-0.128119
2021-03-05,2.740000,2.740000,2.340000,2.610000,1539600,0.000000,0.000000,2.740000,2.740000,2.340000,2.610000,3.175500,3.028800,3.304900,5.017500,2.949726,3.047254,-0.097527,-0.012296,-0.085231,38.171019,3.175500,3.781487,2.569513,0.033406,0.326380,0.125050,-0.018797,-0.067857,-0.112245,-0.115254,-0.414798,-0.374101,1.034500,-0.929801,-0.771853,0.003846,1826110.000000,4018356.000000,-0.161474
2021-03-08,2.610000,2.650000,2.510000,2.520000,498500,0.000000,0.000000,2.610000,2.650000,2.510000,2.520000,3.143000,3.019800,3.272200,4.983600,2.883615,3.008198,-0.124583,-0.034754,-0.089829,36.409032,3.143000,3.816220,2.469780,0.037298,0.313067,0.124233,-0.034483,-0.139932,-0.238671,-0.136986,-0.425968,-0.376238,0.924858,-0.932222,-0.779720,0.000000,1758395.000000,1256220.000000,-0.155729
2021-03-09,2.600000,2.790000,2.580000,2.750000,624400,0.000000,0.000000,2.600000,2.790000,2.580000,2.750000,3.107000,3.016400,3.258900,4.957350,2.863059,2.989072,-0.126013,-0.053006,-0.073008,43.576985,3.107000,3.783589,2.430411,0.236177,0.309991,0.112724,0.091270,-0.058219,-0.132492,-0.051724,-0.366359,-0.256757,0.982407,-0.926036,-0.759615,0.091270,1703375.000000,1717100.000000,-0.100631
2021-03-10,2.780000,2.890000,2.730000,2.840000,785300,0.000000,0.000000,2.780000,2.890000,2.730000,2.840000,3.079000,3.016800,3.253900,4.929350,2.859511,2.978030,-0.118518,-0.066108,-0.052410,46.135578,3.079000,3.750868,2.407132,0.322138,0.299277,0.105379,0.032727,0.007092,-0.181556,-0.027397,-0.361798,-0.202247,0.925073,-0.923615,-0.751748,0.126984,1673380.000000,2230252.000000,-0.071238
2021-03-11,2.870000,2.950000,2.810000,2.910000,930100,0.000000,0.000000,2.870000,2.950000,2.810000,2.910000,3.059500,3.023000,3.253100,4.899550,2.867279,2.972990,-0.105712,-0.074029,-0.031683,48.106625,3.059500,3.726985,2.392015,0.388012,0.287900,0.098935,0.024648,0.093985,-0.144118,-0.006826,-0.389937,-0.204918,0.930588,-0.921732,-0.745629,0.154762,1661825.000000,2706591.000000,-0.071669
2021-03-12,2.870000,2.890000,2.770000,2.850000,662700,0.000000,0.000000,2.870000,2.890000,2.770000,2.850000,3.041500,3.024600,3.253000,4.868500,2.864620,2.963880,-0.099260,-0.079075,-0.020185,46.534777,3.041500,3.711308,2.371692,0.357049,0.277336,0.097311,-0.020619,0.091954,-0.136364,0.003521,-0.434524,-0.188034,0.928268,-0.923346,-0.750874,0.130952,1647660.000000,1888695.000000,-0.075976
2021-03-15,2.870000,2.990000,2.820000,2.900000,829200,0.000000,0.000000,2.870000,2.990000,2.820000,2.900000,3.023000,3.024000,3.247900,4.835600,2.870063,2.959148,-0.089085,-0.081077,-0.008008,48.057878,3.023000,3.686645,2.359355,0.407330,0.269669,0.092989,0.017544,0.150794,-0.096573,-0.003436,-0.405738,-0.275000,0.927907,-0.922001,-0.746503,0.150794,1645430.000000,2404680.000000,-0.088389
2021-03-16,2.900000,2.900000,2.800000,2.880000,676500,0.000000,0.000000,2.900000,2.900000,2.800000,2.880000,2.987000,3.022600,3.235000,4.803800,2.871592,2.953285,-0.081693,-0.081200,-0.000493,47.475279,2.987000,3.594604,2.379396,0.411949,0.257550,0.089427,-0.006897,0.047273,-0.119266,-0.033557,-0.448276,-0.204420,0.924526,-0.922539,-0.748252,0.142857,1609715.000000,1948320.000000,-0.121916
2021-03-17,2.810000,2.870000,2.770000,2.860000,670400,0.000000,0.000000,2.810000,2.870000,2.770000,2.860000,2.952500,3.019800,3.221900,4.770150,2.869809,2.946375,-0.076567,-0.080273,0.003707,46.863459,2.952500,3.500986,2.404014,0.415677,0.247010,0.086367,-0.006944,0.007042,-0.205556,-0.046667,-0.472325,-0.247368,0.841447,-0.923077,-0.750000,0.134921,1593420.000000,1917344.000000,-0.133898
2021-03-18,2.810000,2.870000,2.750000,2.770000,603400,0.000000,0.000000,2.810000,2.870000,2.750000,2.770000,2.926500,3.016800,3.204500,4.733350,2.854454,2.933310,-0.078857,-0.079990,0.001133,44.108734,2.926500,3.456615,2.396385,0.352391,0.237938,0.085898,-0.031469,-0.048110,-0.219718,-0.051370,-0.533670,-0.163142,0.844784,-0.925498,-0.757867,0.099206,1576880.000000,1671418.000000,-0.092744
2021-03-19,2.780000,2.860000,2.680000,2.770000,761000,0.000000,0.000000,2.780000,2.860000,2.680000,2.770000,2.886000,3.012200,3.186700,4.698950,2.841461,2.921213,-0.079753,-0.079943,0.000190,44.108734,2.886000,3.321160,2.450840,0.366716,0.233800,0.084404,0.000000,-0.028070,-0.158055,-0.091803,-0.531303,-0.304020,0.813659,-0.925498,-0.757867,0.099206,1478450.000000,2107970.000000,-0.135810
2021-03-22,2.800000,2.820000,2.670000,2.710000,752300,0.000000,0.000000,2.800000,2.820000,2.670000,2.710000,2.849500,3.005000,3.169000,4.665200,2.821236,2.905568,-0.084332,-0.080821,-0.003511,42.191197,2.849500,3.203989,2.495011,0.303238,0.227814,0.084064,-0.021661,-0.065517,-0.243017,-0.122977,-0.533563,-0.340633,0.737363,-0.927111,-0.763112,0.075397,1422610.000000,2038733.000000,-0.170984
2021-03-23,2.650000,2.690000,2.550000,2.550000,827000,0.000000,0.000000,2.650000,2.690000,2.550000,2.550000,2.820500,2.996000,3.151800,4.640150,2.779507,2.879230,-0.099722,-0.084601,-0.015121,37.508439,2.820500,3.173262,2.467738,0.116597,0.222970,0.087439,-0.059041,-0.114583,-0.258721,-0.185304,-0.537205,-0.423077,0.749681,-0.931415,-0.777098,0.011905,1364230.000000,2108850.000000,-0.222312
2021-03-24,2.660000,2.680000,2.500000,2.510000,1030100,0.000000,0.000000,2.660000,2.680000,2.500000,2.510000,2.780500,2.986200,3.129900,4.609650,2.738045,2.851879,-0.113835,-0.090448,-0.023387,36.420145,2.780500,3.076400,2.484600,0.042920,0.219901,0.087610,-0.015686,-0.122378,-0.198083,-0.198083,-0.519157,-0.413551,0.695715,-0.932491,-0.780594,0.000000,1267290.000000,2585551.000000,-0.215299
2021-03-25,2.500000,2.690000,2.450000,2.620000,1083300,0.000000,0.000000,2.500000,2.690000,2.450000,2.620000,2.759000,2.977600,3.111100,4.581800,2.719884,2.834703,-0.114819,-0.095322,-0.019497,41.451131,2.759000,3.034215,2.483785,0.247470,0.221337,0.084480,0.043825,-0.054152,-0.208459,-0.117845,-0.464213,-0.374702,0.680548,-0.929532,-0.770979,0.043825,1092880.000000,2838246.000000,-0.131099
2021-03-26,2.620000,2.630000,2.400000,2.530000,1065900,0.000000,0.000000,2.620000,2.630000,2.400000,2.530000,2.745500,2.969800,3.090200,4.556000,2.690671,2.812132,-0.121461,-0.100550,-0.020912,38.749453,2.745500,3.038181,2.452819,0.131852,0.221955,0.087729,-0.034351,-0.086643,-0.170492,-0.133562,-0.477273,-0.480493,0.640665,-0.931953,-0.778846,0.007968,961665.000000,2696727.000000,-0.162347
2021-03-29,2.520000,2.520000,2.380000,2.420000,742300,0.000000,0.000000,2.520000,2.520000,2.380000,2.420000,2.720000,2.958200,3.081000,4.531600,2.649029,2.783086,-0.134056,-0.107251,-0.026805,35.687826,2.720000,3.033150,2.406850,0.020997,0.216816,0.089593,-0.043478,-0.107011,-0.135714,-0.141844,-0.520792,-0.479570,0.597137,-0.934911,-0.788462,0.000000,940880.000000,1796366.000000,-0.161752
2021-03-30,2.460000,2.540000,2.350000,2.540000,1246600,0.000000,0.000000,2.460000,2.540000,2.350000,2.540000,2.701000,2.950200,3.074800,4.506400,2.632256,2.765079,-0.132824,-0.112366,-0.020458,41.150470,2.701000,3.009128,2.392872,0.238745,0.214900,0.084606,0.049587,-0.003922,-0.133106,-0.023077,-0.465263,-0.484787,0.600738,-0.931684,-0.777972,0.049587,941170.000000,3166364.000000,-0.034393
2021-03-31,2.560000,2.720000,2.490000,2.690000,899100,0.000000,0.000000,2.560000,2.720000,2.490000,2.690000,2.694500,2.944600,3.068500,4.479050,2.641139,2.759518,-0.118378,-0.113568,-0.004810,47.188969,2.694500,2.997501,2.391499,0.492574,0.215979,0.080290,0.059055,0.071713,-0.078767,-0.028881,-0.451020,-0.428875,0.641835,-0.927649,-0.764860,0.111570,923170.000000,2418579.000000,-0.059748
2021-04-01,2.680000,2.770000,2.610000,2.760000,446100,0.000000,0.000000,2.680000,2.770000,2.610000,2.760000,2.699500,2.940800,3.058400,4.449850,2.659426,2.759554,-0.100128,-0.110880,0.010752,49.778761,2.699500,3.003403,2.395597,0.599538,0.211980,0.076804,0.026022,0.053435,-0.021277,-0.058020,-0.439024,-0.432099,0.638970,-0.925767,-0.758741,0.140496,833690.000000,1231236.000000,-0.105426
2021-04-05,2.770000,2.850000,2.700000,2.810000,883100,0.000000,0.000000,2.770000,2.850000,2.700000,2.810000,2.709500,2.937200,3.041500,4.422350,2.682591,2.763290,-0.080699,-0.104844,0.024145,51.604351,2.709500,3.014164,2.404836,0.664936,0.207553,0.073862,0.018116,0.110672,0.056391,-0.047458,-0.471805,-0.458574,0.607443,-0.924422,-0.754371,0.161157,800865.000000,2481511.000000,-0.110873
2021-04-06,2.820000,2.820000,2.660000,2.700000,480300,0.000000,0.000000,2.820000,2.820000,2.660000,2.700000,2.718500,2.932600,3.023300,4.390450,2.685269,2.758602,-0.073333,-0.098542,0.025209,47.512403,2.718500,3.009941,2.427059,0.468261,0.204157,0.075614,-0.039146,0.115702,0.034483,-0.100000,-0.455645,-0.454545,0.620716,-0.927380,-0.763986,0.115702,799955.000000,1296810.000000,-0.178744
2021-04-07,2.700000,2.720000,2.510000,2.510000,585200,0.000000,0.000000,2.700000,2.720000,2.510000,2.510000,2.706500,2.923400,3.003100,4.352950,2.658305,2.740187,-0.081882,-0.095210,0.013327,41.405176,2.706500,3.011909,2.401091,0.178300,0.204574,0.081504,-0.070370,-0.011811,-0.003968,-0.140411,-0.494970,-0.551786,0.658817,-0.932491,-0.780594,0.037190,797995.000000,1468852.000000,-0.208270
2021-04-08,2.520000,2.640000,2.460000,2.530000,318900,0.000000,0.000000,2.520000,2.640000,2.460000,2.530000,2.691000,2.914200,2.979800,4.310750,2.638566,2.724618,-0.086052,-0.093378,0.007326,42.246716,2.691000,2.999333,2.382667,0.238919,0.202819,0.080165,0.007968,-0.059480,-0.080000,-0.156667,-0.489919,-0.485772,0.571864,-0.931953,-0.778846,0.045455,774675.000000,806817.000000,-0.242102
2021-04-09,2.510000,2.610000,2.510000,2.580000,196300,0.000000,0.000000,2.510000,2.610000,2.510000,2.580000,2.674500,2.909600,2.963700,4.268550,2.629555,2.713905,-0.084350,-0.091573,0.007223,44.396726,2.674500,2.968473,2.380527,0.339271,0.195474,0.075765,0.019763,-0.065217,-0.091549,-0.159609,-0.499029,-0.552083,0.563260,-0.930608,-0.774476,0.066116,737985.000000,506454.000000,-0.223333
2021-04-12,2.560000,2.560000,2.450000,2.520000,497900,0.000000,0.000000,2.560000,2.560000,2.450000,2.520000,2.658000,2.903000,2.949600,4.226150,2.612701,2.699542,-0.086841,-0.090626,0.003785,42.358867,2.658000,2.947508,2.368492,0.261664,0.190798,0.075713,-0.023256,-0.103203,-0.134021,-0.160000,-0.522727,-0.541818,0.557015,-0.932222,-0.779720,0.041322,729745.000000,1254708.000000,-0.209085
2021-04-13,2.560000,2.600000,2.450000,2.560000,622500,0.000000,0.000000,2.560000,2.600000,2.450000,2.560000,2.641000,2.899400,2.939000,4.181750,2.604593,2.689206,-0.084613,-0.089424,0.004811,44.197809,2.641000,2.909869,2.372131,0.349369,0.187884,0.073392,0.015873,-0.051852,-0.101754,-0.146667,-0.524164,-0.578947,0.559485,-0.931146,-0.776224,0.057851,719410.000000,1593600.000000,-0.220281
2021-04-14,2.600000,2.750000,2.520000,2.620000,615700,0.000000,0.000000,2.600000,2.750000,2.520000,2.620000,2.628000,2.897000,2.931300,4.140350,2.606963,2.684079,-0.077116,-0.086962,0.009846,46.932690,2.628000,2.872226,2.383774,0.483622,0.190892,0.072860,0.023438,0.043825,-0.096552,-0.140984,-0.547496,-0.579454,0.562774,-0.929532,-0.770979,0.082645,716370.000000,1613134.000000,-0.201065
2021-04-15,2.710000,3.020000,2.700000,2.740000,2434600,0.000000,0.000000,2.710000,3.020000,2.700000,2.740000,2.622000,2.894200,2.924900,4.100700,2.627430,2.688221,-0.060791,-0.081728,0.020937,51.999637,2.622000,2.847398,2.396602,0.761759,0.205828,0.075120,0.045802,0.083004,-0.048611,-0.061644,-0.328431,-0.577812,0.588632,-0.926304,-0.760490,0.132231,804580.000000,6670804.000000,-0.130942
2021-04-16,2.740000,2.800000,2.620000,2.780000,488300,0.000000,0.000000,2.740000,2.800000,2.620000,2.780000,2.622500,2.891000,2.918700,4.072500,2.650903,2.695020,-0.044117,-0.074206,0.030089,53.590347,2.622500,2.849320,2.395680,0.847191,0.203983,0.073375,0.014599,0.077519,-0.027972,-0.073333,-0.167665,-0.602289,0.590945,-0.925229,-0.756993,0.148760,798825.000000,1357474.000000,-0.144997
2021-04-19,2.790000,2.790000,2.650000,2.710000,418800,0.000000,0.000000,2.790000,2.790000,2.650000,2.710000,2.619500,2.879000,2.914400,4.044650,2.659995,2.696130,-0.036135,-0.066592,0.030457,50.440096,2.619500,2.839593,2.399407,0.705595,0.199413,0.073584,-0.025180,0.075397,-0.021661,-0.078231,-0.093645,-0.628767,0.587207,-0.927111,-0.763112,0.119835,781715.000000,1134948.000000,-0.148722
2021-04-20,2.710000,2.900000,2.640000,2.830000,688400,0.000000,0.000000,2.710000,2.900000,2.640000,2.830000,2.625500,2.872200,2.911900,4.019850,2.686149,2.706046,-0.019897,-0.057253,0.037356,55.291996,2.625500,2.861918,2.389082,0.932496,0.203741,0.071993,0.044280,0.105469,0.021661,-0.047138,-0.010490,-0.542071,0.607267,-0.923884,-0.752622,0.169421,778520.000000,1948172.000000,-0.091776
2021-04-21,2.830000,2.900000,2.750000,2.890000,515900,0.000000,0.000000,2.830000,2.900000,2.750000,2.890000,2.642500,2.860600,2.909800,3.994900,2.717511,2.719672,-0.002161,-0.046234,0.044073,57.530770,2.642500,2.903661,2.381339,0.973845,0.199902,0.069170,0.021201,0.103053,0.066421,-0.020339,-0.152493,-0.531605,0.604618,-0.922270,-0.747378,0.194215,762965.000000,1490951.000000,-0.056971
2021-04-22,2.880000,2.970000,2.770000,2.770000,513400,0.000000,0.000000,2.880000,2.970000,2.770000,2.770000,2.655500,2.848000,2.908100,3.969400,2.725586,2.723400,0.002186,-0.036550,0.038736,51.929880,2.655500,2.914768,2.396232,0.720814,0.199909,0.072169,-0.041522,0.010949,0.086275,-0.073579,-0.335731,-0.551780,0.584397,-0.925498,-0.757867,0.144628,737130.000000,1422118.000000,-0.094826
2021-04-23,2.790000,2.960000,2.770000,2.840000,507200,0.000000,0.000000,2.790000,2.960000,2.770000,2.840000,2.666500,2.838800,2.906200,3.945850,2.743188,2.732037,0.011151,-0.027010,0.038161,54.700348,2.666500,2.937815,2.395185,0.819740,0.199201,0.070141,0.025271,0.021583,0.131474,-0.030717,-0.318945,-0.521079,0.583708,-0.923615,-0.751748,0.173554,708325.000000,1440448.000000,-0.065698
2021-04-26,2.870000,2.900000,2.780000,2.880000,526800,0.000000,0.000000,2.870000,2.900000,2.780000,2.880000,2.684000,2.832200,2.907100,3.923050,2.764236,2.742997,0.021239,-0.017360,0.038599,56.251961,2.684000,2.963277,2.404723,0.850906,0.193544,0.067203,0.014085,0.062731,0.099237,-0.030303,-0.361419,-0.520000,0.568675,-0.922539,-0.748252,0.190083,681370.000000,1517184.000000,-0.067175
2021-04-27,2.890000,2.900000,2.760000,2.830000,265100,0.000000,0.000000,2.890000,2.900000,2.760000,2.830000,2.704500,2.823400,2.905900,3.900000,2.774354,2.749442,0.024912,-0.008906,0.033818,53.772576,2.704500,2.961485,2.447515,0.744178,0.189719,0.067039,-0.017361,0.000000,0.118577,-0.053512,-0.378022,-0.512069,0.556732,-0.923884,-0.752622,0.169421,657510.000000,750233.000000,-0.087576
2021-04-28,2.810000,2.900000,2.760000,2.890000,260500,0.000000,0.000000,2.810000,2.900000,2.760000,2.890000,2.722000,2.809200,2.905300,3.879750,2.792145,2.759854,0.032292,-0.000666,0.032958,56.263803,2.722000,2.979486,2.464514,0.826232,0.186168,0.064418,0.021201,0.000000,0.194215,0.028470,-0.354911,-0.483929,0.528776,-0.922270,-0.747378,0.194215,608205.000000,752845.000000,-0.030339
2021-04-29,2.920000,2.920000,2.780000,2.900000,327200,0.000000,0.000000,2.920000,2.920000,2.780000,2.900000,2.732500,2.796200,2.905100,3.860750,2.808738,2.770235,0.038504,0.007168,0.031336,56.682796,2.732500,3.001367,2.463633,0.811492,0.182870,0.063059,0.003460,0.046931,0.141732,0.017544,-0.320843,-0.485816,0.507919,-0.922001,-0.746503,0.198347,579610.000000,948880.000000,-0.038344
2021-04-30,2.840000,2.890000,2.790000,2.840000,249900,0.000000,0.000000,2.840000,2.890000,2.790000,2.840000,2.736500,2.787200,2.904500,3.841950,2.813548,2.775403,0.038145,0.013363,0.024782,53.378574,2.736500,3.009439,2.463561,0.689603,0.177665,0.062558,-0.020690,0.000000,0.055762,0.036496,-0.395745,-0.429719,0.478884,-0.923615,-0.751748,0.173554,569800.000000,709716.000000,-0.031747
2021-05-03,2.860000,2.870000,2.670000,2.710000,315200,0.000000,0.000000,2.860000,2.870000,2.670000,2.710000,2.731500,2.769800,2.902400,3.822500,2.797617,2.770558,0.027059,0.016102,0.010957,46.987457,2.731500,3.002426,2.460574,0.460321,0.179261,0.066148,-0.045775,-0.059028,-0.018116,-0.010949,-0.397778,-0.471735,0.499581,-0.927111,-0.763112,0.119835,541405.000000,854192.000000,-0.047636
2021-05-04,2.700000,2.710000,2.530000,2.630000,333400,0.000000,0.000000,2.700000,2.710000,2.530000,2.630000,2.728000,2.753600,2.899400,3.800800,2.771830,2.760146,0.011684,0.015219,-0.003535,43.533148,2.728000,3.002426,2.453574,0.321445,0.179313,0.068180,-0.029520,-0.070671,-0.064057,-0.086806,-0.430736,-0.492278,0.504573,-0.929263,-0.770105,0.086777,534060.000000,876842.000000,-0.088328
2021-05-05,2.650000,2.670000,2.560000,2.610000,262400,0.000000,0.000000,2.650000,2.670000,2.560000,2.610000,2.733000,2.743200,2.897100,3.779150,2.746933,2.749024,-0.002091,0.011757,-0.013848,42.688235,2.733000,2.994018,2.471982,0.264384,0.174363,0.066806,-0.007605,-0.096886,-0.033333,-0.112245,-0.218563,-0.596600,0.487373,-0.929801,-0.771853,0.078512,517920.000000,684864.000000,-0.110179
2021-05-06,2.600000,2.600000,2.470000,2.550000,364400,0.000000,0.000000,2.600000,2.600000,2.470000,2.550000,2.734000,2.728000,2.893500,3.758100,2.716636,2.734282,-0.017646,0.005876,-0.023522,40.169435,2.734000,2.991878,2.476122,0.143242,0.171908,0.067415,-0.022989,-0.120690,0.015936,-0.229607,-0.193038,-0.561102,0.426418,-0.931415,-0.777098,0.053719,520195.000000,929220.000000,-0.219090
2021-05-07,2.550000,2.710000,2.520000,2.650000,657400,0.000000,0.000000,2.550000,2.710000,2.520000,2.650000,2.737500,2.720000,2.890200,3.737350,2.706384,2.728039,-0.021655,0.000370,-0.022025,45.899031,2.737500,2.988383,2.486617,0.325616,0.173200,0.065359,0.039216,-0.066901,0.047431,-0.164038,-0.201807,-0.584639,0.446049,-0.928725,-0.768357,0.095041,543250.000000,1742110.000000,-0.156528
2021-05-10,2.660000,2.740000,2.540000,2.710000,518500,0.000000,0.000000,2.660000,2.740000,2.540000,2.710000,2.747000,2.718200,2.887300,3.720600,2.706940,2.726703,-0.019762,-0.003656,-0.016106,49.051619,2.747000,2.976700,2.517300,0.419460,0.175115,0.064618,0.022642,0.000000,0.050388,-0.219020,-0.281167,-0.600295,0.447555,-0.927111,-0.763112,0.119835,544280.000000,1405135.000000,-0.177142
2021-05-11,2.630000,2.880000,2.480000,2.820000,649100,0.000000,0.000000,2.630000,2.880000,2.480000,2.820000,2.760000,2.716000,2.886300,3.707000,2.724334,2.733613,-0.009279,-0.004781,-0.004498,54.308451,2.760000,2.974034,2.545966,0.640165,0.191178,0.067794,0.040590,0.072243,0.119048,-0.170588,-0.373333,-0.620458,0.455439,-0.924153,-0.753497,0.165289,545610.000000,1830462.000000,-0.126450
2021-05-12,2.790000,2.870000,2.730000,2.740000,366000,0.000000,0.000000,2.790000,2.870000,2.730000,2.740000,2.766000,2.712400,2.883200,3.693800,2.726744,2.734087,-0.007342,-0.005293,-0.002049,50.247825,2.766000,2.970002,2.561998,0.436275,0.187522,0.068439,-0.028369,0.049808,0.070312,-0.169697,-0.393805,-0.625683,0.468658,-0.926304,-0.760490,0.132231,533125.000000,1002840.000000,-0.102361
2021-05-13,2.810000,2.830000,2.670000,2.740000,283900,0.000000,0.000000,2.810000,2.830000,2.670000,2.740000,2.766000,2.710800,2.879700,3.680300,2.728784,2.734525,-0.005741,-0.005383,-0.000358,50.247825,2.766000,2.970002,2.561998,0.436275,0.185556,0.067721,0.000000,0.074510,0.045802,-0.146417,-0.395143,-0.648267,0.463194,-0.926304,-0.760490,0.132231,425590.000000,777886.000000,-0.082194
2021-05-14,2.790000,2.840000,2.670000,2.720000,310900,0.000000,0.000000,2.790000,2.840000,2.670000,2.720000,2.763000,2.712000,2.875600,3.667200,2.727432,2.733449,-0.006016,-0.005509,-0.000507,49.181627,2.763000,2.967898,2.558102,0.395070,0.184445,0.067811,-0.007299,0.026415,-0.007299,-0.168196,-0.440329,-0.636849,0.436458,-0.926842,-0.762238,0.123967,416720.000000,845648.000000,-0.120983
2021-05-17,2.740000,2.830000,2.670000,2.740000,345900,0.000000,0.000000,2.740000,2.830000,2.670000,2.740000,2.764500,2.714600,2.871700,3.654100,2.729366,2.733934,-0.004568,-0.005321,0.000753,50.316935,2.764500,2.968200,2.560800,0.439863,0.182699,0.066679,0.007353,0.011070,-0.014388,-0.238889,-0.346062,-0.628223,0.434122,-0.926304,-0.760490,0.132231,413075.000000,947766.000000,-0.191304
2021-05-18,2.750000,2.800000,2.710000,2.740000,366000,0.000000,0.000000,2.750000,2.800000,2.710000,2.740000,2.760000,2.719000,2.869400,3.640150,2.731002,2.734383,-0.003381,-0.004933,0.001552,50.316935,2.760000,2.961573,2.558427,0.450390,0.176078,0.064262,0.000000,-0.028369,0.011070,-0.228169,-0.302799,-0.655346,0.424623,-0.926304,-0.760490,0.132231,396955.000000,1002840.000000,-0.180777
2021-05-19,2.690000,2.760000,2.620000,2.660000,448500,0.000000,0.000000,2.690000,2.760000,2.620000,2.660000,2.748500,2.717200,2.866800,3.624350,2.720078,2.728873,-0.008795,-0.005706,-0.003089,45.591851,2.748500,2.945025,2.551975,0.274838,0.173501,0.065226,-0.029197,-0.029197,-0.060071,-0.191489,-0.265193,-0.662008,0.405836,-0.928456,-0.767483,0.099174,393585.000000,1193010.000000,-0.150696
2021-05-20,2.800000,2.800000,2.710000,2.800000,478000,0.000000,0.000000,2.800000,2.800000,2.710000,2.800000,2.750000,2.716400,2.866600,3.609900,2.732374,2.734142,-0.001768,-0.004918,0.003150,53.772992,2.750000,2.947671,2.552329,0.626473,0.171108,0.061110,0.052632,0.021898,-0.031142,-0.217877,-0.174041,-0.698925,0.442081,-0.924691,-0.755245,0.157025,391815.000000,1338400.000000,-0.193464
2021-05-21,2.780000,3.030000,2.760000,2.950000,635300,0.000000,0.000000,2.780000,3.030000,2.760000,2.950000,2.755500,2.717200,2.870100,3.594700,2.765855,2.750132,0.015723,-0.000790,0.016513,60.607554,2.755500,2.969187,2.541813,0.955105,0.178172,0.060397,0.053571,0.084559,0.064982,-0.142442,-0.127219,-0.631250,0.455161,-0.920656,-0.742133,0.219008,398220.000000,1874135.000000,-0.137856
2021-05-24,2.950000,3.240000,2.910000,3.110000,1118800,0.000000,0.000000,2.950000,3.240000,2.910000,3.110000,2.767000,2.722400,2.873500,3.579850,2.818800,2.776788,0.042012,0.007771,0.034241,66.326507,2.767000,3.028341,2.505659,1.156232,0.189016,0.060777,0.054237,0.135036,0.095070,-0.006390,-0.085294,-0.631517,0.482919,-0.916353,-0.728147,0.285124,427820.000000,3479468.000000,-0.020944
2021-05-25,3.120000,3.200000,2.910000,2.920000,523300,0.000000,0.000000,3.120000,3.200000,2.910000,2.920000,2.771500,2.722800,2.873400,3.563350,2.834370,2.787397,0.046973,0.015611,0.031362,55.940508,2.771500,3.040398,2.502602,0.776127,0.196230,0.067202,-0.061093,0.065693,0.013889,-0.117825,-0.070064,-0.670800,0.532340,-0.921463,-0.744755,0.206612,440730.000000,1528036.000000,-0.122178
2021-05-26,2.900000,3.020000,2.840000,2.970000,233100,0.000000,0.000000,2.900000,3.020000,2.840000,2.970000,2.775500,2.724600,2.873600,3.548650,2.855236,2.800923,0.054313,0.023351,0.030961,57.812674,2.775500,3.054028,2.496972,0.849157,0.195070,0.065680,0.017123,0.116541,0.049470,-0.026230,-0.035714,-0.672185,0.530598,-0.920118,-0.740385,0.227273,439360.000000,692307.000000,-0.073379
2021-05-27,3.000000,3.140000,2.920000,3.110000,352900,0.000000,0.000000,3.000000,3.140000,2.920000,3.110000,2.786000,2.729600,2.874700,3.537250,2.894430,2.823817,0.070613,0.032804,0.037809,62.604165,2.786000,3.098100,2.473900,1.019065,0.196851,0.063296,0.047138,0.110714,0.076125,0.110714,0.003226,-0.671941,0.549193,-0.916353,-0.728147,0.285124,440645.000000,1097519.000000,0.069484
2021-05-28,3.100000,3.200000,2.980000,3.010000,441600,0.000000,0.000000,3.100000,3.200000,2.980000,3.010000,2.794500,2.734400,2.875600,3.524300,2.912210,2.837609,0.074601,0.041163,0.033438,57.574112,2.794500,3.121687,2.467313,0.829322,0.198505,0.065948,-0.032154,0.020339,0.037931,0.027304,0.023810,-0.674242,0.563364,-0.919042,-0.736888,0.243802,450230.000000,1329216.000000,0.015536
2021-06-01,3.040000,3.040000,2.910000,2.940000,251400,0.000000,0.000000,3.040000,3.040000,2.910000,2.940000,2.806000,2.737800,2.875000,3.509850,2.916486,2.845193,0.071292,0.047189,0.024103,54.286047,2.806000,3.136830,2.475170,0.702521,0.193611,0.065854,-0.023256,-0.054662,0.035211,0.006849,-0.029703,-0.693431,0.564756,-0.920925,-0.743007,0.214876,447040.000000,739116.000000,-0.021423
2021-06-02,3.000000,3.100000,2.960000,3.010000,372400,0.000000,0.000000,3.000000,3.100000,2.960000,3.010000,2.825000,2.743800,2.874400,3.496450,2.930872,2.857401,0.073471,0.052445,0.021026,56.934701,2.825000,3.156916,2.493084,0.778685,0.191211,0.063525,0.023810,0.030822,0.110701,0.067376,0.078853,-0.702863,0.541148,-0.919042,-0.736888,0.243802,448990.000000,1120924.000000,0.009013
2021-06-03,3.010000,3.010000,2.910000,2.990000,321500,0.000000,0.000000,3.010000,3.010000,2.910000,2.990000,2.844000,2.752600,2.874300,3.482550,2.939969,2.867223,0.072746,0.056506,0.016240,55.937470,2.844000,3.167494,2.520506,0.725661,0.184695,0.061771,-0.006645,0.006734,0.136882,0.124060,0.013559,-0.690155,0.528106,-0.919580,-0.738636,0.235537,451945.000000,961285.000000,0.054029
2021-06-04,3.000000,3.030000,2.860000,2.870000,429200,0.000000,0.000000,3.000000,3.030000,2.860000,2.870000,2.860000,2.759800,2.873000,3.468000,2.929205,2.867429,0.061775,0.057560,0.004216,50.250332,2.860000,3.152431,2.567569,0.517098,0.183646,0.063988,-0.040134,-0.077170,0.099617,0.099617,-0.027119,-0.696617,0.550710,-0.922808,-0.749126,0.185950,455185.000000,1231804.000000,0.030396
2021-06-07,2.740000,2.870000,2.710000,2.740000,556200,0.000000,0.000000,2.740000,2.870000,2.710000,2.740000,2.864500,2.762200,2.869900,3.453650,2.900096,2.857990,0.042106,0.054469,-0.012363,44.921940,2.864500,3.145886,2.583114,0.278773,0.181957,0.066408,-0.045296,-0.089701,0.074510,0.087302,-0.061644,-0.637566,0.570127,-0.926304,-0.760490,0.132231,450125.000000,1523988.000000,-0.013622
2021-06-08,2.730000,2.800000,2.670000,2.760000,409200,0.000000,0.000000,2.730000,2.800000,2.670000,2.760000,2.867000,2.766800,2.868300,3.437600,2.878543,2.850731,0.027812,0.049137,-0.021326,45.872859,2.867000,3.143451,2.590549,0.306476,0.178246,0.064582,0.007299,-0.061224,0.041509,0.003636,-0.048276,-0.679443,0.555858,-0.925767,-0.758741,0.140496,444660.000000,1129392.000000,-0.061462
2021-06-09,2.740000,2.800000,2.740000,2.740000,323400,0.000000,0.000000,2.740000,2.800000,2.740000,2.740000,2.863000,2.773200,2.865700,3.423000,2.857229,2.842529,0.014700,0.042250,-0.027550,45.035513,2.863000,3.144582,2.581418,0.281591,0.169800,0.061971,-0.007246,-0.089701,0.011070,-0.035211,-0.061644,-0.665446,0.551855,-0.926304,-0.760490,0.132231,428375.000000,886116.000000,-0.099710
2021-06-10,2.760000,2.800000,2.670000,2.750000,278100,0.000000,0.000000,2.760000,2.800000,2.670000,2.750000,2.863500,2.777400,2.863800,3.411850,2.840732,2.835675,0.005057,0.034811,-0.029754,45.570494,2.863500,3.144197,2.582803,0.297824,0.166957,0.060712,0.003650,-0.080268,-0.024823,-0.054983,-0.061433,-0.642393,0.533063,-0.926036,-0.759615,0.136364,423980.000000,764775.000000,-0.101380
2021-06-11,2.740000,2.790000,2.690000,2.720000,271800,0.000000,0.000000,2.740000,2.790000,2.690000,2.720000,2.862500,2.778000,2.861300,3.399750,2.822158,2.827106,-0.004949,0.026859,-0.031808,44.181184,2.862500,3.145184,2.579816,0.247952,0.162174,0.059623,-0.010909,-0.052265,-0.007299,-0.045614,-0.042254,-0.627397,0.524998,-0.926842,-0.762238,0.123967,423375.000000,739296.000000,-0.101888
2021-06-14,2.750000,2.780000,2.670000,2.680000,320300,0.000000,0.000000,2.750000,2.780000,2.670000,2.680000,2.860500,2.776400,2.858600,3.386700,2.800287,2.816210,-0.015922,0.018303,-0.034225,42.328212,2.860500,3.147955,2.573045,0.186038,0.158447,0.059122,-0.014706,-0.021898,-0.021898,-0.075862,-0.079038,-0.646438,0.527523,-0.927918,-0.765734,0.107438,423845.000000,858404.000000,-0.128941
2021-06-15,2.690000,2.730000,2.640000,2.660000,235200,0.000000,0.000000,2.690000,2.730000,2.640000,2.660000,2.856500,2.773400,2.855300,3.375200,2.778705,2.804639,-0.025934,0.009456,-0.035390,41.393415,2.856500,3.153096,2.559904,0.168742,0.153558,0.057729,-0.007463,-0.036232,-0.022059,-0.076389,-0.107383,-0.674020,0.527550,-0.928456,-0.767483,0.099174,418310.000000,625632.000000,-0.121023
2021-06-16,2.660000,2.700000,2.580000,2.650000,469800,0.000000,0.000000,2.660000,2.700000,2.580000,2.650000,2.852000,2.772400,2.852500,3.363150,2.758904,2.793184,-0.034280,0.000708,-0.034988,40.906963,2.852000,3.158601,2.545399,0.170582,0.151161,0.057042,-0.003759,-0.032847,-0.032847,-0.073427,-0.116667,-0.691860,0.526860,-0.928725,-0.768357,0.095041,423500.000000,1244970.000000,-0.111465
2021-06-17,2.650000,2.710000,2.610000,2.680000,374200,0.000000,0.000000,2.650000,2.710000,2.610000,2.680000,2.853000,2.775800,2.849600,3.350950,2.746765,2.784800,-0.038035,-0.007040,-0.030995,43.068520,2.853000,3.157084,2.548916,0.215540,0.147507,0.055040,0.011321,-0.025455,-0.021898,-0.032491,-0.082192,-0.677497,0.528605,-0.927918,-0.765734,0.107438,419785.000000,1002856.000000,-0.112177
2021-06-18,2.650000,2.700000,2.600000,2.610000,575500,0.000000,0.000000,2.650000,2.700000,2.600000,2.610000,2.843500,2.777400,2.845800,3.340100,2.725724,2.771852,-0.046128,-0.014858,-0.031270,39.443066,2.843500,3.165878,2.521122,0.137847,0.144114,0.055216,-0.026119,-0.040441,-0.018797,-0.057762,-0.144262,-0.712555,0.526606,-0.929801,-0.771853,0.078512,424660.000000,1502055.000000,-0.119444
2021-06-21,2.630000,2.670000,2.470000,2.530000,691700,0.000000,0.000000,2.630000,2.670000,2.470000,2.530000,2.822500,2.776400,2.843000,3.330450,2.695613,2.753937,-0.058324,-0.023551,-0.034773,35.740215,2.822500,3.169449,2.475551,0.078468,0.148105,0.058540,-0.030651,-0.055970,-0.096429,-0.066421,-0.181230,-0.747253,0.499287,-0.931953,-0.778846,0.045455,427480.000000,1750001.000000,-0.123527
2021-06-22,2.500000,2.640000,2.450000,2.640000,588100,0.000000,0.000000,2.500000,2.640000,2.450000,2.640000,2.799000,2.778800,2.840900,3.321700,2.687057,2.745497,-0.058440,-0.030529,-0.027911,43.582883,2.799000,3.127114,2.470886,0.257706,0.151098,0.057234,0.043478,-0.007519,-0.105085,0.035294,-0.156550,-0.759344,0.485570,-0.928994,-0.769231,0.090909,400945.000000,1552584.000000,-0.042238
2021-06-23,2.610000,2.720000,2.600000,2.680000,475800,0.000000,0.000000,2.610000,2.720000,2.600000,2.680000,2.787000,2.781200,2.840300,3.313400,2.685971,2.740645,-0.054674,-0.035358,-0.019316,46.156308,2.787000,3.114035,2.459965,0.336409,0.148877,0.055551,0.015152,0.011321,-0.138264,0.067729,-0.143770,-0.756806,0.442645,-0.927918,-0.765734,0.107438,398570.000000,1275144.000000,-0.033324
2021-06-24,2.720000,2.860000,2.630000,2.850000,515700,0.000000,0.000000,2.720000,2.860000,2.630000,2.850000,2.781000,2.785800,2.841400,3.305400,2.711206,2.748746,-0.037539,-0.035794,-0.001745,55.455907,2.781000,3.098152,2.463848,0.608781,0.154671,0.054271,0.063433,0.063433,-0.023973,0.087786,-0.040404,-0.740909,0.459664,-0.923346,-0.750874,0.177686,412700.000000,1469745.000000,-0.019477
2021-06-25,2.840000,2.940000,2.810000,2.910000,3516900,0.000000,0.000000,2.840000,2.940000,2.810000,2.910000,2.771000,2.789200,2.841700,3.296100,2.741790,2.760691,-0.018900,-0.032415,0.013515,58.199964,2.771000,3.055394,2.486606,0.744379,0.152909,0.052546,0.021053,0.114943,-0.020202,0.150198,-0.003425,-0.745629,0.461786,-0.921732,-0.733028,0.202479,570900.000000,10234179.000000,0.057216
2021-06-28,2.920000,2.980000,2.860000,2.920000,300500,0.000000,0.000000,2.920000,2.980000,2.860000,2.920000,2.766500,2.792000,2.841500,3.285500,2.769207,2.772491,-0.003284,-0.026589,0.023305,58.657092,2.766500,3.037504,2.495496,0.783206,0.150558,0.051561,0.003436,0.154150,-0.061093,0.206612,0.035461,-0.732110,0.428512,-0.921463,-0.726336,0.206612,563845.000000,877460.000000,0.096282
2021-06-29,2.860000,2.940000,2.820000,2.910000,265400,0.000000,0.000000,2.860000,2.940000,2.820000,2.910000,2.765000,2.796000,2.837500,3.275650,2.790867,2.782677,0.008190,-0.019633,0.027824,57.974311,2.765000,3.032267,2.497733,0.771264,0.148376,0.050988,-0.003425,0.102273,-0.033223,0.145669,0.119231,-0.727273,0.414932,-0.921732,-0.654394,0.202479,564545.000000,772314.000000,0.031994
2021-06-30,2.890000,2.960000,2.830000,2.860000,258900,0.000000,0.000000,2.890000,2.960000,2.830000,2.860000,2.757500,2.796600,2.834400,3.263850,2.801503,2.788405,0.013099,-0.013087,0.026185,54.554917,2.757500,3.003382,2.511618,0.708433,0.147063,0.051421,-0.017182,0.067164,-0.027211,0.063197,0.032491,-0.660333,0.411398,-0.923077,-0.654589,0.181818,558870.000000,740454.000000,-0.031699
2021-07-01,2.890000,2.900000,2.800000,2.820000,200000,0.000000,0.000000,2.890000,2.900000,2.800000,2.820000,2.749000,2.795200,2.827900,3.250850,2.804349,2.790745,0.013604,-0.007749,0.021353,51.916788,2.749000,2.971701,2.526299,0.659406,0.143701,0.050958,-0.013986,-0.010526,-0.063123,0.021739,-0.037543,-0.659420,0.403442,-0.924153,-0.642132,0.165289,552795.000000,564000.000000,-0.055580
2021-07-02,2.860000,2.860000,2.690000,2.760000,225100,0.000000,0.000000,2.860000,2.860000,2.690000,2.760000,2.743500,2.795000,2.821500,3.234950,2.797526,2.788468,0.009058,-0.004387,0.013446,48.155120,2.743500,2.958933,2.528067,0.538295,0.145580,0.052746,-0.021277,-0.051546,-0.076923,-0.017794,-0.064407,-0.645700,0.408355,-0.925767,-0.649746,0.140496,542590.000000,621276.000000,-0.085922
2021-07-06,2.760000,2.780000,2.580000,2.590000,478200,0.000000,0.000000,2.760000,2.780000,2.580000,2.590000,2.736000,2.790000,2.814400,3.218350,2.765599,2.773766,-0.008167,-0.005143,-0.003024,39.436407,2.736000,2.962125,2.509875,0.177170,0.149467,0.057709,-0.061594,-0.113014,-0.097561,-0.040741,-0.136667,-0.671320,0.438288,-0.930339,-0.670902,0.070248,538690.000000,1238538.000000,-0.111206
2021-07-07,2.600000,2.650000,2.510000,2.630000,298700,0.000000,0.000000,2.600000,2.650000,2.510000,2.630000,2.729500,2.785000,2.808600,3.202450,2.744738,2.763117,-0.018379,-0.007791,-0.010589,42.093068,2.729500,2.960149,2.498851,0.284304,0.148791,0.056574,0.015444,-0.096220,-0.040146,0.047809,-0.099315,-0.665820,0.417067,-0.929263,-0.651656,0.086777,533165.000000,785581.000000,-0.023506
2021-07-08,2.560000,2.620000,2.550000,2.590000,298200,0.000000,0.000000,2.560000,2.620000,2.550000,2.590000,2.722000,2.780200,2.801800,3.187850,2.720932,2.750294,-0.029362,-0.012105,-0.017257,40.194293,2.722000,2.960822,2.483178,0.223643,0.143877,0.055551,-0.015209,-0.094406,-0.061594,0.023715,-0.136667,-0.656954,0.418288,-0.930339,-0.651882,0.070248,531905.000000,772338.000000,-0.029105
2021-07-09,2.610000,2.680000,2.600000,2.670000,123900,0.000000,0.000000,2.610000,2.680000,2.600000,2.670000,2.718000,2.775800,2.792500,3.175100,2.713096,2.744346,-0.031250,-0.015934,-0.015316,45.490333,2.718000,2.957526,2.478474,0.399802,0.140029,0.052445,0.030888,-0.053191,-0.025547,0.034884,-0.130293,-0.641129,0.433636,-0.928187,-0.641129,0.103306,524195.000000,330813.000000,-0.022794
2021-07-12,2.690000,2.690000,2.620000,2.660000,105300,0.000000,0.000000,2.690000,2.690000,2.620000,2.660000,2.715000,2.771000,2.783600,3.163950,2.704927,2.738098,-0.033171,-0.019381,-0.013789,44.954443,2.715000,2.955919,2.474081,0.385854,0.135027,0.050762,-0.003745,-0.036232,-0.032727,0.055556,-0.113333,-0.642473,0.433420,-0.928456,-0.618364,0.099174,515870.000000,280098.000000,-0.008216
2021-07-13,2.650000,2.760000,2.610000,2.640000,225100,0.000000,0.000000,2.650000,2.760000,2.610000,2.640000,2.713000,2.767000,2.777100,3.152950,2.694939,2.730831,-0.035893,-0.022684,-0.013209,43.842039,2.713000,2.955799,2.470201,0.349670,0.136096,0.051552,-0.007519,0.019305,-0.029412,0.031250,-0.120000,-0.619597,0.432624,-0.928994,-0.621234,0.090909,511110.000000,594264.000000,-0.017446
2021-07-14,2.600000,2.660000,2.510000,2.540000,283600,0.000000,0.000000,2.600000,2.660000,2.510000,2.540000,2.707000,2.763600,2.766700,3.140400,2.671102,2.716696,-0.045594,-0.027266,-0.018328,38.687236,2.707000,2.960987,2.453013,0.171243,0.137089,0.053972,-0.037879,-0.034221,-0.052239,-0.030534,-0.167213,-0.620896,0.448967,-0.931684,-0.635581,0.049587,513530.000000,720344.000000,-0.087333
2021-07-15,2.520000,2.620000,2.490000,2.580000,318100,0.000000,0.000000,2.520000,2.620000,2.490000,2.580000,2.703500,2.762600,2.758100,3.129550,2.657086,2.706570,-0.049484,-0.031709,-0.017775,41.642930,2.703500,2.962671,2.444329,0.261740,0.136583,0.052939,0.015748,-0.003861,-0.030075,-0.058394,-0.116438,-0.609091,0.452704,-0.930608,-0.629842,0.066116,505945.000000,820698.000000,-0.094321
2021-07-16,2.560000,2.610000,2.470000,2.490000,311300,0.000000,0.000000,2.560000,2.610000,2.470000,2.490000,2.694000,2.760200,2.751700,3.117500,2.631381,2.690528,-0.059147,-0.037197,-0.021950,37.287428,2.694000,2.970169,2.417831,0.130661,0.136827,0.054951,-0.034884,-0.067416,-0.060377,-0.104317,-0.170000,-0.622727,0.467630,-0.933029,-0.642755,0.028926,502800.000000,775137.000000,-0.130995
2021-07-19,2.460000,2.520000,2.440000,2.470000,454600,0.000000,0.000000,2.460000,2.520000,2.440000,2.470000,2.687000,2.758600,2.743300,3.105250,2.606553,2.674193,-0.067640,-0.043285,-0.024354,36.376897,2.687000,2.978789,2.395211,0.128156,0.132768,0.053752,-0.008032,-0.071429,-0.078358,-0.088561,-0.159864,-0.645624,0.465198,-0.933566,-0.644092,0.020661,496755.000000,1122862.000000,-0.114448
2021-07-20,2.490000,2.510000,2.400000,2.470000,238100,0.000000,0.000000,2.490000,2.510000,2.400000,2.470000,2.684000,2.755000,2.737500,3.091000,2.585545,2.659067,-0.073522,-0.049333,-0.024190,36.376897,2.684000,2.983712,2.384288,0.142991,0.131142,0.053094,0.000000,-0.064394,-0.053640,-0.127208,-0.168350,-0.644092,0.457916,-0.933566,-0.636765,0.020661,474075.000000,588107.000000,-0.178898
2021-07-21,2.490000,2.570000,2.480000,2.540000,144800,0.000000,0.000000,2.490000,2.570000,2.480000,2.540000,2.679000,2.751600,2.734900,3.078900,2.578538,2.650247,-0.071710,-0.053808,-0.017901,42.114609,2.679000,2.985072,2.372928,0.272929,0.128917,0.050755,0.028340,0.000000,0.003953,-0.121107,-0.138983,-0.624260,0.457374,-0.931684,-0.626471,0.049587,451910.000000,367792.000000,-0.169976
2021-07-22,2.550000,2.580000,2.510000,2.550000,97300,0.000000,0.000000,2.550000,2.580000,2.510000,2.550000,2.672500,2.746200,2.731100,3.066800,2.574147,2.642822,-0.068674,-0.056781,-0.011893,42.906737,2.672500,2.983957,2.361043,0.303343,0.124709,0.048905,0.003937,-0.011628,-0.034091,-0.079422,-0.147157,-0.625000,0.430361,-0.931415,-0.590032,0.053719,432985.000000,248115.000000,-0.142106
2021-07-23,2.560000,2.560000,2.430000,2.460000,272800,0.000000,0.000000,2.560000,2.560000,2.430000,2.460000,2.653000,2.740600,2.726500,3.054300,2.556586,2.629279,-0.072693,-0.059964,-0.012729,37.882274,2.653000,2.966493,2.339507,0.192178,0.125087,0.050848,-0.035294,-0.012048,-0.082090,-0.133803,-0.160410,-0.594059,0.441400,-0.933835,-0.604502,0.016529,420840.000000,671088.000000,-0.192317
2021-07-26,2.460000,2.540000,2.430000,2.440000,101200,0.000000,0.000000,2.460000,2.540000,2.430000,2.440000,2.629500,2.734600,2.722700,3.040750,2.538650,2.615259,-0.076609,-0.063293,-0.013316,36.849587,2.629500,2.932153,2.326847,0.186935,0.124009,0.050823,-0.008130,-0.012146,-0.143860,-0.152778,-0.178451,-0.559567,0.367721,-0.934373,-0.607717,0.008264,250055.000000,246928.000000,-0.202423
2021-07-27,2.420000,2.460000,2.360000,2.380000,280000,0.000000,0.000000,2.420000,2.460000,2.360000,2.380000,2.602500,2.727800,2.719900,3.026250,2.514242,2.597832,-0.083590,-0.067352,-0.016238,33.866858,2.602500,2.892100,2.312900,0.115850,0.122294,0.051384,-0.024590,-0.036437,-0.182131,-0.159011,-0.204013,-0.557621,0.357526,-0.935987,-0.617363,0.000000,249030.000000,666400.000000,-0.199490
2021-07-28,2.380000,2.470000,2.380000,2.450000,126700,0.000000,0.000000,2.380000,2.470000,2.380000,2.450000,2.579500,2.722000,2.718300,3.011600,2.504359,2.586882,-0.082523,-0.070386,-0.012136,39.971626,2.579500,2.837629,2.321371,0.249156,0.119988,0.048975,0.029412,-0.035433,-0.160959,-0.152249,-0.128114,-0.549632,0.379800,-0.934104,-0.606109,0.029412,242095.000000,310415.000000,-0.202890
2021-07-29,2.460000,2.470000,2.380000,2.390000,96800,0.000000,0.000000,2.460000,2.470000,2.380000,2.390000,2.556000,2.715000,2.717000,2.994600,2.486765,2.572298,-0.085533,-0.073416,-0.012117,36.833097,2.556000,2.791162,2.320838,0.147051,0.117846,0.049308,-0.024490,-0.062745,-0.178694,-0.175862,-0.161404,-0.552434,0.383561,-0.935718,-0.615756,0.004202,233990.000000,231352.000000,-0.225264
2021-07-30,2.360000,2.400000,2.280000,2.300000,361400,0.000000,0.000000,2.360000,2.400000,2.280000,2.300000,2.530000,2.707800,2.712500,2.985700,2.458032,2.552128,-0.094095,-0.077552,-0.016544,32.687120,2.530000,2.757110,2.302890,-0.006363,0.117999,0.051304,-0.037657,-0.065041,-0.195804,-0.190141,-0.160584,-0.570896,0.395406,-0.938139,-0.630225,0.000000,242060.000000,831220.000000,-0.240991
2021-08-02,2.310000,2.360000,2.310000,2.360000,64900,0.000000,0.000000,2.310000,2.360000,2.310000,2.360000,2.510000,2.699000,2.707700,2.980800,2.442950,2.537896,-0.094946,-0.081030,-0.013915,37.720151,2.510000,2.721760,2.298240,0.145825,0.113857,0.048244,0.026087,-0.032787,-0.163121,-0.129151,-0.138686,-0.573237,0.414265,-0.936525,-0.620579,0.026087,234050.000000,153164.000000,-0.185714
2021-08-03,2.370000,2.380000,2.250000,2.300000,169200,0.000000,0.000000,2.370000,2.380000,2.250000,2.300000,2.495500,2.686000,2.701600,2.977350,2.420958,2.520274,-0.099316,-0.084687,-0.014629,34.909184,2.495500,2.723302,2.267698,0.070899,0.115010,0.050004,-0.025424,-0.033613,-0.166667,-0.125475,-0.201389,-0.604811,0.416170,-0.938139,-0.630225,0.000000,218600.000000,389160.000000,-0.208197
2021-08-04,2.310000,2.360000,2.280000,2.280000,101000,0.000000,0.000000,2.310000,2.360000,2.280000,2.280000,2.478000,2.669400,2.695900,2.974450,2.399272,2.502476,-0.103204,-0.088391,-0.014813,33.999647,2.478000,2.715850,2.240150,0.083771,0.112509,0.049346,-0.008696,-0.069388,-0.119691,-0.126437,-0.224490,-0.599297,0.368445,-0.938677,-0.633441,0.000000,208715.000000,230280.000000,-0.214647
2021-08-05,2.290000,2.390000,2.290000,2.380000,109200,0.000000,0.000000,2.290000,2.390000,2.290000,2.380000,2.467500,2.658600,2.690700,2.969300,2.396307,2.493404,-0.097096,-0.090132,-0.006965,42.119817,2.467500,2.703062,2.231938,0.314274,0.112330,0.047197,0.043860,-0.004184,-0.095057,-0.066667,-0.280967,-0.602671,0.400811,-0.935987,-0.617363,0.043860,199265.000000,259896.000000,-0.159258
2021-08-06,2.400000,2.400000,2.250000,2.320000,215800,0.000000,0.000000,2.400000,2.400000,2.250000,2.320000,2.450000,2.645600,2.685100,2.960050,2.384568,2.480559,-0.095991,-0.091304,-0.004688,39.017976,2.450000,2.673936,2.226064,0.209739,0.115021,0.049578,-0.025210,0.008696,-0.104247,-0.124528,-0.268139,-0.618421,0.405664,-0.937601,-0.627010,0.017544,203860.000000,500656.000000,-0.203317
2021-08-09,2.310000,2.390000,2.300000,2.380000,77500,0.000000,0.000000,2.310000,2.390000,2.300000,2.380000,2.436000,2.631000,2.680300,2.951100,2.383865,2.473110,-0.089245,-0.090892,0.001647,43.498968,2.436000,2.638656,2.233344,0.361835,0.113233,0.047577,0.025862,0.008475,-0.108614,-0.121771,-0.314121,-0.617363,0.400414,-0.935987,-0.601340,0.043860,202470.000000,184450.000000,-0.230586
2021-08-10,2.600000,2.600000,2.360000,2.410000,116400,0.000000,0.000000,2.600000,2.600000,2.360000,2.410000,2.424500,2.619000,2.676700,2.940600,2.387886,2.468435,-0.080550,-0.088824,0.008274,45.649427,2.424500,2.603088,2.245912,0.459404,0.122288,0.050742,0.012605,0.047826,-0.093985,-0.145390,-0.291176,-0.592217,0.405119,-0.935180,-0.596315,0.057018,197035.000000,280524.000000,-0.249850
2021-08-11,2.410000,2.440000,2.310000,2.360000,279000,0.000000,0.000000,2.410000,2.440000,2.310000,2.360000,2.415500,2.607400,2.672600,2.929650,2.383596,2.460403,-0.076807,-0.086420,0.009613,42.730356,2.415500,2.587605,2.243395,0.338761,0.122839,0.052050,-0.020747,0.035088,-0.106061,-0.138686,-0.284848,-0.562152,0.408984,-0.936525,-0.604690,0.035088,196805.000000,658440.000000,-0.271705
2021-08-12,2.340000,2.790000,2.340000,2.580000,1065400,0.000000,0.000000,2.340000,2.790000,2.340000,2.580000,2.415500,2.598800,2.671300,2.920150,2.413812,2.469262,-0.055450,-0.080226,0.024776,56.047952,2.415500,2.587605,2.243395,0.977907,0.146208,0.056670,0.093220,0.084034,0.015748,-0.058394,-0.196262,-0.539286,0.514702,-0.930608,-0.567839,0.131579,234170.000000,2748732.000000,-0.187253
2021-08-13,2.580000,2.730000,2.540000,2.660000,278600,0.000000,0.000000,2.580000,2.730000,2.540000,2.660000,2.424000,2.592200,2.672400,2.912100,2.451687,2.483391,-0.031704,-0.070522,0.038818,59.716394,2.424000,2.625823,2.222177,1.084670,0.149336,0.056141,0.031008,0.146552,0.031008,-0.022059,-0.186544,-0.543739,0.522775,-0.928456,-0.554439,0.166667,232535.000000,741076.000000,-0.125776
2021-08-16,2.660000,2.660000,2.550000,2.610000,160300,0.000000,0.000000,2.660000,2.660000,2.550000,2.610000,2.431000,2.587000,2.673400,2.901650,2.476043,2.492769,-0.016727,-0.059763,0.043036,56.540078,2.431000,2.648633,2.213367,0.911242,0.146526,0.056140,-0.018797,0.096639,0.048193,-0.047445,-0.275000,-0.541301,0.511335,-0.929801,-0.562814,0.144737,217820.000000,418383.000000,-0.153186
2021-08-17,2.610000,2.690000,2.460000,2.520000,229200,0.000000,0.000000,2.610000,2.690000,2.460000,2.520000,2.433500,2.582600,2.672400,2.891750,2.482805,2.494786,-0.011981,-0.050206,0.038225,51.255308,2.433500,2.654147,2.212853,0.696014,0.152488,0.060511,-0.034483,0.045643,0.020243,-0.080292,-0.290141,-0.563258,0.526337,-0.932222,-0.577889,0.105263,217375.000000,577584.000000,-0.181959
2021-08-18,2.510000,2.540000,2.450000,2.460000,272200,0.000000,0.000000,2.510000,2.540000,2.450000,2.460000,2.429500,2.576600,2.671700,2.880950,2.479297,2.492210,-0.012913,-0.042748,0.029835,48.032055,2.429500,2.644855,2.214145,0.570813,0.148025,0.060173,-0.023810,0.042373,-0.004049,-0.075188,-0.252280,-0.574394,0.533585,-0.933835,-0.587940,0.078947,223745.000000,669612.000000,-0.167383
2021-08-19,2.500000,2.550000,2.400000,2.430000,268500,0.000000,0.000000,2.500000,2.550000,2.400000,2.430000,2.423500,2.570400,2.671800,2.876400,2.471713,2.487601,-0.015889,-0.037376,0.021487,46.458874,2.423500,2.631273,2.215727,0.515642,0.148166,0.060974,-0.012195,-0.058140,-0.043307,-0.132143,-0.321229,-0.566845,0.525188,-0.934642,-0.592965,0.065789,232305.000000,652455.000000,-0.206468
2021-08-20,2.480000,2.680000,2.410000,2.590000,285900,0.000000,0.000000,2.480000,2.680000,2.410000,2.590000,2.430000,2.567200,2.672300,2.873550,2.489911,2.495187,-0.005276,-0.030956,0.025680,54.936200,2.430000,2.650335,2.209665,0.863084,0.156868,0.060567,0.065844,-0.026316,0.015686,-0.122034,-0.247093,-0.566164,0.574843,-0.930339,-0.563973,0.135965,232960.000000,740481.000000,-0.214356
2021-08-23,2.570000,2.640000,2.570000,2.620000,166400,0.000000,0.000000,2.570000,2.640000,2.570000,2.620000,2.439000,2.565200,2.671600,2.870050,2.509924,2.504432,0.005492,-0.023666,0.029159,56.332304,2.439000,2.675189,2.202811,0.883168,0.150664,0.057505,0.011583,0.003831,0.065041,-0.157556,-0.162939,-0.537102,0.559933,-0.929532,-0.558923,0.149123,236220.000000,435968.000000,-0.251361
2021-08-24,2.660000,2.670000,2.590000,2.640000,141800,0.000000,0.000000,2.660000,2.670000,2.590000,2.640000,2.452000,2.564400,2.670400,2.864400,2.529936,2.514474,0.015462,-0.015841,0.031303,57.282448,2.452000,2.702692,2.201308,0.874963,0.145616,0.055158,0.007634,0.047619,0.081967,-0.095890,-0.202417,-0.469880,0.558438,-0.928994,-0.555556,0.157895,229310.000000,374352.000000,-0.195664
2021-08-25,2.640000,2.700000,2.590000,2.670000,176600,0.000000,0.000000,2.640000,2.700000,2.590000,2.670000,2.463000,2.564600,2.669000,2.855250,2.551484,2.525994,0.025490,-0.007574,0.033064,58.732919,2.463000,2.731963,2.194037,0.884811,0.143072,0.053585,0.011364,0.085366,0.121849,-0.101010,-0.124590,-0.480545,0.548780,-0.928187,-0.550505,0.171053,231805.000000,471522.000000,-0.195919
2021-08-26,2.670000,2.730000,2.640000,2.730000,127500,0.000000,0.000000,2.670000,2.730000,2.640000,2.730000,2.480000,2.566200,2.669300,2.846300,2.578948,2.541106,0.037842,0.001509,0.036333,61.545255,2.480000,2.771566,2.188434,0.928720,0.139281,0.051019,0.022472,0.123457,0.114286,-0.122186,-0.025000,-0.483932,0.545574,-0.926573,-0.540404,0.197368,233340.000000,348075.000000,-0.210240
2021-08-27,2.730000,2.770000,2.700000,2.700000,107300,0.000000,0.000000,2.730000,2.770000,2.700000,2.700000,2.500000,2.566600,2.671200,2.837150,2.597572,2.552876,0.044696,0.010146,0.034549,59.366736,2.500000,2.794440,2.205560,0.839628,0.134333,0.049753,-0.010989,0.042471,0.129707,-0.102990,-0.078498,-0.455645,0.538109,-0.927380,-0.545455,0.184211,220635.000000,289710.000000,-0.203418
2021-08-30,2.740000,2.750000,2.670000,2.690000,114900,0.000000,0.000000,2.740000,2.750000,2.670000,2.690000,2.516500,2.568200,2.672800,2.826300,2.611791,2.563033,0.048758,0.017869,0.030890,58.621850,2.516500,2.814866,2.218134,0.790751,0.130452,0.048495,-0.003704,0.026718,0.169565,-0.085034,-0.078767,-0.468379,0.515495,-0.927649,-0.547138,0.179825,223135.000000,309081.000000,-0.196373
2021-08-31,2.720000,2.750000,2.630000,2.670000,227500,0.000000,0.000000,2.720000,2.750000,2.630000,2.670000,2.535000,2.571000,2.673700,2.818700,2.620747,2.570957,0.049790,0.024253,0.025537,57.079298,2.535000,2.822530,2.247470,0.734758,0.129705,0.048579,-0.007435,0.011364,0.131356,-0.112957,-0.053191,-0.478516,0.513731,-0.928187,-0.550505,0.171053,226050.000000,607425.000000,-0.222209
2021-09-01,2.700000,2.800000,2.700000,2.800000,157100,0.000000,0.000000,2.700000,2.800000,2.700000,2.800000,2.561000,2.574200,2.676500,2.813050,2.648324,2.587923,0.060401,0.031483,0.028919,63.755384,2.561000,2.845468,2.276532,0.920082,0.129726,0.046331,0.048689,0.048689,0.217391,-0.063545,0.052632,-0.414226,0.520034,-0.924691,-0.528620,0.228070,228855.000000,439880.000000,-0.188035
2021-09-02,2.790000,2.850000,2.780000,2.810000,150100,0.000000,0.000000,2.790000,2.850000,2.780000,2.810000,2.582500,2.576800,2.679000,2.809000,2.673197,2.604373,0.068824,0.038951,0.029873,64.216467,2.582500,2.874273,2.290727,0.889858,0.125460,0.044648,0.003571,0.029304,0.232456,-0.020906,0.076628,-0.369955,0.516227,-0.924422,-0.526936,0.232456,230900.000000,421781.000000,-0.130696
2021-09-03,2.810000,2.810000,2.710000,2.740000,164900,0.000000,0.000000,2.810000,2.810000,2.710000,2.740000,2.603500,2.574600,2.680200,2.805750,2.683475,2.614419,0.069055,0.044972,0.024083,58.597011,2.603500,2.875512,2.331488,0.750908,0.123641,0.045125,-0.024911,0.014815,0.151261,0.000000,0.087302,-0.375854,0.515187,-0.926304,-0.538721,0.201754,228355.000000,451826.000000,-0.106745
2021-09-07,2.750000,2.800000,2.690000,2.720000,101200,0.000000,0.000000,2.750000,2.800000,2.690000,2.720000,2.620500,2.570800,2.680000,2.802450,2.689094,2.622240,0.066854,0.049348,0.017506,57.060622,2.620500,2.875676,2.365324,0.694964,0.122667,0.045098,-0.007299,0.011152,0.172414,-0.014493,-0.010909,-0.373272,0.504609,-0.926842,-0.542088,0.192982,229540.000000,275264.000000,-0.118581
2021-09-08,2.710000,2.790000,2.660000,2.730000,121400,0.000000,0.000000,2.710000,2.790000,2.660000,2.730000,2.636500,2.567000,2.679500,2.799100,2.695387,2.630222,0.065165,0.052511,0.012653,57.658411,2.636500,2.875733,2.397267,0.695416,0.123191,0.045125,0.003676,0.022472,0.147059,-0.003650,-0.038732,-0.386517,0.500590,-0.926573,-0.540404,0.197368,229790.000000,331422.000000,-0.102479
2021-09-09,2.720000,2.790000,2.690000,2.770000,82400,0.000000,0.000000,2.720000,2.790000,2.690000,2.770000,2.657000,2.564200,2.680100,2.797250,2.706866,2.640576,0.066290,0.055267,0.011023,60.053986,2.657000,2.864654,2.449346,0.772088,0.121534,0.043875,0.014652,-0.010714,0.149378,0.007273,-0.048110,-0.419287,0.500928,-0.925498,-0.533670,0.214912,219960.000000,228248.000000,-0.080309
2021-09-10,2.790000,2.790000,2.700000,2.720000,89000,0.000000,0.000000,2.790000,2.790000,2.700000,2.720000,2.664000,2.561400,2.679000,2.795450,2.708887,2.646460,0.062427,0.056699,0.005728,55.803862,2.664000,2.870158,2.457842,0.635818,0.119282,0.043854,-0.018051,-0.032028,0.152542,0.000000,-0.045614,-0.460317,0.499122,-0.926842,-0.542088,0.192982,171140.000000,242080.000000,-0.074351
2021-09-13,2.710000,2.770000,2.660000,2.710000,111500,0.000000,0.000000,2.710000,2.770000,2.660000,2.710000,2.666500,2.559200,2.677200,2.793500,2.709058,2.651166,0.057892,0.056938,0.000954,54.966007,2.666500,2.873664,2.459336,0.604989,0.118619,0.043771,-0.003676,-0.010949,0.050388,0.011194,-0.065517,-0.444672,0.389672,-0.927111,-0.543771,0.188596,162785.000000,302165.000000,-0.054520
2021-09-14,2.710000,2.720000,2.580000,2.610000,201100,0.000000,0.000000,2.710000,2.720000,2.580000,2.610000,2.666500,2.556200,2.675600,2.791850,2.693818,2.648117,0.045701,0.054690,-0.008989,47.315466,2.666500,2.873664,2.459336,0.363634,0.120146,0.046033,-0.036900,-0.040441,-0.018797,-0.018797,-0.093750,-0.500000,0.398263,-0.929801,-0.560606,0.144737,164825.000000,524871.000000,-0.087362
2021-09-15,2.590000,2.730000,2.570000,2.650000,176500,0.000000,0.000000,2.590000,2.730000,2.570000,2.650000,2.673000,2.557400,2.673700,2.789950,2.687077,2.648256,0.038821,0.051516,-0.012696,50.295611,2.673000,2.868647,2.477353,0.441221,0.122993,0.046412,0.015326,-0.029304,0.015326,0.000000,-0.073427,-0.511070,0.396162,-0.928725,-0.553872,0.162281,162190.000000,467725.000000,-0.079906
2021-09-16,2.630000,2.660000,2.590000,2.650000,102000,0.000000,0.000000,2.630000,2.660000,2.590000,2.650000,2.682500,2.557800,2.671400,2.789250,2.681373,2.648386,0.032987,0.047811,-0.014823,50.295611,2.682500,2.851195,2.513805,0.403672,0.119208,0.044984,0.000000,-0.043321,0.051587,-0.011194,-0.043321,-0.553872,0.374654,-0.928725,-0.551607,0.162281,153680.000000,270300.000000,-0.083261
2021-09-17,2.670000,2.720000,2.630000,2.690000,102700,0.000000,0.000000,2.670000,2.720000,2.630000,2.690000,2.695500,2.559800,2.670000,2.787950,2.682700,2.651468,0.031232,0.044495,-0.013263,53.355621,2.695500,2.815232,2.575768,0.477032,0.117121,0.043540,0.015094,-0.011029,0.093496,0.030651,-0.028881,-0.544839,0.364113,-0.927649,-0.537005,0.179825,145390.000000,276263.000000,-0.041591
2021-09-20,2.620000,2.680000,2.520000,2.560000,222100,0.000000,0.000000,2.620000,2.680000,2.520000,2.560000,2.694000,2.557600,2.666700,2.786000,2.663823,2.644693,0.019130,0.039422,-0.020292,43.896942,2.694000,2.819891,2.568109,-0.032208,0.120898,0.047226,-0.048327,-0.055351,0.053498,0.011858,-0.055351,-0.559380,0.404297,-0.931146,-0.557858,0.122807,142200.000000,568576.000000,-0.028620
2021-09-21,2.550000,2.640000,2.520000,2.600000,155500,0.000000,0.000000,2.550000,2.640000,2.520000,2.600000,2.693000,2.556400,2.663700,2.784400,2.654004,2.641382,0.012622,0.034062,-0.021440,47.009718,2.693000,2.821653,2.564347,0.138562,0.120834,0.046475,0.015625,-0.003831,0.003861,-0.015152,0.019608,-0.528131,0.337529,-0.930070,-0.550950,0.140351,141655.000000,404300.000000,-0.049749
2021-09-22,2.710000,2.940000,2.680000,2.790000,714100,0.000000,0.000000,2.710000,2.940000,2.680000,2.790000,2.700500,2.559400,2.663200,2.783850,2.674927,2.652391,0.022536,0.031757,-0.009221,58.724453,2.700500,2.833557,2.567443,0.836322,0.136489,0.048921,0.073077,0.052830,0.064885,0.041045,0.111554,-0.465517,0.420278,-0.924960,-0.518135,0.223684,170270.000000,1992339.000000,-0.002756
2021-09-23,2.790000,2.790000,2.710000,2.780000,206200,0.000000,0.000000,2.790000,2.790000,2.710000,2.780000,2.706000,2.564200,2.663900,2.783150,2.691092,2.661843,0.029248,0.031255,-0.002007,57.997715,2.706000,2.842790,2.569210,0.770487,0.132454,0.047645,-0.003584,0.049057,0.053030,-0.024561,0.061069,-0.431493,0.420627,-0.925229,-0.519862,0.219298,171750.000000,573236.000000,-0.072059
2021-09-24,2.740000,2.960000,2.740000,2.870000,286900,0.000000,0.000000,2.740000,2.960000,2.740000,2.870000,2.713000,2.570000,2.666300,2.782850,2.718616,2.677262,0.041354,0.033275,0.008079,62.496157,2.713000,2.868069,2.557931,1.006227,0.138707,0.048330,0.032374,0.066914,0.074906,-0.013746,0.134387,-0.407025,0.432159,-0.922808,-0.504318,0.258772,179720.000000,823403.000000,-0.061607
2021-09-27,2.850000,3.000000,2.850000,2.950000,186100,0.000000,0.000000,2.850000,3.000000,2.850000,2.950000,2.725500,2.579200,2.669700,2.783400,2.754214,2.697465,0.056748,0.037970,0.018779,65.983620,2.725500,2.913058,2.537942,1.098482,0.139514,0.047293,0.027875,0.152344,0.080586,0.010274,0.219008,-0.415842,0.435494,-0.920656,-0.490501,0.293860,183660.000000,548995.000000,-0.022101
2021-09-28,2.950000,2.990000,2.870000,2.910000,119200,0.000000,0.000000,2.950000,2.990000,2.870000,2.910000,2.736500,2.588000,2.673300,2.783400,2.778181,2.713209,0.064972,0.043370,0.021602,62.837278,2.736500,2.940386,2.532614,0.925483,0.138120,0.047464,-0.013559,0.119231,0.077778,0.000000,0.145669,-0.387368,0.436701,-0.921732,-0.497409,0.276316,183875.000000,346872.000000,-0.001263
2021-09-29,2.910000,2.910000,2.770000,2.790000,168200,0.000000,0.000000,2.910000,2.910000,2.770000,2.790000,2.742500,2.594400,2.674700,2.782450,2.779999,2.718897,0.061102,0.046917,0.014186,54.449122,2.742500,2.945205,2.539795,0.617165,0.138254,0.049554,-0.041237,0.000000,0.037175,-0.024476,0.037175,-0.430612,0.463501,-0.924960,-0.518135,0.223684,180910.000000,469278.000000,-0.025061
2021-09-30,2.810000,2.830000,2.720000,2.760000,100500,0.000000,0.000000,2.810000,2.830000,2.720000,2.760000,2.740500,2.598800,2.675200,2.781250,2.776922,2.721941,0.054981,0.048529,0.006451,52.560130,2.740500,2.941600,2.539400,0.548483,0.136236,0.049361,-0.010753,-0.007194,0.033708,-0.021277,0.000000,-0.439024,0.464506,-0.925767,-0.523316,0.210526,178080.000000,277380.000000,-0.016195
2021-10-01,2.780000,2.810000,2.680000,2.750000,311500,0.000000,0.000000,2.780000,2.810000,2.680000,2.750000,2.737500,2.602800,2.674500,2.780400,2.772780,2.724020,0.048761,0.048576,0.000185,51.913607,2.737500,2.936008,2.538992,0.531485,0.135791,0.049378,-0.003623,-0.041812,-0.017857,-0.003623,-0.021352,-0.483083,0.432475,-0.926036,-0.525043,0.206140,186150.000000,856625.000000,0.001338
2021-10-04,2.750000,2.850000,2.710000,2.810000,129500,0.000000,0.000000,2.750000,2.850000,2.710000,2.810000,2.741000,2.609800,2.675200,2.779200,2.778507,2.730389,0.048118,0.048484,-0.000366,55.454156,2.741000,2.942144,2.539856,0.671519,0.136091,0.048431,0.021818,-0.047458,0.000000,0.084942,0.040741,-0.433468,0.439210,-0.924422,-0.514680,0.232456,184380.000000,363895.000000,0.112777
2021-10-05,2.820000,2.870000,2.650000,2.720000,217800,0.000000,0.000000,2.820000,2.870000,2.650000,2.720000,2.741000,2.615400,2.675000,2.777350,2.769506,2.729619,0.039886,0.046764,-0.006878,49.559587,2.741000,2.942144,2.539856,0.447799,0.142085,0.052237,-0.032028,-0.065292,-0.007299,0.034221,0.083665,-0.452716,0.445023,-0.926842,-0.530225,0.192982,190210.000000,592416.000000,0.049988
2021-10-06,2.690000,2.750000,2.660000,2.710000,52200,0.000000,0.000000,2.690000,2.750000,2.660000,2.710000,2.740000,2.622000,2.674900,2.775250,2.760351,2.728166,0.032185,0.043849,-0.011664,48.937145,2.740000,2.941573,2.538427,0.425585,0.138365,0.051057,-0.003676,-0.028674,-0.003676,0.046332,0.071146,-0.453629,0.444449,-0.927111,-0.531952,0.188596,186750.000000,141462.000000,0.050307
2021-10-07,2.720000,2.790000,2.710000,2.750000,72800,0.000000,0.000000,2.720000,2.790000,2.710000,2.750000,2.739000,2.628000,2.675000,2.773350,2.758758,2.729783,0.028975,0.040874,-0.011899,51.557971,2.739000,2.940144,2.537856,0.527344,0.134196,0.048798,0.014760,-0.003623,0.007326,0.029963,0.065891,-0.466019,0.447193,-0.926036,-0.525043,0.206140,186270.000000,200200.000000,0.033221
2021-10-08,2.770000,2.780000,2.600000,2.730000,354500,0.000000,0.000000,2.770000,2.780000,2.600000,2.730000,2.739500,2.634800,2.674900,2.772150,2.754334,2.729799,0.024535,0.037606,-0.013071,50.171394,2.739500,2.940495,2.538505,0.476368,0.137467,0.050354,-0.007273,-0.007273,-0.014440,0.026316,0.083333,-0.482955,0.445033,-0.926573,-0.528497,0.197368,199545.000000,967785.000000,0.036748
2021-10-11,2.830000,3.140000,2.760000,3.070000,751800,0.000000,0.000000,2.830000,3.140000,2.760000,3.070000,2.757500,2.650200,2.679000,2.772900,2.802898,2.754999,0.047899,0.039665,0.008234,66.610840,2.757500,3.006191,2.508809,1.128289,0.156934,0.051119,0.124542,0.092527,0.128676,0.162879,0.199219,-0.429368,0.615092,-0.917429,-0.469775,0.346491,231560.000000,2308026.000000,0.175922
2021-10-12,3.070000,3.240000,3.020000,3.110000,324500,0.000000,0.000000,3.070000,3.240000,3.020000,3.110000,2.782500,2.665200,2.682100,2.774350,2.850144,2.781296,0.068849,0.045501,0.023347,67.950502,2.782500,3.066744,2.498256,1.076089,0.161439,0.051910,0.013029,0.143382,0.147601,0.224409,0.187023,-0.462867,0.614341,-0.916353,-0.360082,0.364035,237730.000000,1009195.000000,0.236634
2021-10-13,3.120000,3.340000,3.120000,3.270000,349200,0.000000,0.000000,3.120000,3.340000,3.120000,3.270000,2.813500,2.684600,2.685300,2.777700,2.914738,2.817496,0.097242,0.055849,0.041392,72.673508,2.813500,3.164335,2.462665,1.150591,0.166336,0.050867,0.051447,0.206642,0.252874,0.267442,0.193431,-0.198529,0.610534,-0.912049,-0.327160,0.434211,246365.000000,1141884.000000,0.265482
2021-10-14,3.320000,3.460000,3.210000,3.260000,294800,0.000000,0.000000,3.320000,3.460000,3.210000,3.260000,2.844000,2.704200,2.686800,2.780150,2.967855,2.850274,0.117581,0.068196,0.049385,71.959749,2.844000,3.238350,2.449650,1.027451,0.172312,0.052856,-0.003058,0.185455,0.230189,0.309237,0.172662,-0.023952,0.612390,-0.912318,-0.329218,0.429825,256005.000000,961048.000000,0.281776
2021-10-15,3.290000,3.350000,3.150000,3.200000,250300,0.000000,0.000000,3.290000,3.350000,3.150000,3.200000,2.869500,2.720600,2.689600,2.781500,3.003570,2.876180,0.127390,0.080035,0.047355,67.665580,2.869500,3.287187,2.451813,0.895632,0.174290,0.054466,-0.018405,0.172161,0.207547,0.295547,0.180812,0.070234,0.619678,-0.913932,-0.341564,0.403509,263385.000000,800960.000000,0.251949
2021-10-18,3.520000,3.670000,3.340000,3.520000,1054000,0.000000,0.000000,3.520000,3.670000,3.340000,3.520000,2.917500,2.744600,2.695100,2.784350,3.083020,2.923870,0.159150,0.095858,0.063293,75.919191,2.917500,3.400904,2.434096,1.123185,0.195412,0.055515,0.100000,0.146580,0.308550,0.425101,0.243816,0.230769,0.694268,-0.905325,-0.275720,0.543860,304980.000000,3710080.000000,0.389034
2021-10-19,3.650000,3.650000,3.380000,3.490000,314900,0.000000,0.000000,3.650000,3.650000,3.380000,3.490000,2.962000,2.766800,2.698900,2.786800,3.145633,2.965806,0.179827,0.112652,0.067175,74.011817,2.962000,3.484609,2.439391,1.005158,0.200740,0.057518,-0.008523,0.122186,0.363281,0.374016,0.207612,0.023460,0.662374,-0.906132,-0.281893,0.530702,312950.000000,1099001.000000,0.340039
2021-10-20,3.480000,3.640000,3.430000,3.590000,226800,0.000000,0.000000,3.480000,3.640000,3.430000,3.590000,3.002000,2.790400,2.704700,2.790150,3.213997,3.012042,0.201955,0.130512,0.071442,76.161738,3.002000,3.587818,2.416182,1.001862,0.201401,0.056101,0.028653,0.097859,0.380769,0.407843,0.296029,-0.139089,0.663902,-0.903443,-0.261317,0.574561,288585.000000,814212.000000,0.378079
2021-10-21,3.590000,3.750000,3.500000,3.720000,282700,0.000000,0.000000,3.590000,3.750000,3.500000,3.720000,3.049000,2.817600,2.712500,2.793750,3.291843,3.064484,0.227360,0.149882,0.077478,78.636058,3.049000,3.706296,2.391704,1.010425,0.204872,0.055073,0.036212,0.141104,0.333333,0.512195,0.309859,-0.107914,0.635853,-0.899946,-0.234568,0.631579,292410.000000,1051644.000000,0.486670
2021-10-22,3.680000,3.750000,3.360000,3.590000,344000,0.000000,0.000000,3.680000,3.750000,3.360000,3.590000,3.085000,2.837800,2.718300,2.796350,3.337714,3.103411,0.234303,0.166766,0.067537,70.729841,3.085000,3.778868,2.391132,0.863902,0.218096,0.060751,-0.034946,0.121875,0.291367,0.471311,0.246528,-0.203991,0.656066,-0.903443,-0.261317,0.574561,295265.000000,1234960.000000,0.454500
2021-10-25,3.640000,3.650000,3.520000,3.590000,214400,0.000000,0.000000,3.640000,3.650000,3.520000,3.590000,3.117000,2.856400,2.724300,2.799300,3.376527,3.139454,0.237073,0.180827,0.056245,70.729841,3.117000,3.842943,2.391057,0.825783,0.211803,0.058998,0.000000,0.019886,0.250871,0.508403,0.268551,-0.210989,0.653619,-0.903443,-0.261317,0.574561,296680.000000,769696.000000,0.469788
2021-10-26,3.560000,3.690000,3.510000,3.650000,170900,0.000000,0.000000,3.560000,3.690000,3.510000,3.650000,3.154000,2.877200,2.732100,2.802550,3.418600,3.177273,0.241327,0.192927,0.048400,72.224644,3.154000,3.910318,2.397682,0.827904,0.209532,0.057406,0.016713,0.045845,0.237288,0.489796,0.262976,-0.185268,0.651233,-0.901829,-0.248971,0.600877,299265.000000,623785.000000,0.457747
2021-10-27,3.650000,3.700000,3.560000,3.580000,123000,0.000000,0.000000,3.650000,3.700000,3.560000,3.580000,3.193500,2.898400,2.740500,2.805200,3.443431,3.207104,0.236326,0.201607,0.034719,67.869854,3.193500,3.952288,2.434712,0.754683,0.204565,0.057141,-0.019178,-0.002786,0.230241,0.497908,0.234483,-0.161593,0.654182,-0.903712,-0.263374,0.570175,297005.000000,440340.000000,0.466945
2021-10-28,3.610000,3.830000,3.600000,3.770000,281200,0.000000,0.000000,3.610000,3.830000,3.600000,3.770000,3.244000,2.924600,2.750600,2.809450,3.493672,3.248800,0.244872,0.210260,0.034612,72.684188,3.244000,4.015639,2.472361,0.840833,0.207810,0.055122,0.053073,0.013441,0.351254,0.639130,0.327465,-0.197872,0.641309,-0.898601,-0.224280,0.653509,306040.000000,1060124.000000,0.586281
2021-10-29,3.770000,3.850000,3.580000,3.750000,377700,0.000000,0.000000,3.770000,3.850000,3.580000,3.750000,3.294000,2.951000,2.760700,2.813200,3.533107,3.285926,0.247181,0.217644,0.029537,71.470213,3.294000,4.060438,2.527562,0.797480,0.212252,0.056601,-0.005305,0.044568,0.358696,0.588983,0.383764,-0.166667,0.638806,-0.899139,-0.228395,0.644737,309350.000000,1416375.000000,0.533311
2021-11-01,3.710000,3.900000,3.700000,3.820000,382100,0.000000,0.000000,3.710000,3.900000,3.700000,3.820000,3.344500,2.975600,2.771400,2.817600,3.577244,3.325487,0.251757,0.224467,0.027290,73.159901,3.344500,4.109758,2.579242,0.810679,0.211377,0.055334,0.018667,0.064067,0.389091,0.660870,0.452471,-0.173160,0.635081,-0.897257,-0.213992,0.675439,321980.000000,1459622.000000,0.604328
2021-11-02,3.880000,3.970000,3.780000,3.920000,445100,0.000000,0.000000,3.880000,3.970000,3.780000,3.920000,3.404500,3.001600,2.783400,2.822350,3.629976,3.369525,0.260451,0.231664,0.028787,75.401241,3.404500,4.151550,2.657450,0.845024,0.209850,0.053533,0.026178,0.073973,0.395018,0.719298,0.501916,0.173653,0.635720,-0.894567,-0.193416,0.719298,333345.000000,1744792.000000,0.660500
2021-11-03,3.930000,4.490000,3.880000,4.320000,1884400,0.000000,0.000000,3.930000,4.490000,3.880000,4.320000,3.485000,3.035200,2.799800,2.829200,3.736134,3.439931,0.296203,0.244571,0.051631,81.908995,3.485000,4.263271,2.706729,1.036446,0.238432,0.055193,0.102041,0.206704,0.588235,0.815126,0.694118,0.367089,0.674666,-0.883808,-0.111111,0.894737,424955.000000,8140608.000000,0.753599
2021-11-04,4.410000,4.500000,4.140000,4.310000,1211100,0.000000,0.000000,4.410000,4.500000,4.140000,4.310000,3.563000,3.068000,2.816300,2.835800,3.824421,3.504380,0.320040,0.259665,0.060375,81.329710,3.563000,4.343799,2.782201,0.978356,0.247116,0.057335,-0.002315,0.143236,0.590406,0.857759,0.626415,0.298193,0.674002,-0.884077,-0.113169,0.890351,481870.000000,5219841.000000,0.783307
2021-11-05,4.340000,4.390000,3.960000,4.130000,805400,0.000000,0.000000,4.340000,4.390000,3.960000,4.130000,3.633000,3.096000,2.831100,2.841800,3.871433,3.550722,0.320710,0.271874,0.048836,71.524196,3.633000,4.347573,2.918427,0.847760,0.260179,0.062997,-0.041763,0.101333,0.501818,0.735294,0.523985,0.095491,0.710337,-0.888919,-0.150206,0.811404,504415.000000,3326302.000000,0.660503
2021-11-08,4.340000,4.390000,3.780000,4.300000,3769700,0.000000,0.000000,4.340000,4.390000,3.780000,4.300000,3.694500,3.128000,2.847300,2.848450,3.937366,3.606225,0.331142,0.283728,0.047414,74.634646,3.694500,4.416733,2.972267,0.919186,0.285166,0.066318,0.041162,0.125654,0.575092,0.784232,0.524823,-0.044444,0.706309,-0.884346,-0.115226,0.885965,655310.000000,16209710.000000,0.703473
2021-11-09,4.160000,4.220000,3.950000,4.000000,655200,0.000000,0.000000,4.160000,4.220000,3.950000,4.000000,3.739000,3.154200,2.861200,2.853500,3.947002,3.635393,0.311609,0.289304,0.022305,61.804678,3.739000,4.417974,3.060026,0.692202,0.289797,0.072449,-0.069767,0.020408,0.302932,0.694915,0.459854,-0.115044,0.673515,-0.892415,-0.176955,0.754386,671845.000000,2620800.000000,0.618966
2021-11-10,3.980000,4.310000,3.970000,4.230000,1035500,0.000000,0.000000,3.980000,4.310000,3.970000,4.230000,3.787000,3.185400,2.878200,2.860600,3.990540,3.679438,0.311102,0.293664,0.017439,66.551979,3.787000,4.462094,3.111906,0.828103,0.293383,0.069358,0.057500,-0.020833,0.360129,0.639535,0.543796,-0.066225,0.690510,-0.886229,-0.129630,0.855263,706160.000000,4380165.000000,0.585105
2021-11-11,4.550000,5.280000,4.480000,5.170000,2993700,0.000000,0.000000,4.550000,5.280000,4.480000,5.170000,3.882500,3.232800,2.903500,2.872200,4.171996,3.789850,0.382146,0.311360,0.070786,78.379382,3.882500,4.755170,3.009830,1.237679,0.347427,0.067201,0.222222,0.199536,0.581040,0.943609,0.900735,0.063786,0.990395,-0.860947,0.000000,1.267544,841105.000000,15477429.000000,0.884148
2021-11-12,5.060000,5.170000,4.700000,4.990000,982600,0.000000,0.000000,5.060000,5.170000,4.700000,4.990000,3.972000,3.276400,2.926600,2.883450,4.297843,3.878750,0.419093,0.332907,0.086186,73.052382,3.972000,4.914329,3.029671,1.040151,0.356182,0.071379,-0.034816,0.208232,0.530675,0.911877,0.821168,0.190931,1.007202,-0.865788,-0.034816,1.188596,877720.000000,4903174.000000,0.839739
2021-11-15,5.090000,5.400000,4.810000,4.860000,1539800,0.000000,0.000000,5.090000,5.400000,4.810000,4.860000,4.039000,3.318800,2.946700,2.894050,4.384328,3.951435,0.432893,0.352904,0.079989,69.384633,4.039000,5.035032,3.042968,0.912135,0.372884,0.076725,-0.026052,0.130233,0.518750,0.928571,0.773723,0.236641,1.011432,-0.869285,-0.059961,1.131579,902010.000000,7483428.000000,0.846854
2021-11-16,4.820000,5.040000,4.760000,4.810000,465900,0.000000,0.000000,4.820000,5.040000,4.760000,4.810000,4.105000,3.360600,2.965700,2.903700,4.449816,4.015033,0.434784,0.369280,0.065504,67.971116,4.105000,5.122562,3.087438,0.846416,0.366249,0.076143,-0.010288,0.202500,0.366477,0.955285,0.808271,0.328729,0.975641,-0.870629,-0.069632,1.109649,909560.000000,2240979.000000,0.855604
2021-11-17,4.790000,4.940000,4.520000,4.640000,824900,0.000000,0.000000,4.790000,4.940000,4.520000,4.640000,4.157500,3.398800,2.982900,2.912200,4.479075,4.061326,0.417749,0.378974,0.038775,63.252860,4.157500,5.171525,3.143475,0.737913,0.370088,0.079760,-0.035343,0.096927,0.329513,0.909465,0.657143,0.368732,0.988694,-0.875202,-0.102515,1.035088,939465.000000,3827536.000000,0.814581
2021-11-18,4.720000,4.780000,4.520000,4.620000,619700,0.000000,0.000000,4.720000,4.780000,4.520000,4.620000,4.202500,3.435800,3.000000,2.918750,4.500756,4.102710,0.398046,0.382788,0.015258,62.701417,4.202500,5.214655,3.190345,0.706243,0.362225,0.078404,-0.004310,-0.106383,0.286908,0.783784,0.566102,0.366864,0.989705,-0.875740,-0.106383,1.026316,956315.000000,2863014.000000,0.696860
2021-11-19,4.600000,4.810000,4.240000,4.260000,642200,0.000000,0.000000,4.600000,4.810000,4.240000,4.260000,4.236000,3.466600,3.014000,2.924200,4.463717,4.114361,0.349356,0.376102,-0.026746,53.636967,4.236000,5.206283,3.265717,0.512368,0.377066,0.088513,-0.077922,-0.146293,0.145161,0.625954,0.369775,0.252941,1.035064,-0.885422,-0.176015,0.868421,971225.000000,2735772.000000,0.551350
2021-11-22,4.260000,4.350000,3.950000,4.080000,780400,0.000000,0.000000,4.260000,4.350000,3.950000,4.080000,4.260500,3.494000,3.026600,2.927250,4.404683,4.111816,0.292868,0.359455,-0.066587,49.763253,4.260500,5.185805,3.335195,0.402465,0.378704,0.092820,-0.042254,-0.160494,0.136490,0.545455,0.397260,0.299363,1.039217,-0.890264,-0.210832,0.789474,999525.000000,3184032.000000,0.489864
2021-11-23,4.060000,4.130000,3.810000,3.820000,1131900,0.000000,0.000000,4.060000,4.130000,3.810000,3.820000,4.269000,3.518200,3.037200,2.929350,4.314732,4.090200,0.224532,0.332470,-0.107938,44.737298,4.269000,5.173582,3.364418,0.251819,0.374511,0.098040,-0.063725,-0.205821,0.064067,0.430712,0.286195,0.240260,1.068443,-0.897257,-0.261122,0.675439,1047575.000000,4323858.000000,0.381962
2021-11-24,3.800000,4.250000,3.760000,4.180000,328200,0.000000,0.000000,3.800000,4.250000,3.760000,4.180000,4.299000,3.548800,3.053100,2.933750,4.294004,4.096852,0.197153,0.305407,-0.108254,51.970517,4.299000,5.145290,3.452710,0.429693,0.382760,0.091569,0.094241,-0.099138,0.145205,0.531136,0.344051,0.348387,1.112037,-0.887574,-0.191489,0.833333,1057835.000000,1371876.000000,0.470957
2021-11-26,4.070000,4.170000,4.010000,4.110000,161000,0.000000,0.000000,4.070000,4.170000,4.010000,4.110000,4.316000,3.578000,3.067900,2.938250,4.265696,4.097825,0.167870,0.277900,-0.110029,50.584100,4.316000,5.130614,3.501386,0.373560,0.367563,0.089431,-0.016746,-0.110390,0.148045,0.522222,0.365449,0.397959,1.111301,-0.889457,-0.205029,0.802632,1051825.000000,661710.000000,0.498285
2021-11-29,4.140000,4.160000,3.970000,4.030000,168000,0.000000,0.000000,4.140000,4.160000,3.970000,4.030000,4.330000,3.604800,3.082300,2.942050,4.229435,4.092801,0.136633,0.249646,-0.113013,48.976059,4.330000,5.112654,3.547346,0.308344,0.354880,0.088060,-0.019465,-0.053991,0.068966,0.498141,0.370748,0.330033,1.103256,-0.891608,-0.220503,0.767544,1041340.000000,677040.000000,0.464279
2021-11-30,3.990000,4.170000,3.880000,4.150000,283800,0.000000,0.000000,3.990000,4.170000,3.880000,4.150000,4.346500,3.636600,3.097100,2.944800,4.217214,4.097038,0.120176,0.223752,-0.103576,51.468270,4.346500,5.097143,3.595857,0.369112,0.350246,0.084397,0.029777,0.017157,0.106667,0.554307,0.378738,0.487455,1.105685,-0.888381,-0.197292,0.820175,1036425.000000,1177770.000000,0.536059
2021-12-01,4.190000,4.300000,4.060000,4.130000,365300,0.000000,0.000000,4.190000,4.300000,4.060000,4.130000,4.357000,3.667200,3.111800,2.947700,4.203797,4.099480,0.104317,0.199865,-0.095548,51.020976,4.357000,5.088145,3.625855,0.344764,0.342371,0.082899,-0.004819,0.081152,0.081152,0.475000,0.381271,0.400000,1.105556,-0.888919,-0.201161,0.811404,1032435.000000,1508689.000000,0.478614
2021-12-02,4.140000,4.140000,3.880000,4.000000,542600,0.000000,0.000000,4.140000,4.140000,3.880000,4.000000,4.341000,3.691400,3.125400,2.951250,4.172443,4.092111,0.080332,0.175959,-0.095626,48.095123,4.341000,5.089357,3.592643,0.272167,0.336487,0.084122,-0.031477,-0.043062,0.020408,0.423488,0.393728,0.355932,1.110251,-0.892415,-0.226306,0.754386,965345.000000,2170400.000000,0.420217
2021-12-03,4.010000,4.080000,3.820000,4.040000,394800,0.000000,0.000000,4.010000,4.080000,3.820000,4.040000,4.327500,3.716600,3.140400,2.953550,4.152067,4.088251,0.063816,0.153530,-0.089714,49.063040,4.327500,5.087857,3.567143,0.310944,0.331024,0.081937,0.010000,-0.017032,-0.064815,0.474453,0.474453,0.383562,1.051149,-0.891339,-0.218569,0.771930,924530.000000,1594992.000000,0.492551
2021-12-06,4.070000,4.090000,3.860000,4.010000,414200,0.000000,0.000000,4.070000,4.090000,3.860000,4.010000,4.321500,3.739400,3.154700,2.956400,4.130211,4.082455,0.047756,0.132375,-0.084619,48.335029,4.321500,5.090266,3.552734,0.297403,0.323808,0.080750,-0.007426,-0.004963,-0.069606,0.474265,0.452899,0.382759,1.051364,-0.892146,-0.224371,0.758772,904970.000000,1660942.000000,0.483968
2021-12-07,4.030000,4.420000,4.000000,4.320000,381000,0.000000,0.000000,4.030000,4.420000,4.000000,4.320000,4.322500,3.766800,3.173000,2.962350,4.159409,4.100051,0.059359,0.117772,-0.058413,55.657082,4.322500,5.091200,3.553800,0.498374,0.330679,0.076546,0.077307,0.040964,0.046005,0.582418,0.576642,0.479452,1.074548,-0.883808,-0.164410,0.894737,735535.000000,1645920.000000,0.556233
2021-12-08,4.350000,4.450000,4.280000,4.410000,196300,0.000000,0.000000,4.350000,4.450000,4.280000,4.410000,4.343000,3.796800,3.192400,2.967850,4.197962,4.123010,0.074952,0.109208,-0.034256,57.538550,4.343000,5.097219,3.588781,0.544417,0.319202,0.072381,0.020833,0.067797,0.025581,0.592058,0.603636,0.505119,1.068020,-0.881388,-0.147002,0.934211,712590.000000,865683.000000,0.556726
2021-12-09,4.370000,4.580000,4.300000,4.350000,332700,0.000000,0.000000,4.370000,4.580000,4.300000,4.350000,4.349000,3.828000,3.211200,2.974350,4.221352,4.139824,0.081528,0.103672,-0.022144,55.837595,4.349000,5.101341,3.596659,0.500665,0.316402,0.072736,-0.013605,0.087500,0.087500,0.599265,0.599265,0.531690,1.036933,-0.883002,-0.158607,0.907895,677450.000000,1447245.000000,0.572677
2021-12-10,4.380000,4.480000,4.160000,4.300000,202100,0.000000,0.000000,4.380000,4.480000,4.160000,4.300000,4.305500,3.858800,3.228800,2.981850,4.233452,4.151689,0.081763,0.099290,-0.017527,54.394509,4.305500,4.950986,3.660014,0.495740,0.316659,0.073642,-0.011494,0.064356,0.016548,0.586716,0.604478,0.477663,1.021085,-0.884346,-0.168279,0.885965,537870.000000,869030.000000,0.551959
2021-12-13,4.230000,4.430000,4.210000,4.340000,233800,0.000000,0.000000,4.230000,4.430000,4.210000,4.340000,4.273000,3.890600,3.246700,2.988900,4.249844,4.165638,0.084206,0.096273,-0.012067,55.387839,4.273000,4.833192,3.712808,0.559801,0.309755,0.071372,0.009302,0.082294,-0.160542,0.662835,0.631579,0.456376,0.638938,-0.883271,-0.160542,0.903509,500430.000000,1014692.000000,0.637863
2021-12-14,4.330000,4.350000,4.160000,4.240000,243900,0.000000,0.000000,4.330000,4.350000,4.160000,4.240000,4.242000,3.919200,3.264500,2.995500,4.248329,4.171146,0.077183,0.092455,-0.015272,52.319757,4.242000,4.729295,3.754705,0.497948,0.301201,0.071038,-0.023041,-0.018519,-0.150301,0.600000,0.600000,0.413333,0.633886,-0.885960,-0.179884,0.859649,435635.000000,1034136.000000,0.594980
2021-12-15,4.230000,4.350000,4.050000,4.210000,248100,0.000000,0.000000,4.230000,4.350000,4.050000,4.210000,4.212000,3.949000,3.282200,3.002450,4.242433,4.174024,0.068408,0.087646,-0.019238,51.399899,4.212000,4.619384,3.804616,0.497545,0.301115,0.071524,-0.007075,-0.045351,-0.133745,0.588679,0.570896,0.441781,0.630088,-0.886767,-0.185687,0.846491,424745.000000,1044501.000000,0.563408
2021-12-16,4.260000,4.350000,4.070000,4.100000,244900,0.000000,0.000000,4.260000,4.350000,4.070000,4.100000,4.185000,3.976800,3.299400,3.009650,4.220520,4.168541,0.051979,0.080513,-0.028534,48.063152,4.185000,4.541326,3.828674,0.380727,0.299607,0.073075,-0.026128,-0.057471,-0.147609,0.524164,0.570881,0.344262,0.633801,-0.889726,-0.206963,0.798246,395745.000000,1004090.000000,0.515093
2021-12-17,4.060000,4.200000,3.970000,4.140000,294400,0.000000,0.000000,4.060000,4.200000,3.970000,4.140000,4.161000,4.004600,3.316300,3.017300,4.208132,4.166427,0.041705,0.072751,-0.031046,49.350767,4.161000,4.452775,3.869225,0.464013,0.294635,0.071168,0.009756,-0.037209,-0.107759,0.617187,0.636364,0.339806,0.627458,-0.888650,-0.199226,0.815789,379480.000000,1218816.000000,0.586211
2021-12-20,4.140000,4.170000,3.990000,4.140000,185000,0.000000,0.000000,4.140000,4.170000,3.990000,4.140000,4.155000,4.032800,3.333800,3.025400,4.197650,4.164469,0.033181,0.064837,-0.031656,49.350767,4.155000,4.443115,3.866885,0.473969,0.286447,0.069190,0.000000,-0.046083,-0.103896,0.592308,0.568182,0.322684,0.627667,-0.888650,-0.199226,0.815789,356620.000000,765900.000000,0.576403
2021-12-21,4.200000,4.200000,4.080000,4.190000,192800,0.000000,0.000000,4.200000,4.200000,4.080000,4.190000,4.160500,4.055200,3.352700,3.032600,4.196473,4.166360,0.030113,0.057892,-0.027779,51.107992,4.160500,4.446781,3.874219,0.551523,0.274558,0.065527,0.012077,-0.011792,-0.016432,0.501792,0.563433,0.338658,0.569725,-0.887305,-0.189555,0.837719,327240.000000,807832.000000,0.471971
2021-12-22,4.250000,4.490000,4.160000,4.470000,308900,0.000000,0.000000,4.250000,4.490000,4.160000,4.470000,4.193000,4.082400,3.373800,3.040750,4.238554,4.188852,0.049702,0.056254,-0.006552,59.567708,4.193000,4.463679,3.922321,1.011675,0.278518,0.062308,0.066826,0.061758,0.095588,0.607914,0.568421,0.505051,0.593075,-0.879774,-0.135397,0.960526,286090.000000,1380783.000000,0.576712
2021-12-23,4.440000,4.740000,4.390000,4.670000,273200,0.000000,0.000000,4.440000,4.740000,4.390000,4.670000,4.217500,4.110400,3.397500,3.049550,4.304931,4.224493,0.080438,0.061091,0.019347,64.317068,4.217500,4.561891,3.873109,1.156956,0.283624,0.060733,0.044743,0.139024,0.222513,0.627178,0.604811,0.599315,0.552317,-0.874395,-0.096712,1.048246,283340.000000,1275844.000000,0.586928
2021-12-27,4.700000,4.750000,4.560000,4.580000,239300,0.000000,0.000000,4.700000,4.750000,4.560000,4.580000,4.241000,4.136800,3.420500,3.058200,4.347249,4.250827,0.096422,0.068157,0.028265,60.853004,4.241000,4.617180,3.864820,0.950582,0.276936,0.060466,-0.019272,0.106280,0.095694,0.552542,0.568493,0.624113,0.468178,-0.876815,-0.114120,1.008772,287255.000000,1095994.000000,0.492336
2021-12-28,4.550000,4.670000,4.420000,4.520000,190100,0.000000,0.000000,4.550000,4.670000,4.420000,4.520000,4.265500,4.163200,3.441900,3.066300,4.373826,4.270765,0.103061,0.075138,0.027923,58.587534,4.265500,4.647598,3.883402,0.833030,0.275012,0.060843,-0.013100,0.091787,0.099757,0.553265,0.553265,0.738462,0.466234,-0.878429,-0.125725,0.982456,288360.000000,859252.000000,0.468363
2021-12-29,4.580000,4.840000,4.270000,4.770000,450300,0.000000,0.000000,4.580000,4.840000,4.270000,4.770000,4.296500,4.188200,3.466400,3.075750,4.434776,4.307746,0.127030,0.085516,0.041514,64.515298,4.296500,4.735507,3.857493,1.039285,0.296083,0.062072,0.055310,0.138425,0.183623,0.709677,0.667832,0.722022,0.488349,-0.871705,-0.077369,1.092105,296685.000000,2147931.000000,0.623284
2021-12-30,4.820000,5.050000,4.710000,4.980000,386900,0.000000,0.000000,4.820000,5.050000,4.710000,4.980000,4.339000,4.218000,3.492400,3.086350,4.518657,4.357542,0.161114,0.100636,0.060478,68.583327,4.339000,4.865914,3.812086,1.108259,0.299220,0.060084,0.044025,0.114094,0.200000,0.804348,0.765957,0.699659,0.498558,-0.866057,-0.036750,1.184211,297765.000000,1926762.000000,0.714859
2021-12-31,4.920000,5.070000,4.820000,4.870000,187100,0.000000,0.000000,4.920000,5.070000,4.820000,4.870000,4.382500,4.243600,3.517000,3.096850,4.572709,4.395502,0.177207,0.115950,0.061257,64.417468,4.382500,4.934620,3.830380,0.941480,0.295704,0.060720,-0.022088,0.042827,0.179177,0.770909,0.764493,0.650847,0.508164,-0.869016,-0.058027,1.135965,279990.000000,911177.000000,0.696886
2022-01-03,4.900000,5.360000,4.810000,5.140000,743600,0.000000,0.000000,4.900000,5.360000,4.810000,5.140000,4.437500,4.272000,3.544800,3.108700,4.659985,4.450650,0.209335,0.134627,0.074708,69.340248,4.437500,5.060561,3.814439,1.063749,0.313868,0.061064,0.055441,0.122271,0.285000,0.829181,0.984556,0.713333,0.511508,-0.861754,-0.005803,1.254386,297430.000000,3822104.000000,0.718535
2022-01-04,5.650000,5.880000,5.300000,5.760000,2754100,0.000000,0.000000,5.650000,5.880000,5.300000,5.760000,4.525000,4.315400,3.576600,3.123950,4.829218,4.547639,0.281579,0.164017,0.117561,77.155833,4.525000,5.353073,3.696927,1.245707,0.344306,0.059775,0.120623,0.274336,0.425743,1.117647,1.190114,0.972603,0.633667,-0.845078,0.000000,1.526316,414425.000000,15863616.000000,1.035279
2022-01-05,5.610000,6.280000,5.610000,5.800000,1500400,0.000000,0.000000,5.610000,6.280000,5.610000,5.800000,4.599000,4.359600,3.608000,3.140200,4.978569,4.640407,0.338163,0.198846,0.139316,77.553388,4.599000,5.597017,3.600983,1.101693,0.367570,0.063374,0.006944,0.215933,0.446384,1.140221,1.239382,0.933333,0.628404,-0.844002,0.000000,1.543860,470395.000000,8702320.000000,1.098968
2022-01-06,5.750000,6.650000,5.360000,6.350000,1627200,0.000000,0.000000,5.750000,6.650000,5.360000,6.350000,4.696000,4.413600,3.645400,3.159400,5.189558,4.767043,0.422515,0.243580,0.178935,82.152602,4.696000,5.958686,3.433314,1.154953,0.433458,0.068261,0.094828,0.275100,0.469907,1.309091,1.378277,1.068404,0.651585,-0.829209,0.000000,1.785088,541940.000000,10332720.000000,1.279963
2022-01-07,6.320000,6.670000,5.820000,6.260000,1213400,0.000000,0.000000,6.320000,6.670000,5.820000,6.260000,4.791500,4.467200,3.682800,3.177600,5.354242,4.877632,0.476609,0.290186,0.186423,79.289651,4.791500,6.221793,3.361207,1.013356,0.463211,0.073995,-0.014173,0.285421,0.419501,1.293040,1.353383,1.086667,0.661740,-0.831630,-0.014173,1.745614,585975.000000,7595884.000000,1.268598
2022-01-10,6.150000,6.970000,6.010000,6.810000,1099300,0.000000,0.000000,6.150000,6.970000,6.010000,6.810000,4.917000,4.528000,3.726300,3.199000,5.578205,5.020771,0.557434,0.343636,0.213798,83.153405,4.917000,6.586227,3.247773,1.067029,0.498696,0.073230,0.087859,0.324903,0.565517,1.218241,1.579545,1.270000,0.693985,-0.816837,0.000000,1.986842,630835.000000,7486233.000000,1.186719
2022-01-11,6.820000,7.160000,6.350000,6.600000,676800,0.000000,0.000000,6.820000,7.160000,6.350000,6.600000,5.030000,4.585000,3.768000,3.219900,5.735404,5.137751,0.597653,0.394439,0.203214,77.229013,5.030000,6.835209,3.224791,0.934853,0.520932,0.078929,-0.030837,0.145833,0.534884,1.122186,1.598425,1.163934,0.708977,-0.822485,-0.030837,1.894737,652985.000000,4466880.000000,1.074659
2022-01-12,6.620000,6.700000,5.850000,5.860000,1063100,0.000000,0.000000,6.620000,6.700000,5.850000,5.860000,5.111000,4.625800,3.800700,3.236500,5.754572,5.191251,0.563322,0.428216,0.135106,60.792463,5.111000,6.912332,3.309668,0.707902,0.544437,0.092907,-0.112121,0.010345,0.350230,0.792049,1.271318,1.006849,0.846742,-0.842388,-0.139501,1.570175,693945.000000,6229766.000000,0.749724
2022-01-13,5.860000,5.980000,5.570000,5.730000,875800,0.000000,0.000000,5.860000,5.980000,5.570000,5.730000,5.187000,4.662000,3.831800,3.251700,5.750792,5.231158,0.519634,0.446499,0.073135,58.439407,5.187000,6.956247,3.417753,0.653455,0.534834,0.093339,-0.022184,-0.097638,0.351415,0.757669,1.301205,0.910000,0.846252,-0.845885,-0.158590,1.513158,725330.000000,5018334.000000,0.758790
2022-01-14,5.640000,6.280000,5.600000,6.250000,510000,0.000000,0.000000,5.640000,6.280000,5.600000,6.250000,5.294500,4.700600,3.867900,3.269150,5.827593,5.306628,0.520965,0.461393,0.059573,64.378726,5.294500,7.046845,3.542155,0.772635,0.545203,0.087232,0.090750,-0.001597,0.484561,0.953125,1.530364,1.125850,0.880130,-0.831899,-0.082232,1.741228,738585.000000,3187500.000000,0.953366
2022-01-18,6.000000,6.240000,5.660000,6.090000,578500,0.000000,0.000000,6.000000,6.240000,5.660000,6.090000,5.392000,4.736200,3.902100,3.285550,5.867964,5.364655,0.503308,0.469776,0.033533,61.467974,5.392000,7.090031,3.693969,0.705532,0.548403,0.090050,-0.025600,-0.105727,0.485366,0.730114,1.465587,1.050505,0.879780,-0.836202,-0.105727,1.671053,752790.000000,3523065.000000,0.764391
2022-01-19,6.080000,6.260000,5.510000,5.730000,751200,0.000000,0.000000,6.080000,6.260000,5.510000,5.730000,5.471500,4.768200,3.932100,3.300700,5.846738,5.391718,0.455020,0.466825,-0.011804,55.398791,5.471500,7.068606,3.874394,0.580928,0.562803,0.098220,-0.059113,-0.131818,0.384058,0.641834,1.255906,0.942373,0.921693,-0.845885,-0.158590,1.513158,781100.000000,4304376.000000,0.693974
2022-01-20,5.730000,6.070000,5.710000,5.750000,303300,0.000000,0.000000,5.730000,6.070000,5.710000,5.750000,5.549500,4.797200,3.962600,3.316900,5.831856,5.418257,0.413598,0.456179,-0.042581,55.660719,5.549500,7.031298,4.067702,0.567654,0.548317,0.095359,0.003490,-0.018771,0.388889,0.601671,1.254902,0.923077,0.920951,-0.845347,-0.155653,1.521930,786625.000000,1743975.000000,0.665663
2022-01-21,5.710000,5.790000,5.450000,5.500000,344800,0.000000,0.000000,5.710000,5.790000,5.450000,5.500000,5.601000,4.827200,3.990700,3.331750,5.780801,5.424312,0.356488,0.436241,-0.079753,51.582830,5.601000,6.993747,4.208253,0.463741,0.533437,0.096989,-0.043478,-0.040140,0.312649,0.478495,1.235772,0.877133,0.944762,-0.852071,-0.192364,1.412281,788420.000000,1896400.000000,0.573579
2022-01-24,5.380000,5.480000,4.910000,5.320000,683000,0.000000,0.000000,5.380000,5.480000,4.910000,5.320000,5.633500,4.849000,4.017200,3.345450,5.709908,5.416586,0.293323,0.407658,-0.114335,48.810064,5.633500,6.963704,4.303296,0.382161,0.537477,0.101030,-0.032727,-0.148800,0.190157,0.481894,1.180328,0.791246,0.938486,-0.856912,-0.218796,1.333333,808910.000000,3633560.000000,0.563740
2022-01-25,5.260000,5.740000,5.160000,5.680000,343300,0.000000,0.000000,5.260000,5.740000,5.160000,5.680000,5.688500,4.859200,4.046000,3.361250,5.705307,5.436098,0.269209,0.379968,-0.110758,54.121719,5.688500,6.922804,4.454196,0.496557,0.540514,0.095161,0.067669,-0.067323,0.216274,0.582173,1.386555,0.899666,0.952447,-0.847230,-0.165932,1.491228,814110.000000,1949944.000000,0.692992
2022-01-26,5.730000,5.840000,5.270000,5.360000,268700,0.000000,0.000000,5.730000,5.840000,5.270000,5.360000,5.730500,4.866600,4.071500,3.375250,5.652183,5.430461,0.221722,0.348319,-0.126597,49.231580,5.730500,6.849136,4.611864,0.334397,0.542621,0.101235,-0.056338,-0.064572,0.170306,0.468493,1.187755,0.907473,0.975691,-0.855836,-0.212922,1.350877,818040.000000,1440232.000000,0.579652
2022-01-27,5.450000,5.520000,5.130000,5.320000,299300,0.000000,0.000000,5.450000,5.520000,5.130000,5.320000,5.758000,4.875800,4.097300,3.388750,5.601078,5.422279,0.178799,0.314415,-0.135616,48.639967,5.758000,6.801750,4.714250,0.290180,0.531719,0.099947,-0.007463,-0.074783,0.176991,0.486034,1.225941,0.866667,0.974255,-0.856912,-0.218796,1.333333,810490.000000,1592276.000000,0.609628
2022-01-28,5.290000,5.640000,5.160000,5.570000,392600,0.000000,0.000000,5.290000,5.640000,5.160000,5.570000,5.787500,4.891000,4.125800,3.402900,5.596297,5.433221,0.163076,0.284147,-0.121071,52.483274,5.787500,6.770232,4.804768,0.389339,0.528025,0.094798,0.046992,0.012727,0.167715,0.477454,1.421739,1.032847,0.969750,-0.850188,-0.182085,1.442982,810775.000000,2186782.000000,0.586046
2022-01-31,5.550000,5.790000,5.470000,5.660000,203500,0.000000,0.000000,5.550000,5.790000,5.470000,5.660000,5.827000,4.911400,4.155100,3.417300,5.606097,5.450019,0.156078,0.258533,-0.102455,53.822929,5.827000,6.713224,4.940776,0.405780,0.513166,0.090665,0.016158,0.063910,0.136546,0.509333,1.398305,1.065693,0.961901,-0.847768,-0.168869,1.482456,811595.000000,1151810.000000,0.590536
2022-02-01,5.710000,6.000000,5.600000,6.000000,284900,0.000000,0.000000,5.710000,6.000000,5.600000,6.000000,5.870000,4.939000,4.187400,3.433750,5.666698,5.490759,0.175939,0.242014,-0.066075,58.574485,5.870000,6.697374,5.042626,0.578562,0.505083,0.084180,0.060071,0.056338,0.232033,0.570681,1.608696,1.083333,0.971747,-0.838623,-0.118943,1.631579,788660.000000,1709400.000000,0.650825
2022-02-02,6.000000,6.000000,5.740000,5.820000,217000,0.000000,0.000000,6.000000,6.000000,5.740000,5.820000,5.873000,4.970200,4.218400,3.448700,5.690283,5.515147,0.175136,0.228639,-0.053503,55.328570,5.873000,6.699129,5.046871,0.467923,0.487577,0.083776,-0.030000,0.085821,0.132296,0.484694,1.552632,0.979592,0.968414,-0.843464,-0.145374,1.552632,661805.000000,1262940.000000,0.563421
2022-02-03,5.940000,6.240000,5.900000,6.090000,404700,0.000000,0.000000,5.940000,6.240000,5.900000,6.090000,5.887500,5.010400,4.252200,3.464700,5.751778,5.557729,0.194049,0.221721,-0.027672,58.998861,5.887500,6.718400,5.056600,0.621856,0.482750,0.079269,0.046392,0.144737,0.057292,0.409722,1.558824,0.839879,0.890327,-0.836202,-0.105727,1.671053,607020.000000,2464623.000000,0.531959
2022-02-04,6.090000,6.250000,5.900000,6.250000,364600,0.000000,0.000000,6.090000,6.250000,5.900000,6.250000,5.882500,5.059000,4.288600,3.482100,5.828427,5.609008,0.219419,0.221260,-0.001841,61.041599,5.882500,6.702818,5.062182,0.723999,0.473268,0.075723,0.026273,0.122083,0.077586,0.450116,1.693966,0.971609,0.893603,-0.831899,-0.082232,1.741228,543890.000000,2278750.000000,0.565691
2022-02-07,6.310000,6.580000,6.160000,6.460000,306300,0.000000,0.000000,6.310000,6.580000,6.160000,6.460000,5.892500,5.104600,4.326700,3.500200,5.925592,5.672044,0.253548,0.227718,0.025830,63.604591,5.892500,6.736722,5.048278,0.836108,0.469463,0.072672,0.033600,0.141343,0.017323,0.564165,1.714286,0.861671,0.839655,-0.826251,-0.051395,1.833333,498535.000000,1978698.000000,0.686627
2022-02-08,6.450000,6.700000,6.380000,6.610000,277700,0.000000,0.000000,6.450000,6.700000,6.380000,6.610000,5.882500,5.154600,4.366300,3.518850,6.030886,5.741523,0.289363,0.240047,0.049316,65.357703,5.882500,6.684652,5.080348,0.953468,0.458787,0.069408,0.023220,0.101667,0.055911,0.537209,1.742739,0.944118,0.840485,-0.822216,-0.029369,1.899123,457455.000000,1835597.000000,0.649077
2022-02-09,6.630000,6.690000,6.340000,6.630000,316300,0.000000,0.000000,6.630000,6.690000,6.340000,6.630000,5.884000,5.206600,4.405700,3.537850,6.123057,5.807336,0.315721,0.255182,0.060540,65.595660,5.884000,6.691893,5.076107,0.961695,0.451016,0.068027,0.003026,0.139175,-0.026432,0.657500,1.809322,1.009091,0.783173,-0.821678,-0.026432,1.907895,439430.000000,2097069.000000,0.745384
2022-02-10,6.470000,6.750000,6.270000,6.340000,232100,0.000000,0.000000,6.470000,6.750000,6.270000,6.340000,5.908000,5.250400,4.443500,3.555100,6.156433,5.846792,0.309641,0.266074,0.043567,59.241322,5.908000,6.741019,5.074981,0.759298,0.453087,0.071465,-0.043741,0.041051,-0.039394,0.498818,1.457364,0.975078,0.790791,-0.829478,-0.069016,1.780702,397880.000000,1471514.000000,0.590804
2022-02-11,6.250000,6.660000,5.950000,6.090000,503900,0.000000,0.000000,6.250000,6.660000,5.950000,6.090000,5.926000,5.289600,4.478400,3.571050,6.146213,5.864808,0.281405,0.269140,0.012265,54.353148,5.926000,6.758381,5.093619,0.598513,0.471438,0.077412,-0.039432,-0.025600,0.039249,0.177950,1.289474,0.862385,0.696200,-0.836202,-0.105727,1.671053,379285.000000,3068751.000000,0.299772
2022-02-14,5.940000,6.200000,5.880000,6.000000,151900,0.000000,0.000000,5.940000,6.200000,5.880000,6.000000,5.913500,5.329600,4.510500,3.586850,6.123718,5.874822,0.248896,0.265091,-0.016195,52.668309,5.913500,6.732801,5.094199,0.552789,0.460621,0.076770,-0.014778,-0.071207,0.047120,0.202405,1.298851,0.666667,0.693326,-0.838623,-0.118943,1.631579,361380.000000,911400.000000,0.332916
2022-02-15,6.100000,6.460000,6.060000,6.400000,330400,0.000000,0.000000,6.100000,6.460000,6.060000,6.400000,5.929000,5.376800,4.546700,3.605300,6.166223,5.913724,0.252499,0.262573,-0.010074,58.783463,5.929000,6.773696,5.084304,0.778798,0.460576,0.071965,0.066667,-0.031770,0.024000,0.316872,1.539683,0.802817,0.659137,-0.827864,-0.060206,1.807018,348975.000000,2114560.000000,0.424991
2022-02-16,6.400000,6.420000,6.180000,6.340000,256500,0.000000,0.000000,6.400000,6.420000,6.180000,6.340000,5.959500,5.423400,4.581400,3.623850,6.192958,5.945300,0.247658,0.259590,-0.011932,57.581709,5.959500,6.817882,5.101118,0.721638,0.444821,0.070161,-0.009375,-0.043741,0.041051,0.318087,1.577236,0.927052,0.652961,-0.829478,-0.069016,1.780702,324240.000000,1626210.000000,0.433887
2022-02-17,6.260000,6.330000,5.830000,5.850000,333100,0.000000,0.000000,6.260000,6.330000,5.830000,5.850000,5.964500,5.454000,4.610400,3.640050,6.140195,5.938241,0.201954,0.248063,-0.046108,48.806321,5.964500,6.818900,5.110100,0.432994,0.449477,0.076834,-0.077287,-0.077287,0.020942,0.260776,1.407407,0.634078,0.677229,-0.842657,-0.140969,1.565789,325730.000000,1948635.000000,0.399258
2022-02-18,5.850000,6.020000,5.550000,5.570000,420900,0.000000,0.000000,5.850000,6.020000,5.550000,5.570000,5.968000,5.477200,4.637000,3.655150,6.052473,5.910964,0.141509,0.226752,-0.085243,44.621539,5.968000,6.814929,5.121071,0.265033,0.450943,0.080959,-0.047863,-0.085386,-0.031304,0.205628,1.150579,0.619186,0.698690,-0.850188,-0.182085,1.442982,329535.000000,2344413.000000,0.358540
2022-02-22,5.310000,5.690000,5.200000,5.470000,526600,0.000000,0.000000,5.310000,5.690000,5.200000,5.470000,5.975500,5.499600,4.663800,3.669250,5.962862,5.878300,0.084562,0.198314,-0.113752,43.196991,5.975500,6.800644,5.150356,0.193690,0.453732,0.082949,-0.017953,-0.088333,-0.005455,0.284038,1.087786,0.747604,0.684398,-0.852878,-0.196769,1.399123,321715.000000,2880502.000000,0.450684
2022-02-23,5.450000,5.590000,5.200000,5.210000,274800,0.000000,0.000000,5.450000,5.590000,5.200000,5.210000,5.952000,5.517800,4.688300,3.681750,5.847037,5.828796,0.018241,0.162299,-0.144059,39.652446,5.952000,6.837167,5.066833,0.080870,0.449180,0.086215,-0.047532,-0.185938,-0.020677,0.276961,0.973485,0.574018,0.695322,-0.859871,-0.234949,1.285088,318290.000000,1431708.000000,0.454653
2022-02-24,5.110000,6.190000,5.110000,5.910000,1014900,0.000000,0.000000,5.110000,6.190000,5.110000,5.910000,5.979500,5.549200,4.719900,3.697200,5.856723,5.834811,0.021912,0.134222,-0.112310,51.250530,5.979500,6.820288,5.138712,0.458670,0.494239,0.083628,0.134357,-0.067823,0.040493,0.547120,1.213483,0.937705,0.806658,-0.841044,-0.132159,1.592105,355600.000000,5998059.000000,0.693018
2022-02-25,5.910000,5.990000,5.710000,5.930000,217800,0.000000,0.000000,5.910000,5.990000,5.710000,5.930000,6.010000,5.583000,4.751100,3.713150,5.867997,5.841862,0.026135,0.112604,-0.086470,51.537114,6.010000,6.792277,5.227723,0.448867,0.478936,0.080765,0.003384,0.013675,0.106343,0.418660,1.172161,1.117857,0.777207,-0.840506,-0.129222,1.600877,351525.000000,1291554.000000,0.554386
2022-02-28,5.940000,6.610000,5.820000,6.470000,529900,0.000000,0.000000,5.940000,6.610000,5.820000,6.470000,6.055000,5.628200,4.788600,3.731800,5.960613,5.888391,0.072222,0.104528,-0.032306,58.611806,6.055000,6.834244,5.275756,0.766284,0.501155,0.077458,0.091062,0.161580,0.216165,0.574209,1.396296,1.208191,0.829014,-0.825982,-0.049927,1.837719,358390.000000,3428453.000000,0.686545
2022-03-01,6.500000,6.680000,6.360000,6.500000,280700,0.000000,0.000000,6.500000,6.680000,6.360000,6.500000,6.097000,5.676200,4.826500,3.750700,6.043595,5.933695,0.109900,0.105602,0.004298,58.970158,6.097000,6.877151,5.316849,0.758283,0.488215,0.075110,0.004637,0.188300,0.166966,0.612903,1.416357,1.226027,0.818523,-0.825175,-0.045521,1.850877,362250.000000,1824550.000000,0.755487
2022-03-02,6.460000,7.000000,6.460000,6.870000,636300,0.000000,0.000000,6.460000,7.000000,6.460000,6.870000,6.140500,5.730800,4.867700,3.771350,6.170735,6.003051,0.167683,0.118019,0.049665,63.201945,6.140500,6.991666,5.289334,0.928530,0.491914,0.071603,0.056923,0.318618,0.213781,0.655422,1.573034,1.436170,0.835268,-0.815223,0.000000,2.013158,379820.000000,4371381.000000,0.770347
2022-03-03,6.960000,6.960000,6.590000,6.820000,280000,0.000000,0.000000,6.960000,6.960000,6.590000,6.820000,6.190500,5.784400,4.908600,3.791750,6.270622,6.063566,0.207056,0.135826,0.071230,62.267321,6.190500,7.079058,5.301942,0.854226,0.483206,0.070851,-0.007278,0.153976,0.136667,0.651332,1.435714,1.563910,0.817352,-0.816568,-0.007278,1.991228,382970.000000,1909600.000000,0.763834
2022-03-04,6.790000,7.390000,6.390000,6.650000,711900,0.000000,0.000000,6.790000,7.390000,6.390000,6.650000,6.218500,5.833600,4.944400,3.811700,6.328987,6.107005,0.221982,0.153057,0.068925,59.068945,6.218500,7.128752,5.308248,0.737022,0.520120,0.078213,-0.024927,0.121417,0.142612,0.662500,1.366548,1.547893,0.814615,-0.821140,-0.032023,1.916667,398330.000000,4734135.000000,0.796941
2022-03-07,6.660000,6.880000,6.300000,6.490000,323700,0.000000,0.000000,6.660000,6.880000,6.300000,6.490000,6.230500,5.874000,4.978200,3.830150,6.353759,6.135375,0.218383,0.166122,0.052261,56.145852,6.230500,7.148793,5.312207,0.641295,0.524397,0.080801,-0.024060,0.003091,0.065681,0.606436,1.368613,1.575397,0.808870,-0.825444,-0.055313,1.846491,396285.000000,2100813.000000,0.755885
2022-03-08,6.430000,6.950000,6.240000,6.900000,466000,0.000000,0.000000,6.430000,6.950000,6.240000,6.900000,6.252500,5.918600,5.014500,3.849900,6.437796,6.192014,0.245781,0.182054,0.063727,61.415108,6.252500,7.214009,5.290991,0.836710,0.537654,0.077921,0.063174,0.061538,0.104000,0.720698,1.536765,1.509091,0.831327,-0.814416,0.000000,2.026316,404270.000000,3215400.000000,0.880276
2022-03-09,6.990000,7.390000,6.770000,7.360000,895200,0.000000,0.000000,6.990000,7.390000,6.770000,7.360000,6.290000,5.974200,5.055500,3.871150,6.579673,6.278532,0.301142,0.205872,0.095270,66.306608,6.290000,7.362331,5.217669,0.998913,0.543536,0.073850,0.066667,0.071325,0.139319,0.703704,1.695971,1.591549,0.852778,-0.802044,0.000000,2.228070,435145.000000,6588672.000000,0.858697
2022-03-10,7.190000,7.600000,7.130000,7.380000,793800,0.000000,0.000000,7.190000,7.600000,7.130000,7.380000,6.327500,6.031400,5.097300,3.893450,6.702800,6.360122,0.342679,0.233233,0.109445,66.505426,6.327500,7.497869,5.157131,0.949645,0.538284,0.072938,0.002717,0.082111,0.116490,0.673469,1.664260,1.536082,0.850992,-0.801506,0.000000,2.236842,459020.000000,5858244.000000,0.841774
2022-03-11,7.430000,7.540000,5.560000,6.220000,1457200,0.000000,0.000000,7.430000,7.540000,5.560000,6.220000,6.321500,6.060400,5.124300,3.909700,6.628523,6.349743,0.278781,0.242343,0.036438,48.594709,6.321500,7.492829,5.150171,0.456673,0.641263,0.103097,-0.157182,-0.064662,-0.061840,0.429885,1.286765,1.182456,1.023022,-0.832706,-0.157182,1.728070,520275.000000,9063784.000000,0.602180
2022-03-14,6.170000,6.350000,5.860000,5.950000,602300,0.000000,0.000000,6.170000,6.350000,5.860000,5.950000,6.314500,6.079800,5.148900,3.923900,6.524135,6.320132,0.204003,0.234675,-0.030671,45.521693,6.314500,7.493304,5.135696,0.345394,0.630459,0.105959,-0.043408,-0.083205,-0.061514,0.383721,1.195572,1.051724,1.022848,-0.839968,-0.193767,1.609649,525195.000000,3583685.000000,0.578811
2022-03-15,5.930000,6.340000,5.690000,6.170000,477700,0.000000,0.000000,5.930000,6.340000,5.690000,6.170000,6.323000,6.105800,5.174700,3.939700,6.469653,6.309011,0.160642,0.219868,-0.059226,48.385796,6.323000,7.494685,5.151315,0.434709,0.631855,0.102408,0.036975,-0.105797,0.013136,0.421659,1.363985,1.142361,1.020940,-0.834051,-0.163957,1.706140,541485.000000,2947409.000000,0.581564
2022-03-16,6.260000,6.560000,6.040000,6.420000,436400,0.000000,0.000000,6.260000,6.560000,6.040000,6.420000,6.324000,6.131400,5.201700,3.957100,6.462014,6.317233,0.144781,0.204851,-0.060069,51.505811,6.324000,7.495996,5.152004,0.540956,0.623865,0.097175,0.040519,-0.127717,0.070000,0.514151,1.422642,1.244755,1.027022,-0.827327,-0.130081,1.815789,546785.000000,2801688.000000,0.632351
2022-03-17,6.050000,7.190000,5.860000,6.740000,629800,0.000000,0.000000,6.050000,7.190000,5.860000,6.740000,6.344000,6.151000,5.233200,3.975750,6.504781,6.348549,0.156232,0.195127,-0.038895,55.235843,6.344000,7.530705,5.157295,0.666849,0.674303,0.100045,0.049844,-0.086721,0.053125,0.600950,1.543396,1.433213,1.015940,-0.818720,-0.086721,1.956140,565450.000000,4244852.000000,0.726278
2022-03-18,6.730000,7.430000,6.730000,7.140000,537300,0.000000,0.000000,6.730000,7.430000,6.730000,7.140000,6.408500,6.177800,5.268700,3.996500,6.602507,6.407175,0.195332,0.195168,0.000164,59.435937,6.408500,7.622077,5.194923,0.801382,0.676139,0.094697,0.059347,0.147910,0.126183,0.741463,1.654275,1.577617,1.031925,-0.807961,-0.032520,2.131579,575660.000000,3836322.000000,0.826217
2022-03-21,7.040000,7.130000,6.830000,6.940000,257900,0.000000,0.000000,7.040000,7.130000,6.830000,6.940000,6.477000,6.189600,5.301600,4.016850,6.654429,6.446643,0.207786,0.197692,0.010094,56.577510,6.477000,7.645104,5.308896,0.698184,0.649986,0.093658,-0.028011,0.166387,0.186325,0.676329,1.710938,1.560886,0.994208,-0.813341,-0.059621,2.043860,567510.000000,1789826.000000,0.764084
2022-03-22,7.000000,7.140000,6.970000,7.040000,475200,0.000000,0.000000,7.000000,7.140000,6.970000,7.040000,6.555500,6.205200,5.336200,4.038350,6.713748,6.490596,0.223152,0.202784,0.020368,57.673595,6.555500,7.647181,5.463819,0.721905,0.617844,0.087762,0.014409,0.141005,0.263914,0.700483,1.707692,1.760784,0.971636,-0.810651,-0.046070,2.087719,564940.000000,3345408.000000,0.758698
2022-03-23,7.000000,7.350000,6.980000,7.290000,295700,0.000000,0.000000,7.000000,7.350000,6.980000,7.290000,6.659500,6.214800,5.371400,4.061000,6.802402,6.549811,0.252591,0.212745,0.039846,60.367054,6.659500,7.596875,5.722125,0.836311,0.600141,0.082324,0.035511,0.135514,0.332724,0.739857,1.612903,1.904382,0.967797,-0.803927,-0.012195,2.197368,565985.000000,2155653.000000,0.832320
2022-03-24,7.300000,7.660000,7.220000,7.350000,809400,0.000000,0.000000,7.300000,7.660000,7.220000,7.350000,6.731500,6.229800,5.407400,4.084050,6.886648,6.609084,0.277564,0.225709,0.051855,61.008361,6.731500,7.647447,5.815553,0.837629,0.588702,0.080096,0.008230,0.090504,0.410749,0.644295,1.643885,1.805344,0.940884,-0.802313,-0.004065,2.223684,555710.000000,5949090.000000,0.729984
2022-03-25,7.360000,7.510000,6.950000,7.030000,359600,0.000000,0.000000,7.360000,7.510000,6.950000,7.030000,6.786500,6.253200,5.439500,4.105450,6.908702,6.640263,0.268439,0.234255,0.034184,55.820513,6.786500,7.628959,5.944041,0.644517,0.586652,0.083450,-0.043537,-0.015406,0.189509,0.505353,1.449477,1.778656,0.862811,-0.810920,-0.047425,2.083333,562800.000000,2527988.000000,0.600162
2022-03-28,7.040000,7.130000,6.800000,6.920000,250300,0.000000,0.000000,7.040000,7.130000,6.800000,6.920000,6.809000,6.277000,5.469500,4.126450,6.910440,6.660984,0.249456,0.237295,0.012161,54.116948,6.809000,7.639825,5.978175,0.566801,0.568320,0.082127,-0.015647,-0.002882,0.166948,0.510917,1.345763,1.859504,0.867091,-0.813878,-0.062331,2.035088,548820.000000,1732076.000000,0.606458
2022-03-29,6.950000,7.400000,6.940000,7.380000,437600,0.000000,0.000000,6.950000,7.400000,6.940000,7.380000,6.853000,6.299600,5.500100,4.149950,6.982680,6.714245,0.268435,0.243523,0.024912,59.661140,6.853000,7.707785,5.998215,0.808265,0.562011,0.076153,0.066474,0.048295,0.140649,0.632743,1.536082,1.905512,0.841525,-0.801506,0.000000,2.236842,556665.000000,3229488.000000,0.706378
2022-03-30,7.230000,7.710000,7.130000,7.330000,515200,0.000000,0.000000,7.230000,7.710000,7.130000,7.330000,6.876000,6.324400,5.530300,4.173300,7.036114,6.759856,0.276258,0.250070,0.026188,58.829042,6.876000,7.757062,5.994938,0.757644,0.563296,0.076848,-0.006775,0.005487,0.127692,0.536688,1.627240,1.724907,0.842973,-0.802851,-0.006775,2.214912,550610.000000,3776416.000000,0.620661
2022-03-31,7.300000,7.330000,6.990000,7.180000,950100,0.000000,0.000000,7.300000,7.330000,6.990000,7.180000,6.894000,6.353400,5.560800,4.195950,7.058250,6.790978,0.267272,0.253511,0.013762,56.292514,6.894000,7.784899,6.003101,0.660512,0.547346,0.076232,-0.020464,-0.023129,0.045124,0.441767,1.601449,1.601449,0.827881,-0.806885,-0.027100,2.149123,584115.000000,6821718.000000,0.538393
2022-04-01,7.190000,7.480000,7.070000,7.140000,441100,0.000000,0.000000,7.190000,7.480000,7.070000,7.140000,6.918500,6.381200,5.589200,4.218250,7.070827,6.816831,0.253996,0.253608,0.000388,55.604009,6.918500,7.808095,6.028905,0.624495,0.537536,0.075285,-0.005571,0.015647,0.046921,0.466119,1.596364,1.540925,0.827623,-0.807961,-0.032520,2.131579,570575.000000,3149454.000000,0.554548
2022-04-04,7.160000,7.310000,7.030000,7.060000,416900,0.000000,0.000000,7.160000,7.310000,7.030000,7.060000,6.947000,6.412400,5.619800,4.240500,7.069161,6.834844,0.234318,0.249750,-0.015432,54.176809,6.947000,7.815055,6.078945,0.565088,0.519141,0.073533,-0.011204,0.020231,0.061654,0.373541,1.512456,1.614815,0.823029,-0.810113,-0.043360,2.096491,575235.000000,2943314.000000,0.455665
2022-04-05,7.220000,7.480000,7.030000,7.210000,294200,0.000000,0.000000,7.220000,7.480000,7.030000,7.210000,6.962500,6.450200,5.649600,4.263900,7.090829,6.862633,0.228196,0.245439,-0.017243,56.434712,6.962500,7.838060,6.086940,0.641338,0.514202,0.071318,0.021246,-0.023035,0.110940,0.251736,1.650735,1.872510,0.818385,-0.806079,-0.023035,2.162281,566645.000000,2121182.000000,0.342537
2022-04-06,7.130000,7.780000,7.070000,7.550000,570000,0.000000,0.000000,7.130000,7.780000,7.070000,7.550000,6.972000,6.487600,5.673400,4.288450,7.161471,6.913549,0.247921,0.245935,0.001986,61.112132,6.972000,7.869566,6.074434,0.821982,0.528188,0.069959,0.047157,0.030014,0.094203,0.301724,1.785978,1.984190,0.806161,-0.796934,0.000000,2.311404,550385.000000,4303500.000000,0.381945
2022-04-07,7.510000,7.720000,6.740000,6.940000,850500,0.000000,0.000000,7.510000,7.720000,6.740000,6.940000,6.950000,6.519200,5.692900,4.309750,7.127398,6.915509,0.211890,0.239126,-0.027237,50.612798,6.950000,7.826788,6.073212,0.494297,0.560460,0.080758,-0.080795,-0.033426,-0.057065,0.092913,1.523636,1.689922,0.826955,-0.813341,-0.080795,2.043860,553220.000000,5902470.000000,0.171394
2022-04-08,6.890000,6.990000,6.600000,6.630000,322800,0.000000,0.000000,6.890000,6.990000,6.600000,6.630000,6.970500,6.545400,5.710600,4.328650,7.050875,6.894360,0.156516,0.222604,-0.066088,46.262857,6.970500,7.792909,6.148091,0.292986,0.548284,0.082697,-0.044669,-0.071429,-0.101626,0.059105,1.428571,1.630952,0.840143,-0.821678,-0.121854,1.907895,496500.000000,2140164.000000,0.141116
2022-04-11,6.560000,6.610000,6.190000,6.300000,556200,0.000000,0.000000,6.560000,6.610000,6.190000,6.300000,6.988000,6.560000,5.725500,4.345600,6.935356,6.850333,0.085023,0.195088,-0.110065,42.113496,6.988000,7.729935,6.246065,0.036347,0.540550,0.085802,-0.049774,-0.107649,0.012862,-0.074890,1.052117,1.460938,0.654853,-0.830554,-0.165563,1.763158,494195.000000,3504060.000000,0.027559
2022-04-12,6.350000,6.490000,6.140000,6.190000,277600,0.000000,0.000000,6.350000,6.490000,6.140000,6.190000,6.989000,6.570600,5.741000,4.361950,6.820686,6.801420,0.019266,0.159924,-0.140657,40.799873,6.989000,7.726332,6.251668,-0.041818,0.526939,0.085127,-0.017460,-0.141470,0.040336,-0.062121,0.990354,1.362595,0.638434,-0.833513,-0.180132,1.714912,484190.000000,1718344.000000,0.055468
2022-04-13,5.250000,5.600000,5.200000,5.250000,4270600,0.000000,0.000000,5.250000,5.600000,5.200000,5.250000,6.930500,6.555600,5.747300,4.373650,6.579042,6.686500,-0.107458,0.106447,-0.213905,31.700106,6.930500,7.978234,5.882766,-0.301969,0.560015,0.106669,-0.151858,-0.304636,-0.149109,-0.104096,0.605505,0.916058,0.819872,-0.858795,-0.304636,1.302632,675900.000000,22420650.000000,-0.002386
2022-04-14,5.330000,5.360000,5.050000,5.280000,1849200,0.000000,0.000000,5.330000,5.360000,5.050000,5.280000,6.857500,6.544800,5.757500,4.385750,6.379189,6.582314,-0.203125,0.044533,-0.247658,32.219687,6.857500,8.138583,5.576417,-0.115690,0.542156,0.102681,0.005714,-0.239193,-0.177570,-0.078534,0.619632,0.899281,0.803512,-0.857988,-0.300662,1.315789,736870.000000,9763776.000000,0.019781
2022-04-18,5.200000,5.300000,5.070000,5.140000,1040700,0.000000,0.000000,5.200000,5.300000,5.070000,5.140000,6.757500,6.525800,5.768100,4.397350,6.188545,6.475476,-0.286932,-0.021760,-0.265171,31.033231,6.757500,8.241845,5.273155,-0.044853,0.519860,0.101140,-0.026515,-0.224736,-0.237389,-0.177600,0.606250,0.896679,0.777373,-0.861754,-0.319205,1.254386,762040.000000,5349198.000000,-0.072765
2022-04-19,5.310000,5.480000,5.160000,5.450000,1036000,0.000000,0.000000,5.310000,5.480000,5.160000,5.450000,6.683000,6.509800,5.784400,4.410800,6.074923,6.399515,-0.324593,-0.082327,-0.242266,36.600408,6.683000,8.274479,5.091521,0.112624,0.507012,0.093030,0.060311,-0.134921,-0.236695,-0.105090,0.548295,0.925795,0.778489,-0.853416,-0.278146,1.390351,800945.000000,5646200.000000,-0.043930
2022-04-20,5.640000,5.880000,5.480000,5.480000,781900,0.000000,0.000000,5.640000,5.880000,5.480000,5.480000,6.605000,6.490200,5.797400,4.425250,5.983396,6.331403,-0.348007,-0.135463,-0.212544,37.129325,6.605000,8.273841,4.936159,0.162940,0.501512,0.091517,0.005505,-0.114701,-0.210375,-0.043630,0.570201,0.896194,0.778234,-0.852609,-0.274172,1.403509,816280.000000,4284812.000000,0.018237
2022-04-21,5.490000,5.770000,5.450000,5.540000,888200,0.000000,0.000000,5.490000,5.770000,5.450000,5.540000,6.517500,6.468800,5.811700,4.439800,5.915181,6.272780,-0.357599,-0.179890,-0.177709,38.239086,6.517500,8.218322,4.816678,0.212639,0.488546,0.088185,0.010949,0.055238,-0.213068,-0.036522,0.543175,1.000000,0.776959,-0.850995,-0.266225,1.429825,845905.000000,4920628.000000,0.032672
2022-04-22,5.540000,5.720000,5.410000,5.630000,658000,0.000000,0.000000,5.540000,5.720000,5.410000,5.630000,6.431500,6.448800,5.827700,4.455000,5.871307,6.225167,-0.353860,-0.214684,-0.139176,39.951311,6.431500,8.129019,4.733981,0.263920,0.475793,0.084510,0.016245,0.066288,-0.227709,0.023636,0.513441,0.982394,0.765474,-0.848575,-0.254305,1.469298,838335.000000,3704540.000000,0.091153
2022-04-25,5.670000,5.920000,5.550000,5.820000,724900,0.000000,0.000000,5.670000,5.920000,5.550000,5.820000,6.371000,6.438400,5.844400,4.470750,5.863414,6.195155,-0.331741,-0.238095,-0.093646,43.511730,6.371000,8.064951,4.677049,0.337362,0.468236,0.080453,0.033748,0.132296,-0.208163,0.093985,0.621170,1.020833,0.778572,-0.843464,-0.229139,1.552632,856600.000000,4218918.000000,0.155354
2022-04-26,5.710000,5.900000,5.520000,5.570000,470500,0.000000,0.000000,5.710000,5.900000,5.520000,5.570000,6.303500,6.428000,5.858800,4.485300,5.818273,6.148847,-0.330574,-0.256591,-0.073983,40.139332,6.303500,8.012858,4.594142,0.285446,0.461934,0.082932,-0.042955,0.022018,-0.207681,-0.019366,0.551532,0.968198,0.778257,-0.850188,-0.262252,1.442982,867610.000000,2620685.000000,0.058079
2022-04-27,5.580000,5.710000,5.410000,5.610000,529300,0.000000,0.000000,5.580000,5.710000,5.410000,5.610000,6.215000,6.420200,5.874900,4.500150,5.786231,6.108932,-0.322701,-0.269813,-0.052888,40.928223,6.215000,7.872169,4.557831,0.317460,0.450367,0.080279,0.007181,0.023723,-0.189306,0.046642,0.536986,0.941176,0.780121,-0.849112,-0.256954,1.460526,872195.000000,2969373.000000,0.124413
2022-04-28,5.650000,5.780000,5.530000,5.690000,439600,0.000000,0.000000,5.650000,5.780000,5.530000,5.690000,6.133000,6.406000,5.891400,4.515900,5.771426,6.077900,-0.306474,-0.277145,-0.029329,42.558700,6.133000,7.718621,4.547379,0.360307,0.436055,0.076635,0.014260,0.027076,-0.228997,0.069549,0.589385,0.962069,0.736437,-0.846961,-0.246358,1.495614,868415.000000,2501324.000000,0.105590
2022-04-29,5.660000,5.730000,5.410000,5.440000,405500,0.000000,0.000000,5.660000,5.730000,5.410000,5.440000,6.046000,6.388000,5.905700,4.530200,5.720438,6.030648,-0.310211,-0.283758,-0.026452,38.941428,6.046000,7.579835,4.512165,0.302456,0.427766,0.078633,-0.043937,-0.033748,-0.257844,-0.023339,0.442971,0.915493,0.744812,-0.853685,-0.279470,1.385965,841185.000000,2205920.000000,0.080936
2022-05-02,5.440000,5.840000,5.360000,5.830000,406500,0.000000,0.000000,5.440000,5.840000,5.360000,5.830000,5.980500,6.387600,5.920800,4.546900,5.737293,6.015786,-0.278492,-0.282705,0.004213,46.570676,5.980500,7.427027,4.533973,0.447979,0.431497,0.074013,0.071691,0.001718,-0.188022,0.030035,0.554667,1.151292,0.799568,-0.843195,-0.227815,1.557018,839455.000000,2369895.000000,0.149689
2022-05-03,5.810000,6.060000,5.710000,6.000000,460300,0.000000,0.000000,5.810000,6.060000,5.710000,6.000000,5.927500,6.396200,5.936700,4.564550,5.777710,6.014616,-0.236906,-0.273545,0.036639,49.530933,5.927500,7.282256,4.572744,0.526758,0.425675,0.070946,0.029160,0.077199,-0.159664,0.000000,0.570681,1.281369,0.810210,-0.838623,-0.205298,1.631579,841625.000000,2761800.000000,0.124233
2022-05-04,6.020000,6.060000,5.710000,5.970000,678500,0.000000,0.000000,6.020000,6.060000,5.710000,5.970000,5.865500,6.406200,5.952900,4.582050,5.807293,6.011311,-0.204018,-0.259640,0.055622,49.014832,5.865500,7.079289,4.651711,0.543047,0.420270,0.070397,-0.005000,0.064171,-0.154391,0.025773,0.522959,1.287356,0.810085,-0.839430,-0.209272,1.618421,860840.000000,4050645.000000,0.126532
2022-05-05,5.960000,6.020000,5.620000,5.750000,580800,0.000000,0.000000,5.960000,6.020000,5.620000,5.750000,5.775500,6.417000,5.967400,4.598100,5.798479,5.991955,-0.193476,-0.246407,0.052931,45.288102,5.775500,6.694526,4.856474,0.486127,0.418822,0.072839,-0.036851,0.010545,-0.202497,-0.055829,0.331019,1.254902,0.809870,-0.845347,-0.238411,1.521930,861380.000000,3339600.000000,0.056654
2022-05-06,5.740000,5.770000,5.450000,5.650000,535100,0.000000,0.000000,5.740000,5.770000,5.450000,5.650000,5.711000,6.411800,5.980500,4.613600,5.775636,5.966625,-0.190989,-0.235324,0.044334,43.663017,5.711000,6.449188,4.972812,0.458683,0.411763,0.072878,-0.017391,0.038603,-0.251656,-0.096000,0.310905,1.132075,0.783487,-0.848037,-0.251656,1.478070,845610.000000,3023315.000000,0.042555
2022-05-09,5.520000,5.600000,5.010000,5.040000,730600,0.000000,0.000000,5.520000,5.600000,5.010000,5.040000,5.631500,6.394000,5.988500,4.626500,5.662461,5.897986,-0.235525,-0.235364,-0.000161,35.333913,5.631500,6.291269,4.971731,0.051737,0.428066,0.084934,-0.107965,-0.135506,-0.273775,-0.219814,0.220339,0.859779,0.818213,-0.864443,-0.332450,1.210526,866000.000000,3682224.000000,-0.049118
2022-05-10,5.180000,5.350000,4.860000,5.060000,667200,0.000000,0.000000,5.180000,5.350000,4.860000,5.060000,5.569500,6.365800,5.997000,4.639600,5.569775,5.835913,-0.266138,-0.241519,-0.024620,35.766557,5.569500,6.197026,4.941974,0.094040,0.432490,0.085472,0.003968,-0.156667,-0.236802,-0.234493,0.176744,0.794326,0.812413,-0.863905,-0.329801,1.219298,871550.000000,3376032.000000,-0.061413
2022-05-11,5.120000,5.370000,4.840000,4.930000,597000,0.000000,0.000000,5.120000,5.370000,4.840000,4.930000,5.506500,6.334400,6.005300,4.652350,5.471348,5.768808,-0.297461,-0.252707,-0.044753,34.166440,5.506500,6.124656,4.888344,0.033694,0.439455,0.089139,-0.025692,-0.174204,-0.217460,-0.256410,0.232500,0.799270,0.802329,-0.867402,-0.347020,1.162281,887520.000000,2943210.000000,-0.040672
2022-05-12,4.700000,4.940000,4.570000,4.660000,720600,0.000000,0.000000,4.700000,4.940000,4.570000,4.660000,5.477000,6.290200,6.010500,4.663400,5.346525,5.686674,-0.340149,-0.270196,-0.069954,31.058580,5.477000,6.194953,4.759047,-0.068979,0.434494,0.093239,-0.054767,-0.189565,-0.247173,-0.264984,0.101655,0.700730,0.816785,-0.874664,-0.382781,1.043860,710020.000000,3357996.000000,-0.066567
2022-05-13,4.800000,5.340000,4.720000,5.310000,1107600,0.000000,0.000000,4.800000,5.340000,4.720000,5.310000,5.478500,6.260000,6.022200,4.678000,5.340906,5.658773,-0.317867,-0.279730,-0.038137,44.214402,5.478500,6.194844,4.762156,0.382389,0.452030,0.085128,0.139485,-0.060177,0.011429,-0.128079,0.027079,0.952206,0.812194,-0.857181,-0.296689,1.328947,672940.000000,5881356.000000,0.015937
2022-05-16,5.310000,5.790000,5.150000,5.670000,477300,0.000000,0.000000,5.310000,5.790000,5.150000,5.670000,5.505000,6.240400,6.037000,4.694850,5.391536,5.659604,-0.268069,-0.277398,0.009329,49.914987,5.505000,6.207702,4.802298,0.617404,0.465456,0.082091,0.067797,0.125000,0.073864,-0.055000,0.136273,1.069343,0.843850,-0.847499,-0.249007,1.486842,644770.000000,2706291.000000,0.099314
2022-05-17,5.720000,6.090000,5.700000,6.010000,767800,0.000000,0.000000,5.720000,6.090000,5.700000,6.010000,5.533000,6.230800,6.052400,4.713100,5.486684,5.685560,-0.198875,-0.261693,0.062818,54.630435,5.533000,6.270252,4.795748,0.823498,0.462210,0.076907,0.059965,0.187747,0.169261,-0.060938,0.236626,1.193431,0.856590,-0.838354,-0.203974,1.635965,631360.000000,4614478.000000,0.091487
2022-05-18,5.890000,6.080000,5.550000,5.610000,774300,0.000000,0.000000,5.890000,6.080000,5.550000,5.610000,5.539500,6.205000,6.061800,4.729650,5.505656,5.679963,-0.174307,-0.244216,0.069909,48.808391,5.539500,6.277077,4.801923,0.547792,0.467052,0.083253,-0.066556,0.137931,0.029358,-0.115142,0.166320,1.109023,0.873123,-0.849112,-0.256954,1.460526,630980.000000,4343823.000000,0.076441
2022-05-19,5.530000,5.920000,5.500000,5.780000,576100,0.000000,0.000000,5.530000,5.920000,5.500000,5.780000,5.551500,6.173400,6.073800,4.747150,5.547863,5.687373,-0.139510,-0.223275,0.083765,51.189231,5.551500,6.296879,4.806121,0.653278,0.463691,0.080223,0.030303,0.240343,0.054745,-0.011966,0.245690,1.064286,0.878301,-0.844540,-0.234437,1.535088,615375.000000,3329858.000000,0.157770
2022-05-20,5.950000,6.030000,5.570000,5.790000,487500,0.000000,0.000000,5.950000,6.030000,5.570000,5.790000,5.559500,6.141600,6.086500,4.764200,5.585114,5.694975,-0.109860,-0.200592,0.090732,51.332616,5.559500,6.311829,4.807171,0.653191,0.463427,0.080039,0.001730,0.090395,0.045126,0.039497,0.253247,0.962712,0.877960,-0.844271,-0.233113,1.539474,606850.000000,2822625.000000,0.201399
2022-05-23,5.890000,5.890000,4.670000,4.700000,2217200,0.000000,0.000000,5.890000,5.890000,4.670000,4.700000,5.503500,6.111200,6.085800,4.776100,5.448943,5.621273,-0.172330,-0.194939,0.022610,38.170439,5.503500,6.336586,4.670414,0.017757,0.517468,0.110100,-0.188256,-0.171076,-0.165187,-0.140768,0.103286,0.511254,1.098729,-0.873588,-0.377483,1.061404,681465.000000,10420840.000000,-0.002798
2022-05-24,4.560000,4.560000,3.260000,3.370000,4519300,0.000000,0.000000,4.560000,4.560000,3.260000,3.370000,5.393500,6.059600,6.069700,4.781050,5.129106,5.454512,-0.325406,-0.221033,-0.104373,28.550739,5.393500,6.658582,4.128418,-0.299750,0.583363,0.173105,-0.282979,-0.439268,-0.420962,-0.353167,-0.174020,0.154110,1.446442,-0.909360,-0.553642,0.478070,883905.000000,15230041.000000,-0.217171
2022-05-25,3.270000,3.660000,3.270000,3.650000,1587500,0.000000,0.000000,3.270000,3.660000,3.270000,3.650000,5.295500,6.009200,6.057500,4.787250,4.901551,5.320844,-0.419293,-0.260685,-0.158609,32.412554,5.295500,6.775393,3.815607,-0.055952,0.569552,0.156042,0.083086,-0.349376,-0.344704,-0.382403,-0.044503,0.228956,1.487943,-0.901829,-0.516556,0.600877,936815.000000,5794375.000000,-0.231081
2022-05-26,3.930000,4.450000,3.500000,4.030000,4145400,0.000000,0.000000,3.930000,4.450000,3.500000,4.030000,5.212500,5.961400,6.046400,4.795600,4.767466,5.225226,-0.457760,-0.300100,-0.157660,37.360788,5.212500,6.782681,3.642319,0.123451,0.596727,0.148071,0.104110,-0.302768,-0.281640,-0.320405,-0.035885,0.295820,1.543232,-0.891608,-0.466225,0.767544,1122105.000000,16705962.000000,-0.177723
2022-05-27,4.040000,4.170000,3.930000,4.070000,872000,0.000000,0.000000,4.040000,4.170000,3.930000,4.070000,5.144000,5.908000,6.029500,4.803050,4.660164,5.139654,-0.479490,-0.335978,-0.143512,37.876376,5.144000,6.790091,3.497909,0.173773,0.571246,0.140355,0.009926,-0.297064,-0.284710,-0.370943,-0.009732,0.352159,1.542423,-0.890533,-0.460927,0.785088,1145430.000000,3549040.000000,-0.253117
2022-05-31,4.170000,4.300000,3.860000,4.060000,1964200,0.000000,0.000000,4.170000,4.300000,3.860000,4.060000,5.055500,5.846400,6.012100,4.810050,4.567831,5.059680,-0.491849,-0.367152,-0.124697,37.792625,5.055500,6.736258,3.374742,0.203854,0.561871,0.138392,-0.002457,-0.136170,-0.253676,-0.375385,0.007444,0.380952,1.537904,-0.890802,-0.462252,0.780702,1223315.000000,7974652.000000,-0.268156
2022-06-01,4.210000,4.210000,3.710000,3.890000,1334600,0.000000,0.000000,4.210000,4.210000,3.710000,3.890000,4.950000,5.785400,5.987500,4.816450,4.463549,4.973037,-0.509488,-0.395619,-0.113868,36.322259,4.950000,6.645952,3.254048,0.187491,0.557452,0.143304,-0.041872,0.154303,-0.332762,-0.433770,-0.062651,0.292359,1.513043,-0.895374,-0.484768,0.706140,1267030.000000,5191594.000000,-0.305966
2022-06-02,4.020000,4.590000,3.980000,4.360000,1736100,0.000000,0.000000,4.020000,4.590000,3.980000,4.360000,4.869500,5.731800,5.968500,4.825650,4.447619,4.927627,-0.480008,-0.412497,-0.067511,42.932823,4.869500,6.513647,3.225353,0.345056,0.567634,0.130191,0.120823,0.194521,-0.273333,-0.360704,0.055690,0.458194,1.578134,-0.882733,-0.422517,0.912281,1319910.000000,7569396.000000,-0.270510
2022-06-03,4.300000,4.400000,4.140000,4.320000,535100,0.000000,0.000000,4.300000,4.400000,4.140000,4.320000,4.798000,5.672400,5.943600,4.834950,4.427985,4.882617,-0.454632,-0.420924,-0.033708,42.528178,4.798000,6.404875,3.191125,0.351264,0.545660,0.126310,-0.009174,0.071960,-0.276382,-0.350376,0.080000,0.505226,1.578036,-0.883808,-0.427815,0.894737,1317625.000000,2311632.000000,-0.252677
2022-06-06,4.440000,4.440000,3.830000,4.020000,690100,0.000000,0.000000,4.440000,4.440000,3.830000,4.020000,4.716500,5.605800,5.917800,4.842900,4.365218,4.818720,-0.453502,-0.427440,-0.026062,39.519714,4.716500,6.306684,3.126316,0.281000,0.550256,0.136880,-0.069444,-0.012285,-0.300870,-0.380586,-0.004950,0.467153,1.588991,-0.891877,-0.467550,0.763158,1325375.000000,2774202.000000,-0.320606
2022-06-07,4.010000,4.510000,4.000000,4.470000,694800,0.000000,0.000000,4.010000,4.510000,4.000000,4.470000,4.688000,5.554600,5.903900,4.852300,4.381338,4.792889,-0.411550,-0.424262,0.012711,45.722205,4.688000,6.274198,3.101802,0.431282,0.547380,0.122456,0.111940,0.100985,-0.208850,-0.352174,0.114713,0.619565,1.645300,-0.879774,-0.407947,0.960526,1323585.000000,3105756.000000,-0.303695
2022-06-08,4.460000,4.600000,4.340000,4.420000,552300,0.000000,0.000000,4.460000,4.600000,4.340000,4.420000,4.656000,5.504600,5.890800,4.861300,4.387286,4.765267,-0.377981,-0.415006,0.037025,45.167931,4.656000,6.236412,3.075588,0.425336,0.526853,0.119198,-0.011186,0.136247,-0.123016,-0.399457,0.023148,0.613139,1.602989,-0.881119,-0.414570,0.938596,1317840.000000,2441166.000000,-0.311246
2022-06-09,4.350000,4.380000,4.100000,4.140000,532600,0.000000,0.000000,4.350000,4.380000,4.100000,4.140000,4.616500,5.439800,5.869700,4.868800,4.349242,4.718951,-0.369709,-0.405946,0.036237,42.090725,4.616500,6.207531,3.025469,0.350254,0.512078,0.123690,-0.063348,-0.050459,-0.181818,-0.439024,-0.061224,0.505455,1.617301,-0.888650,-0.451656,0.815789,1314620.000000,2204964.000000,-0.334247
2022-06-10,4.070000,4.190000,3.970000,4.090000,468300,0.000000,0.000000,4.070000,4.190000,3.970000,4.090000,4.588000,5.375000,5.849700,4.875900,4.309359,4.672362,-0.363003,-0.397358,0.034354,41.546402,4.588000,6.196080,2.979920,0.345157,0.491215,0.120102,-0.012077,-0.053241,-0.170385,-0.342444,-0.059770,0.503676,1.615700,-0.889995,-0.458278,0.793860,1302005.000000,1915347.000000,-0.225361
2022-06-13,3.950000,4.140000,3.860000,3.950000,699200,0.000000,0.000000,3.950000,4.140000,3.860000,3.950000,4.520000,5.310400,5.831900,4.882000,4.254073,4.618854,-0.364781,-0.390842,0.026061,39.987091,4.520000,6.114491,2.925509,0.321260,0.476128,0.120539,-0.034230,-0.017413,-0.152361,-0.336134,-0.081395,0.473881,1.609038,-0.893760,-0.476821,0.732456,1281585.000000,2761840.000000,-0.195290
2022-06-14,3.980000,4.370000,3.890000,4.300000,599600,0.000000,0.000000,3.980000,4.370000,3.890000,4.300000,4.451500,5.253600,5.817400,4.890000,4.261139,4.595235,-0.334096,-0.379493,0.045397,45.494695,4.451500,5.952970,2.950030,0.449549,0.476405,0.110792,0.088608,-0.038031,-0.190207,-0.303079,-0.009217,0.616541,1.561419,-0.884346,-0.430464,0.885965,1287700.000000,2578280.000000,-0.139335
2022-06-15,4.370000,4.820000,4.320000,4.780000,731100,0.000000,0.000000,4.370000,4.820000,4.320000,4.780000,4.390000,5.208000,5.810200,4.900450,4.340963,4.608921,-0.267958,-0.357186,0.089228,52.000652,4.390000,5.712820,3.067180,0.647412,0.479519,0.100318,0.111628,0.081448,-0.156966,-0.255452,0.127358,0.803774,1.594178,-0.871436,-0.366887,1.096491,1285865.000000,3494658.000000,-0.081493
2022-06-16,4.700000,5.120000,4.570000,4.950000,1126200,0.000000,0.000000,4.700000,5.120000,4.570000,4.950000,4.357000,5.162800,5.806500,4.911850,4.434661,4.634186,-0.199525,-0.325654,0.126129,54.090743,4.357000,5.580904,3.133096,0.742258,0.484553,0.097890,0.035565,0.195652,-0.176373,-0.265579,0.175772,0.847015,1.584277,-0.866864,-0.344371,1.171053,1303460.000000,5574690.000000,-0.047530
2022-06-17,4.990000,5.230000,4.820000,4.860000,2003100,0.000000,0.000000,4.990000,5.230000,4.820000,4.860000,4.311000,5.109000,5.798300,4.922150,4.500098,4.650913,-0.150815,-0.290686,0.139871,52.780412,4.311000,5.367407,3.254593,0.759843,0.479228,0.098607,-0.018182,0.188264,-0.133690,-0.319328,0.185366,0.862069,1.568997,-0.869285,-0.356291,1.131579,1374810.000000,9735066.000000,-0.096532
2022-06-21,4.900000,5.090000,4.640000,4.700000,1091100,0.000000,0.000000,4.900000,5.090000,4.640000,4.700000,4.256500,5.064200,5.791700,4.931600,4.530852,4.654549,-0.123697,-0.257288,0.133591,50.441016,4.256500,5.077982,3.435018,0.769939,0.477140,0.101519,-0.032922,0.189873,-0.186851,-0.322767,0.135266,0.857708,1.568039,-0.873588,-0.377483,1.061404,1404990.000000,5128170.000000,-0.122660
2022-06-22,4.570000,4.830000,4.530000,4.580000,605500,0.000000,0.000000,4.570000,4.830000,4.530000,4.580000,4.250500,5.023200,5.784300,4.940800,4.538413,4.649027,-0.110614,-0.227953,0.117340,48.697664,4.250500,5.060009,3.440991,0.703519,0.464487,0.101416,-0.025532,0.065116,-0.208981,-0.349432,0.106280,0.734848,1.569473,-0.876815,-0.393377,1.008772,1324405.000000,2773190.000000,-0.132848
2022-06-23,4.610000,4.750000,4.530000,4.640000,544200,0.000000,0.000000,4.610000,4.750000,4.530000,4.640000,4.314000,4.990000,5.775000,4.950400,4.554042,4.648359,-0.094316,-0.201226,0.106910,49.634978,4.314000,5.026073,3.601927,0.728909,0.447024,0.096341,0.013100,-0.029289,-0.012766,-0.363512,0.107399,0.731343,1.423016,-0.875202,-0.385430,1.035088,1125650.000000,2525088.000000,-0.170271
2022-06-24,4.630000,4.790000,4.270000,4.340000,6199900,0.000000,0.000000,4.630000,4.790000,4.270000,4.340000,4.348500,4.953000,5.761800,4.958450,4.521113,4.625517,-0.104405,-0.181862,0.077457,45.189298,4.348500,4.988312,3.708688,0.493357,0.452237,0.104202,-0.064655,-0.123232,0.287834,-0.409524,-0.029083,0.522807,1.010113,-0.883271,-0.425166,0.903509,1356270.000000,26907566.000000,-0.227432
2022-06-27,4.380000,4.490000,4.130000,4.480000,979100,0.000000,0.000000,4.380000,4.490000,4.130000,4.480000,4.371000,4.937600,5.746600,4.967000,4.514788,4.614738,-0.099951,-0.165480,0.065529,47.550240,4.371000,4.995109,3.746891,0.587325,0.445648,0.099475,0.032258,-0.078189,0.227397,-0.362731,-0.040685,0.539519,0.981235,-0.879505,-0.406623,0.964912,1197955.000000,4386368.000000,-0.176078
2022-06-28,4.530000,4.610000,4.230000,4.380000,457800,0.000000,0.000000,4.530000,4.610000,4.230000,4.380000,4.386500,4.919600,5.732200,4.975300,4.494051,4.597350,-0.103299,-0.153043,0.049744,46.025230,4.386500,4.994318,3.778682,0.494653,0.440959,0.100676,-0.022321,-0.068085,0.086849,-0.367052,-0.043668,0.500000,0.927248,-0.882195,-0.419868,0.921053,1177245.000000,2005164.000000,-0.145987
2022-06-29,4.400000,4.480000,4.170000,4.350000,558300,0.000000,0.000000,4.400000,4.480000,4.170000,4.350000,4.401000,4.903800,5.714800,4.983500,4.471889,4.579028,-0.107139,-0.143862,0.036724,45.553227,4.401000,4.989554,3.812446,0.456673,0.431605,0.099220,-0.006849,-0.050218,0.068796,-0.410569,-0.037611,0.494845,0.928070,-0.883002,-0.423841,0.907895,1106950.000000,2428605.000000,-0.175149
2022-06-30,4.230000,4.390000,4.230000,4.360000,654000,0.000000,0.000000,4.230000,4.390000,4.230000,4.360000,4.424500,4.882000,5.695900,4.992250,4.454676,4.562804,-0.108128,-0.136716,0.028588,45.752932,4.424500,4.962507,3.886493,0.440057,0.412205,0.094542,0.002299,-0.060345,0.073892,-0.405184,-0.085954,0.524476,0.927751,-0.882733,-0.422517,0.912281,1072920.000000,2851440.000000,-0.168827
2022-07-01,4.450000,4.450000,4.210000,4.240000,230300,0.000000,0.000000,4.450000,4.450000,4.210000,4.240000,4.418500,4.857200,5.673700,5.000200,4.421649,4.538892,-0.117244,-0.132821,0.015578,43.682368,4.418500,4.962182,3.874818,0.335842,0.399904,0.094317,-0.027523,-0.023041,0.089974,-0.409471,-0.148594,0.503546,0.919921,-0.885960,-0.438411,0.859649,997630.000000,976472.000000,-0.191991
2022-07-05,4.150000,4.360000,4.120000,4.230000,288100,0.000000,0.000000,4.150000,4.360000,4.120000,4.230000,4.414000,4.831000,5.649900,5.008100,4.392164,4.516011,-0.123847,-0.131026,0.007179,43.505675,4.414000,4.962583,3.865417,0.332295,0.388483,0.091840,-0.002358,-0.055804,-0.029817,-0.407563,-0.131417,0.532609,0.819049,-0.886229,-0.439735,0.855263,985280.000000,1218663.000000,-0.201466
2022-07-06,4.310000,4.320000,4.120000,4.200000,400500,0.000000,0.000000,4.310000,4.320000,4.120000,4.200000,4.423000,4.802400,5.625600,5.015650,4.362600,4.492603,-0.130003,-0.130822,0.000819,42.944465,4.423000,4.949842,3.896158,0.288361,0.375019,0.089290,-0.007092,-0.041096,-0.027778,-0.405099,-0.182879,0.621622,0.818793,-0.887036,-0.443709,0.842105,970800.000000,1682100.000000,-0.186920
2022-07-07,4.210000,4.420000,4.200000,4.270000,432100,0.000000,0.000000,4.210000,4.420000,4.200000,4.270000,4.413000,4.771400,5.604900,5.024200,4.348354,4.476114,-0.127760,-0.130209,0.002450,44.735834,4.413000,4.943664,3.882336,0.365263,0.363947,0.085233,0.016667,-0.018391,0.062189,-0.407767,-0.258681,0.623574,0.780352,-0.885153,-0.434437,0.872807,957665.000000,1845067.000000,-0.225932
2022-07-08,4.200000,4.370000,4.090000,4.270000,274700,0.000000,0.000000,4.200000,4.370000,4.090000,4.270000,4.405500,4.745400,5.586700,5.032550,4.336300,4.460846,-0.124547,-0.129077,0.004530,44.735834,4.405500,4.939974,3.871026,0.373240,0.357950,0.083829,0.000000,-0.020642,-0.044743,-0.434437,-0.263793,0.648649,0.674389,-0.885153,-0.434437,0.872807,943785.000000,1172969.000000,-0.272184
2022-07-11,4.210000,4.400000,4.120000,4.200000,163800,0.000000,0.000000,4.210000,4.400000,4.120000,4.200000,4.408500,4.717200,5.568700,5.039600,4.315331,4.441524,-0.126194,-0.128500,0.002306,43.164099,4.408500,4.937343,3.879657,0.302871,0.352383,0.083901,-0.016393,-0.009434,-0.049774,-0.394813,-0.338583,0.573034,0.675587,-0.887036,-0.443709,0.842105,925345.000000,687960.000000,-0.213144
2022-07-12,4.180000,4.180000,3.880000,3.930000,443800,0.000000,0.000000,4.180000,4.180000,3.880000,3.930000,4.400500,4.682000,5.544000,5.045350,4.256049,4.403634,-0.147585,-0.132317,-0.015268,37.666980,4.400500,4.953900,3.847100,0.074901,0.350070,0.089076,-0.064286,-0.070922,-0.050725,-0.407240,-0.372204,0.477444,0.676674,-0.894298,-0.479470,0.723684,924120.000000,1744134.000000,-0.228823
2022-07-13,3.880000,4.030000,3.830000,3.910000,454000,0.000000,0.000000,3.880000,4.030000,3.830000,3.910000,4.398500,4.651400,5.519700,5.050550,4.202811,4.367068,-0.164258,-0.138705,-0.025552,37.288159,4.398500,4.958999,3.838001,0.064227,0.339350,0.086790,-0.005089,-0.069048,-0.044010,-0.379365,-0.425844,0.481061,0.675747,-0.894836,-0.482119,0.714912,911860.000000,1775140.000000,-0.217988
2022-07-14,3.840000,3.910000,3.720000,3.780000,263200,0.000000,0.000000,3.840000,3.910000,3.720000,3.780000,4.372500,4.610400,5.499000,5.054700,4.137763,4.323582,-0.185819,-0.148128,-0.037691,34.835730,4.372500,4.996844,3.748156,0.025502,0.328682,0.086953,-0.033248,-0.114754,-0.043038,-0.389338,-0.427273,0.488189,0.675153,-0.898332,-0.499338,0.657895,895040.000000,994896.000000,-0.230764
2022-07-15,3.860000,4.000000,3.670000,3.890000,312400,0.000000,0.000000,3.860000,4.000000,3.670000,3.890000,4.328000,4.568200,5.482200,5.059600,4.099645,4.291464,-0.191819,-0.156866,-0.034953,38.520336,4.328000,4.956904,3.699096,0.151775,0.328777,0.084518,0.029101,-0.088993,-0.095349,-0.259048,-0.336177,0.507752,0.602968,-0.895374,-0.484768,0.706140,874105.000000,1215236.000000,-0.098447
2022-07-18,3.950000,3.990000,3.710000,3.730000,254500,0.000000,0.000000,3.950000,3.990000,3.710000,3.730000,4.267000,4.523400,5.464800,5.064300,4.042777,4.249875,-0.207098,-0.166912,-0.040185,35.386136,4.267000,4.878301,3.655699,0.060773,0.325292,0.087210,-0.041131,-0.111905,-0.219665,-0.293561,-0.349040,0.497992,0.445135,-0.899677,-0.505960,0.635965,830520.000000,949285.000000,-0.144432
2022-07-19,3.760000,5.500000,3.380000,5.420000,30246200,0.000000,0.000000,3.760000,5.500000,3.380000,5.420000,4.295000,4.516800,5.466900,5.077600,4.254657,4.336550,-0.081893,-0.149909,0.068015,66.443500,4.295000,5.054099,3.535901,1.241010,0.453486,0.083669,0.453083,0.379135,0.094949,0.054475,-0.132800,1.194332,1.668454,-0.854223,-0.282119,1.377193,2242675.000000,163934404.000000,0.175924
2022-07-20,5.350000,5.600000,5.040000,5.290000,6096000,0.000000,0.000000,5.350000,5.600000,5.040000,5.290000,4.324500,4.509600,5.460700,5.090300,4.413941,4.407176,0.006765,-0.118574,0.125338,63.899159,4.324500,5.188480,3.460520,1.058751,0.461094,0.087163,-0.023985,0.352941,0.088477,-0.029358,-0.131363,1.141700,1.669745,-0.857719,-0.299338,1.320175,2492920.000000,32247840.000000,0.097078
2022-07-21,5.220000,5.600000,4.960000,5.030000,1823400,0.000000,0.000000,5.220000,5.600000,4.960000,5.030000,4.347000,4.509400,5.451700,5.101400,4.508719,4.453311,0.055408,-0.083778,0.139185,59.030452,4.347000,5.260987,3.433013,0.873638,0.473873,0.094209,-0.049149,0.330688,0.070213,-0.082117,-0.122164,0.980315,1.675721,-0.864712,-0.333775,1.206140,2553815.000000,9171702.000000,0.021463
2022-07-22,5.150000,5.840000,5.010000,5.200000,4275200,0.000000,0.000000,5.150000,5.840000,5.010000,5.200000,4.375000,4.512200,5.439000,5.113800,4.615070,4.508622,0.106448,-0.045732,0.152181,61.116590,4.375000,5.358453,3.391547,0.919441,0.499311,0.096021,0.033797,0.336761,0.135371,-0.061372,-0.095652,1.039216,1.673600,-0.860140,-0.311258,1.280702,2740365.000000,22231040.000000,0.040380
2022-07-25,5.070000,5.160000,4.970000,5.110000,908900,0.000000,0.000000,5.070000,5.160000,4.970000,5.110000,4.413500,4.515800,5.425100,5.125800,4.691213,4.553168,0.138045,-0.008977,0.147022,59.392377,4.413500,5.450038,3.376962,0.835974,0.480074,0.093948,-0.017308,0.369973,0.101293,-0.092362,-0.070909,1.077236,1.676271,-0.862561,-0.323179,1.241228,2475815.000000,4644479.000000,-0.010067
2022-07-26,5.080000,5.190000,4.890000,5.060000,769000,0.000000,0.000000,5.080000,5.190000,4.890000,5.060000,4.442500,4.523800,5.407000,5.137350,4.747950,4.590711,0.157238,0.024266,0.132972,58.406540,4.442500,5.518572,3.366428,0.786923,0.467212,0.092334,-0.009785,-0.066421,0.165899,-0.130584,-0.048872,1.073770,1.656616,-0.863905,-0.329801,1.219298,2465310.000000,3891140.000000,-0.019681
2022-07-27,5.090000,5.680000,5.030000,5.370000,1509300,0.000000,0.000000,5.090000,5.680000,5.030000,5.370000,4.492000,4.525000,5.392500,5.150550,4.843650,4.648436,0.195213,0.058456,0.136758,62.556359,4.492000,5.644345,3.339655,0.880962,0.480268,0.089435,0.061265,0.015123,0.198661,-0.035907,-0.054577,1.256303,1.664235,-0.855568,-0.288742,1.355263,2517885.000000,8104941.000000,0.000786
2022-07-28,5.370000,5.400000,5.070000,5.120000,772700,0.000000,0.000000,5.370000,5.400000,5.070000,5.120000,4.530500,4.514000,5.377200,5.160800,4.886165,4.683367,0.202798,0.087324,0.115474,57.568100,4.530500,5.713902,3.347098,0.749070,0.469535,0.091706,-0.046555,0.017893,0.168950,-0.087344,-0.044776,1.089796,1.672781,-0.862292,-0.321854,1.245614,2528605.000000,3956224.000000,-0.061214
2022-07-29,5.100000,5.140000,4.760000,4.910000,1576700,0.000000,0.000000,5.100000,5.140000,4.760000,4.910000,4.558000,4.492000,5.361400,5.169800,4.889832,4.700155,0.189677,0.107795,0.081883,53.694861,4.558000,5.750249,3.365751,0.647620,0.463139,0.094326,-0.041016,-0.055769,0.128736,-0.137083,-0.077068,1.054393,1.681715,-0.867940,-0.349669,1.153509,2574740.000000,7741597.000000,-0.099726
2022-08-01,4.910000,5.290000,4.860000,4.970000,934600,0.000000,0.000000,4.910000,5.290000,4.860000,4.970000,4.594500,4.479200,5.342100,5.178300,4.902166,4.720143,0.182022,0.122640,0.059382,54.634020,4.594500,5.790449,3.398551,0.656988,0.460772,0.092711,0.012220,-0.027397,0.139908,-0.086397,-0.107720,1.160870,1.681490,-0.866326,-0.341722,1.179825,2609955.000000,4644962.000000,-0.089181
2022-08-02,4.900000,5.360000,4.890000,5.220000,802800,0.000000,0.000000,4.900000,5.360000,4.890000,5.220000,4.644000,4.468000,5.320700,5.188100,4.951063,4.757170,0.193893,0.136891,0.057003,58.418320,4.644000,5.858238,3.429762,0.737186,0.461431,0.088397,0.050302,0.031621,0.231132,-0.104631,-0.077739,1.211864,1.680908,-0.859602,-0.308609,1.289474,2635690.000000,4190616.000000,-0.089693
2022-08-03,5.240000,5.510000,5.110000,5.210000,847200,0.000000,0.000000,5.240000,5.510000,5.110000,5.210000,4.694500,4.456400,5.299000,5.198150,4.990900,4.790713,0.200187,0.149550,0.050637,58.209154,4.694500,5.914983,3.474017,0.711187,0.457043,0.087724,-0.001916,-0.029795,0.231678,-0.131667,-0.131667,1.265217,1.680853,-0.859871,-0.309934,1.285088,2658025.000000,4413912.000000,-0.139976
2022-08-04,5.220000,5.350000,5.110000,5.230000,671900,0.000000,0.000000,5.220000,5.350000,5.110000,5.230000,4.742500,4.467000,5.289100,5.206700,5.027684,4.823252,0.204432,0.160526,0.043905,58.528971,4.742500,5.968188,3.516812,0.698868,0.441540,0.084425,0.003839,0.021484,0.245238,-0.123953,-0.101375,1.293860,1.679530,-0.859333,-0.307285,1.254310,2670015.000000,3514037.000000,-0.105111
2022-08-05,5.200000,5.440000,5.140000,5.370000,984800,0.000000,0.000000,5.200000,5.440000,5.140000,5.370000,4.797500,4.507000,5.283300,5.216100,5.080348,4.863752,0.216596,0.171740,0.044856,60.790955,4.797500,6.032599,3.562401,0.731763,0.431430,0.080341,0.026769,0.093686,0.257611,-0.066087,-0.118227,1.256303,1.680037,-0.855568,-0.288742,1.314655,2705520.000000,5288376.000000,-0.093678
2022-08-08,5.400000,5.410000,5.070000,5.350000,849200,0.000000,0.000000,5.400000,5.410000,5.070000,5.350000,4.855000,4.541000,5.275100,5.224900,5.121833,4.899771,0.222062,0.181805,0.040258,60.285082,4.855000,6.080011,3.629989,0.702039,0.424900,0.079420,-0.003724,0.076459,0.252927,-0.053097,-0.144000,1.306034,1.680513,-0.856105,-0.291391,1.266949,2739790.000000,4543220.000000,-0.094251
2022-08-09,5.340000,5.520000,5.250000,5.470000,1071400,0.000000,0.000000,5.340000,5.520000,5.250000,5.470000,4.932000,4.569800,5.265600,5.233650,5.175397,4.942010,0.233387,0.192121,0.041266,62.311580,4.932000,6.104682,3.759318,0.729389,0.413835,0.075655,0.022430,0.047893,0.302381,0.085317,-0.153251,1.298319,1.676727,-0.852878,-0.275497,1.317797,2771170.000000,5860558.000000,0.010409
2022-08-10,5.540000,5.700000,5.350000,5.540000,722300,0.000000,0.000000,5.540000,5.700000,5.350000,5.540000,5.013500,4.599200,5.253600,5.243400,5.231490,4.986305,0.245185,0.202734,0.042451,63.482154,5.013500,6.111293,3.915707,0.739799,0.409276,0.073876,0.012797,0.063340,0.409669,0.094862,-0.161876,1.298755,1.650741,-0.850995,-0.266225,1.347458,2784585.000000,4001542.000000,-0.000313
2022-08-11,5.680000,5.910000,5.420000,5.710000,916500,0.000000,0.000000,5.680000,5.910000,5.420000,5.710000,5.110000,4.632200,5.239300,5.254000,5.305107,5.039912,0.265195,0.215226,0.049968,66.225705,5.110000,6.083523,4.136477,0.808159,0.415042,0.072687,0.030686,0.091778,0.460358,0.158215,-0.138763,1.419492,1.648375,-0.846423,-0.243709,1.349794,2817250.000000,5233215.000000,0.033643
2022-08-12,5.800000,8.790000,5.800000,7.300000,14060700,0.000000,0.000000,5.800000,8.790000,5.800000,7.300000,5.280500,4.700400,5.242900,5.272250,5.612014,5.207326,0.404687,0.253118,0.151569,80.774334,5.280500,6.514074,4.046926,1.318557,0.605396,0.082931,0.278459,0.359404,0.931217,0.566524,0.151420,1.829457,1.856524,-0.803658,-0.033113,2.004115,3504665.000000,102643110.000000,0.419110
2022-08-15,7.510000,8.640000,7.050000,8.390000,3880600,0.000000,0.000000,7.510000,8.640000,7.050000,8.390000,5.513500,4.781000,5.256400,5.296300,6.039396,5.443080,0.596316,0.321758,0.274558,85.413184,5.513500,7.193554,3.833446,1.356074,0.675725,0.080539,0.149315,0.568224,1.156812,0.580038,0.377668,2.154135,1.896236,-0.774341,0.000000,2.452675,3685970.000000,32558234.000000,0.467962
2022-08-16,8.300000,8.380000,7.210000,7.450000,2787500,0.000000,0.000000,8.300000,8.380000,7.210000,7.450000,5.615000,4.843600,5.258000,5.314700,6.256412,5.591741,0.664671,0.390341,0.274331,69.777103,5.615000,7.503609,3.726391,0.985807,0.711744,0.095536,-0.112038,0.361974,0.997319,0.313933,0.241667,1.854406,1.950936,-0.799623,-0.112038,2.065844,2313035.000000,20766875.000000,0.190484
2022-08-17,7.370000,7.660000,6.920000,7.200000,1719800,0.000000,0.000000,7.370000,7.660000,6.920000,7.200000,5.710500,4.907200,5.256500,5.331950,6.401579,5.710871,0.690708,0.450414,0.240294,66.300792,5.710500,7.719254,3.701746,0.870752,0.713763,0.099134,-0.033557,0.299639,0.328413,0.198003,0.125000,1.857143,1.255412,-0.806347,-0.141836,1.962963,2094225.000000,12382560.000000,0.118434
2022-08-18,7.190000,7.730000,6.930000,7.700000,1036200,0.000000,0.000000,7.190000,7.730000,6.930000,7.700000,5.844000,4.971800,5.263200,5.351350,6.601336,5.858214,0.743123,0.508956,0.234167,69.566465,5.844000,8.010991,3.677009,0.928244,0.719922,0.093496,0.069444,0.348511,0.455577,0.372549,0.214511,2.130081,1.259325,-0.792899,-0.082241,2.168724,2054865.000000,7978740.000000,0.237046
2022-08-19,7.580000,7.780000,7.210000,7.440000,1060500,0.000000,0.000000,7.580000,7.780000,7.210000,7.440000,5.956000,5.032200,5.268400,5.368950,6.730362,5.975383,0.754978,0.558160,0.196818,65.985583,5.956000,8.212540,3.699460,0.828822,0.709214,0.095324,-0.033766,0.019178,0.479125,0.287197,0.271795,2.061728,1.249653,-0.799892,-0.113230,1.906250,1894130.000000,7890120.000000,0.171579
2022-08-22,7.400000,8.020000,7.360000,7.620000,868400,0.000000,0.000000,7.400000,8.020000,7.360000,7.620000,6.081500,5.101800,5.270800,5.385450,6.867229,6.097207,0.770022,0.600533,0.169490,67.242718,6.081500,8.417716,3.745284,0.829272,0.705698,0.092611,0.024194,-0.091776,0.465385,0.316062,0.368043,1.942085,1.248906,-0.795051,-0.091776,1.976562,1892105.000000,6617208.000000,0.225619
2022-08-23,7.670000,8.330000,6.940000,7.300000,2274600,0.000000,0.000000,7.670000,8.330000,6.940000,7.300000,6.193500,5.166000,5.270500,5.400400,6.933809,6.186302,0.747507,0.629928,0.117579,62.799122,6.193500,8.538279,3.848721,0.735950,0.754577,0.103367,-0.041995,-0.020134,0.428571,0.553191,0.334552,1.786260,1.261325,-0.803658,-0.129917,1.851562,1967385.000000,16604580.000000,0.479849
2022-08-24,7.350000,7.620000,7.260000,7.440000,759700,0.000000,0.000000,7.350000,7.620000,7.260000,7.440000,6.297000,5.235800,5.273100,5.416950,7.011685,6.279169,0.732516,0.650445,0.082071,63.922406,6.297000,8.671284,3.922716,0.740704,0.726393,0.097633,0.019178,0.033333,0.470356,1.207715,0.428023,1.818182,1.256726,-0.799892,-0.113230,1.906250,1929905.000000,5652168.000000,1.104108
2022-08-25,7.500000,7.600000,7.320000,7.340000,434000,0.000000,0.000000,7.500000,7.600000,7.320000,7.340000,6.408000,5.296600,5.275100,5.432150,7.062195,6.357749,0.704446,0.661245,0.043200,62.471383,6.408000,8.758047,4.057953,0.698294,0.694508,0.094620,-0.013441,-0.046753,0.366853,1.010959,0.241963,1.749064,1.253398,-0.802582,-0.125149,1.867188,1912970.000000,3185560.000000,0.905619
2022-08-26,7.330000,7.650000,7.210000,7.510000,555600,0.000000,0.000000,7.330000,7.650000,7.210000,7.510000,6.538000,5.351200,5.279600,5.449700,7.131088,6.443101,0.687987,0.666594,0.021393,63.968769,6.538000,8.825969,4.250031,0.712415,0.676329,0.090057,0.023161,0.009409,0.466797,0.863524,0.266442,1.750916,1.231443,-0.798010,-0.104887,1.933594,1861915.000000,4172556.000000,0.829364
2022-08-29,7.390000,7.970000,7.220000,7.730000,1087900,0.000000,0.000000,7.390000,7.970000,7.220000,7.730000,6.676000,5.406800,5.284800,5.467200,7.223228,6.538427,0.684801,0.670235,0.014566,65.866814,6.676000,8.897743,4.454257,0.737201,0.681591,0.088175,0.029294,0.014436,0.574338,0.899263,0.194745,1.862963,1.210729,-0.792093,-0.078665,2.019531,1869580.000000,8409467.000000,0.908616
2022-08-30,7.710000,7.840000,4.990000,5.380000,7904800,0.000000,0.000000,7.710000,7.840000,4.990000,5.380000,6.684000,5.417200,5.263100,5.468250,6.939655,6.452617,0.487037,0.633596,-0.146558,41.013508,6.684000,8.884721,4.483279,0.203734,0.836477,0.155479,-0.304010,-0.263014,0.082495,0.325123,-0.172308,1.000000,1.662126,-0.855299,-0.358760,1.101562,2224680.000000,42527824.000000,0.341533
2022-08-31,5.500000,7.720000,5.070000,5.770000,13040300,0.000000,0.000000,5.500000,7.720000,5.070000,5.770000,6.712000,5.438600,5.251400,5.472150,6.759708,6.402053,0.357655,0.578407,-0.220753,44.740077,6.712000,8.847027,4.576973,0.279394,0.966015,0.167420,0.072491,-0.224462,0.105364,0.483290,-0.160116,1.161049,1.670776,-0.844809,-0.312277,1.253906,2834335.000000,75242531.000000,0.498152
2022-09-01,5.100000,5.480000,4.060000,4.860000,10863500,0.000000,0.000000,5.100000,5.480000,4.060000,4.860000,6.693500,5.444200,5.233700,5.472150,6.467445,6.287827,0.179618,0.498650,-0.319031,38.610585,6.693500,8.888176,4.498824,0.082285,1.019156,0.209703,-0.157712,-0.337875,-0.067179,0.114679,-0.287390,0.735714,1.769455,-0.869285,-0.420739,0.898438,3343915.000000,52796610.000000,0.157853
2022-09-02,5.100000,5.980000,5.030000,5.860000,6375200,0.000000,0.000000,5.100000,5.980000,5.030000,5.860000,6.718000,5.468600,5.229300,5.477400,6.373992,6.256136,0.117856,0.422491,-0.304635,47.175218,6.718000,8.860793,4.575207,0.299794,1.026360,0.175147,0.205761,-0.219707,0.120459,0.356481,-0.118797,1.085409,1.903890,-0.842388,-0.301549,1.289062,3613435.000000,37358672.000000,0.388270
2022-09-06,5.740000,5.790000,5.460000,5.620000,1701400,0.000000,0.000000,5.740000,5.790000,5.460000,5.620000,6.731500,5.494200,5.223600,5.482300,6.257993,6.209015,0.048978,0.347788,-0.298810,45.533341,6.731500,8.841150,4.621850,0.236568,0.981620,0.174665,-0.040956,-0.272962,0.046555,0.398010,-0.134052,1.051095,1.911959,-0.848843,-0.330155,1.195312,3656045.000000,9561868.000000,0.440829
2022-09-07,5.720000,5.820000,5.500000,5.790000,1533400,0.000000,0.000000,5.720000,5.820000,5.500000,5.790000,6.747500,5.520400,5.229000,5.488150,6.185994,6.177977,0.008017,0.279834,-0.271817,46.941981,6.747500,8.821417,4.673583,0.269157,0.934361,0.161375,0.030249,0.076208,0.082243,0.295302,-0.160870,1.128676,1.912657,-0.844271,-0.309893,1.261719,3679145.000000,8878386.000000,0.326786
2022-09-08,6.000000,6.290000,5.870000,6.130000,1260800,0.000000,0.000000,6.000000,6.290000,5.870000,6.130000,6.777000,5.555400,5.237500,5.497500,6.177380,6.174423,0.002957,0.224459,-0.221502,49.741563,6.777000,8.794618,4.759382,0.339662,0.903335,0.147363,0.058722,0.062392,0.120658,0.386878,-0.167120,1.245421,1.919521,-0.835126,-0.269368,1.394531,3706070.000000,7728704.000000,0.405423
2022-09-09,6.140000,6.370000,5.920000,6.090000,1319900,0.000000,0.000000,6.140000,6.370000,5.920000,6.090000,6.796000,5.590200,5.247000,5.507550,6.163937,6.168169,-0.004233,0.178720,-0.182953,49.411244,6.796000,8.778156,4.813844,0.321911,0.870954,0.143014,-0.006525,0.253086,0.099278,0.471014,-0.174797,1.198556,1.920672,-0.836202,-0.274136,1.378906,3726240.000000,8038191.000000,0.440551
2022-09-12,6.120000,6.190000,5.770000,5.950000,857700,0.000000,0.000000,6.120000,6.190000,5.770000,5.950000,6.728500,5.622000,5.252000,5.518200,6.131023,6.152009,-0.020985,0.138779,-0.159765,48.204664,6.728500,8.730239,4.726761,0.305544,0.838743,0.140965,-0.022989,0.015358,0.042032,0.454768,-0.043408,1.187500,1.923007,-0.839968,-0.290822,1.324219,3066090.000000,5103315.000000,0.373076
2022-09-13,5.800000,6.150000,5.800000,5.910000,572100,0.000000,0.000000,5.800000,6.150000,5.800000,5.910000,6.604500,5.655400,5.256300,5.526850,6.097020,6.134082,-0.037062,0.103611,-0.140673,47.845176,6.604500,8.475885,4.733115,0.314442,0.803833,0.136012,-0.006723,0.051601,-0.190411,0.496203,-0.006723,1.180812,1.654955,-0.841044,-0.295590,1.308594,2900665.000000,3381111.000000,0.419940
2022-09-14,5.890000,6.000000,5.810000,5.930000,488100,0.000000,0.000000,5.890000,6.000000,5.810000,5.930000,6.528500,5.689400,5.260200,5.535950,6.071324,6.118965,-0.047641,0.073361,-0.121001,48.053771,6.528500,8.378647,4.678353,0.338256,0.759988,0.128160,0.003384,0.024180,-0.293206,0.379070,-0.038898,1.272031,1.558599,-0.840506,-0.293206,1.316406,2785695.000000,2894433.000000,0.296755
2022-09-15,6.070000,6.130000,5.870000,5.950000,860300,0.000000,0.000000,6.070000,6.130000,5.870000,5.950000,6.466000,5.724400,5.263400,5.545550,6.052659,6.106449,-0.053790,0.047931,-0.101720,48.276554,6.466000,8.305055,4.626945,0.359711,0.724274,0.121727,0.003373,-0.029364,-0.201342,0.244770,-0.073209,1.245283,1.515308,-0.839968,-0.290822,1.324219,2742720.000000,5118785.000000,0.203937
2022-09-16,5.870000,6.000000,5.720000,5.990000,1101500,0.000000,0.000000,5.870000,6.000000,5.720000,5.990000,6.380500,5.758800,5.265100,5.554750,6.043019,6.097823,-0.054804,0.027384,-0.082188,48.749964,6.380500,8.135055,4.625945,0.388718,0.692540,0.115616,0.006723,-0.016420,-0.168056,0.210101,-0.111276,1.260377,1.512443,-0.838892,-0.286055,1.339844,2745985.000000,6597985.000000,0.134740
2022-09-19,5.820000,5.900000,5.460000,5.710000,1602100,0.000000,0.000000,5.820000,5.900000,5.460000,5.710000,6.294000,5.787600,5.266500,5.562650,5.991786,6.069096,-0.077310,0.006445,-0.083755,45.603447,6.294000,7.998488,4.589512,0.328688,0.680930,0.119252,-0.046745,-0.040336,-0.258442,0.174897,-0.200280,1.122677,1.494891,-0.846423,-0.319428,1.230469,2773065.000000,9147991.000000,0.106677
2022-09-20,5.700000,5.790000,5.560000,5.620000,800100,0.000000,0.000000,5.700000,5.790000,5.560000,5.620000,6.194000,5.816000,5.266600,5.570750,5.934588,6.035829,-0.101241,-0.015092,-0.086149,44.606834,6.194000,7.802928,4.585072,0.321620,0.648721,0.115431,-0.015762,-0.049069,-0.244624,0.195745,-0.190202,1.195312,1.492499,-0.848843,-0.330155,1.161538,2769650.000000,4496562.000000,0.163606
2022-09-21,5.620000,5.620000,5.270000,5.330000,488600,0.000000,0.000000,5.620000,5.620000,5.270000,5.330000,6.095500,5.844000,5.263000,5.577200,5.841574,5.983546,-0.141971,-0.040468,-0.101503,41.462530,6.095500,7.659927,4.531073,0.255342,0.627384,0.117708,-0.051601,-0.101180,-0.300525,0.163755,-0.242898,1.050000,1.494617,-0.856643,-0.364720,0.966790,2680350.000000,2604238.000000,0.148637
2022-09-22,5.340000,5.350000,5.160000,5.270000,490000,0.000000,0.000000,5.340000,5.350000,5.160000,5.270000,5.987000,5.871200,5.261300,5.583500,5.753640,5.930690,-0.177051,-0.067785,-0.109266,40.821395,5.987000,7.456953,4.517047,0.256115,0.596142,0.113120,-0.011257,-0.114286,-0.278082,0.135776,-0.277092,0.888889,1.490683,-0.858257,-0.371871,0.944649,2666865.000000,2582300.000000,0.150500
2022-09-23,5.170000,5.350000,4.970000,5.280000,919600,0.000000,0.000000,5.170000,5.350000,4.970000,5.280000,5.884000,5.901200,5.255800,5.588300,5.680772,5.882491,-0.201719,-0.094571,-0.107147,40.985186,5.884000,7.238966,4.529034,0.277116,0.580703,0.109982,0.001898,-0.118531,-0.290323,0.216590,-0.281633,0.899281,1.487513,-0.857988,-0.370679,0.948339,2691145.000000,4855488.000000,0.280314
2022-09-26,5.200000,5.510000,5.200000,5.320000,899300,0.000000,0.000000,5.200000,5.510000,5.200000,5.320000,5.774500,5.929800,5.249000,5.592850,5.625269,5.840825,-0.215556,-0.118768,-0.096788,41.680500,5.774500,6.912836,4.636164,0.300367,0.561367,0.105520,0.007576,-0.068301,-0.275204,0.187500,-0.243243,0.853659,1.488958,-0.856912,-0.365912,0.963100,2708330.000000,4784276.000000,0.250117
2022-09-27,5.410000,5.600000,5.330000,5.460000,622700,0.000000,0.000000,5.410000,5.600000,5.330000,5.460000,5.661000,5.964400,5.243900,5.598400,5.599843,5.812616,-0.212773,-0.137569,-0.075204,44.160298,5.661000,6.337272,4.984728,0.351391,0.541270,0.099134,0.026316,-0.028470,-0.272969,0.246575,-0.210983,0.850847,1.489898,-0.853147,-0.349225,1.014760,2685070.000000,3399942.000000,0.278059
2022-09-28,5.490000,5.610000,5.350000,5.530000,605800,0.000000,0.000000,5.490000,5.610000,5.350000,5.530000,5.668500,5.966600,5.241700,5.604550,5.589098,5.791681,-0.202584,-0.150572,-0.052011,45.410179,5.668500,6.334905,5.002095,0.396084,0.521179,0.094246,0.012821,0.037523,-0.284605,0.271264,-0.250678,0.900344,1.485453,-0.851264,-0.340882,1.040590,2320120.000000,3350074.000000,0.282559
2022-09-29,5.490000,5.490000,5.140000,5.300000,551600,0.000000,0.000000,5.490000,5.490000,5.140000,5.300000,5.645000,5.966800,5.238200,5.609350,5.544621,5.755260,-0.210639,-0.162586,-0.048054,42.077524,5.645000,6.329244,4.960756,0.247897,0.511809,0.096568,-0.041591,0.005693,-0.014870,0.215596,-0.276944,0.899642,1.047149,-0.857450,-0.368296,0.955720,1695685.000000,2923480.000000,0.242003
2022-09-30,5.280000,5.550000,5.260000,5.440000,667400,0.000000,0.000000,5.280000,5.550000,5.260000,5.440000,5.674000,5.975000,5.242200,5.615350,5.528526,5.731908,-0.203382,-0.170745,-0.032637,44.736185,5.674000,6.260314,5.087686,0.300448,0.495966,0.091170,0.026415,0.030303,-0.057192,0.283019,-0.242340,0.971014,1.019483,-0.853685,-0.351609,1.007380,1185880.000000,3630656.000000,0.332645
2022-10-03,5.460000,5.610000,5.390000,5.520000,534300,0.000000,0.000000,5.460000,5.610000,5.390000,5.520000,5.657000,5.981400,5.246800,5.621900,5.527214,5.716211,-0.188997,-0.174395,-0.014602,46.254305,5.657000,6.240315,5.073685,0.382568,0.476254,0.086278,0.014706,0.037594,0.135802,0.304965,-0.226891,1.007273,0.845390,-0.851533,-0.342074,1.036900,893835.000000,2949336.000000,0.349727
2022-10-04,5.610000,5.820000,5.560000,5.720000,496700,0.000000,0.000000,5.610000,5.820000,5.560000,5.720000,5.662000,5.993600,5.254700,5.630000,5.556873,5.716492,-0.159618,-0.171440,0.011822,49.955534,5.662000,6.245694,5.078306,0.549684,0.463664,0.081060,0.036232,0.047619,-0.023891,0.361905,-0.189802,1.035587,0.460231,-0.846154,-0.318236,1.110701,833600.000000,2841124.000000,0.378226
2022-10-05,5.650000,5.740000,5.450000,5.580000,313900,0.000000,0.000000,5.650000,5.740000,5.450000,5.580000,5.651500,6.004000,5.263900,5.637200,5.560431,5.706381,-0.145950,-0.166342,0.020392,47.490128,5.651500,6.233051,5.069949,0.438526,0.451260,0.080871,-0.024476,0.009042,-0.007117,0.306792,-0.226075,1.051471,0.445392,-0.849919,-0.334923,1.059041,772625.000000,1751562.000000,0.347468
2022-10-06,5.580000,5.670000,5.470000,5.540000,300900,0.000000,0.000000,5.580000,5.670000,5.470000,5.540000,5.622000,6.007400,5.266200,5.644200,5.557288,5.694057,-0.136769,-0.160427,0.023659,46.779767,5.622000,6.159542,5.084458,0.423727,0.433313,0.078215,-0.007168,0.045283,-0.043178,0.297424,-0.266225,1.044280,0.432072,-0.850995,-0.339690,1.029304,724630.000000,1666986.000000,0.345725
2022-10-07,5.490000,5.620000,5.410000,5.440000,320200,0.000000,0.000000,5.490000,5.620000,5.410000,5.440000,5.589500,6.013800,5.263900,5.650450,5.539244,5.675238,-0.135994,-0.155541,0.019547,44.968794,5.589500,6.084846,5.094154,0.349095,0.417362,0.076721,-0.018051,0.000000,-0.112561,0.295238,-0.216138,0.978182,0.374737,-0.853685,-0.351609,0.992674,674645.000000,1741888.000000,0.358566
2022-10-10,5.440000,5.440000,5.180000,5.280000,431800,0.000000,0.000000,5.440000,5.440000,5.180000,5.280000,5.556000,6.021200,5.256600,5.654500,5.499360,5.645961,-0.146601,-0.153753,0.007152,42.156727,5.556000,6.039165,5.072835,0.214383,0.406122,0.076917,-0.029412,-0.043478,-0.133005,0.343511,-0.203620,0.934066,0.383877,-0.857988,-0.370679,0.719870,653350.000000,2279904.000000,0.407661
2022-10-11,5.270000,5.430000,5.150000,5.420000,359600,0.000000,0.000000,5.270000,5.430000,5.150000,5.420000,5.531500,6.030200,5.254700,5.658250,5.487151,5.629223,-0.142072,-0.151416,0.009344,45.375529,5.531500,5.988044,5.074956,0.377887,0.397113,0.073268,0.026515,-0.052448,-0.089076,0.386189,-0.139683,0.765472,0.395208,-0.854223,-0.353993,0.742765,642725.000000,1949032.000000,0.459217
2022-10-12,5.430000,5.440000,5.280000,5.370000,380000,0.000000,0.000000,5.430000,5.440000,5.280000,5.370000,5.503500,6.033200,5.250600,5.662200,5.469128,5.610021,-0.140894,-0.149312,0.008418,44.424722,5.503500,5.924440,5.082560,0.341426,0.380176,0.070796,-0.009225,-0.037634,-0.091371,0.420635,-0.132472,0.726688,0.395509,-0.855568,-0.359952,0.678125,637320.000000,2040600.000000,0.494768
2022-10-13,5.300000,5.590000,5.220000,5.550000,481700,0.000000,0.000000,5.300000,5.590000,5.220000,5.550000,5.483500,6.040000,5.248200,5.667350,5.481570,5.605575,-0.124006,-0.144251,0.020245,48.600320,5.483500,5.849547,5.117453,0.590835,0.379449,0.068369,0.033520,0.001805,-0.064081,0.426735,0.057143,0.697248,0.416084,-0.850726,-0.338498,0.734375,618390.000000,2673435.000000,0.496875
2022-10-14,5.530000,5.560000,5.160000,5.330000,398100,0.000000,0.000000,5.530000,5.560000,5.160000,5.330000,5.450500,6.042000,5.254500,5.670150,5.458251,5.585162,-0.126911,-0.140783,0.013872,44.226559,5.450500,5.733973,5.167027,0.287458,0.380917,0.071467,-0.039640,-0.020221,-0.104202,0.428954,0.009470,0.634969,0.434299,-0.856643,-0.364720,0.665625,583220.000000,2121873.000000,0.520385
2022-10-17,5.410000,5.650000,5.370000,5.500000,459600,0.000000,0.000000,5.410000,5.650000,5.370000,5.500000,5.440000,6.044600,5.275800,5.672750,5.464674,5.578854,-0.114180,-0.135462,0.021282,48.112445,5.440000,5.697355,5.182645,0.616571,0.376566,0.068467,0.031895,0.041667,-0.081803,0.014760,0.070039,0.718750,0.451188,-0.852071,-0.344458,0.632047,526095.000000,2527800.000000,0.103323
2022-10-18,5.520000,5.630000,5.270000,5.290000,674200,0.000000,0.000000,5.520000,5.630000,5.270000,5.290000,5.423500,6.043400,5.292200,5.674850,5.437801,5.557457,-0.119656,-0.132301,0.012645,44.031324,5.423500,5.674500,5.172500,0.234064,0.375383,0.070961,-0.038182,-0.023985,-0.073555,0.000000,-0.029358,0.502841,0.441764,-0.857719,-0.369487,0.569733,519800.000000,3566518.000000,0.094577
2022-10-19,5.250000,5.300000,5.040000,5.140000,419000,0.000000,0.000000,5.250000,5.300000,5.040000,5.140000,5.414000,6.036800,5.303300,5.674850,5.391986,5.526535,-0.134549,-0.132751,-0.001798,41.334274,5.414000,5.692749,5.135251,0.008519,0.367141,0.071428,-0.028355,-0.042831,-0.085409,0.021869,-0.062044,0.472779,0.448360,-0.861754,-0.387366,0.525223,516320.000000,2153660.000000,0.136226
2022-10-20,5.140000,5.220000,5.010000,5.090000,662100,0.000000,0.000000,5.140000,5.220000,5.010000,5.090000,5.405000,6.027800,5.313500,5.671500,5.345526,5.494199,-0.148672,-0.135935,-0.012737,40.444961,5.405000,5.713374,5.096626,-0.010743,0.355917,0.069925,-0.009728,-0.082883,-0.045028,-0.021154,-0.081227,0.417827,0.414355,-0.863098,-0.393325,0.510386,524925.000000,3370089.000000,0.081876
2022-10-21,5.120000,5.120000,4.750000,4.900000,663800,0.000000,0.000000,5.120000,5.120000,4.750000,4.900000,5.386000,6.011600,5.321900,5.667000,5.276984,5.450184,-0.173200,-0.143388,-0.029812,37.172082,5.386000,5.765440,5.006560,-0.140417,0.356923,0.072841,-0.037328,-0.080675,-0.070209,-0.041096,-0.129663,0.317204,0.431296,-0.868209,-0.415971,0.454006,512135.000000,3252620.000000,0.037235
2022-10-24,4.900000,4.900000,4.350000,4.750000,672600,0.000000,0.000000,4.900000,4.900000,4.350000,4.750000,5.357500,5.960600,5.330500,5.659000,5.195909,5.398318,-0.202409,-0.155192,-0.047217,34.779272,5.357500,5.831625,4.883375,-0.140654,0.370714,0.078045,-0.030612,-0.136364,-0.100379,-0.061265,-0.183849,0.323120,0.441133,-0.872243,-0.433850,0.409496,500800.000000,3194850.000000,-0.008512
2022-10-25,4.730000,5.060000,4.700000,4.930000,358300,0.000000,0.000000,4.730000,5.060000,4.700000,4.930000,5.331000,5.891400,5.336200,5.652350,5.155000,5.363628,-0.208628,-0.165879,-0.042749,39.788137,5.331000,5.839036,4.822964,0.105343,0.369949,0.075040,0.037895,-0.068053,-0.073308,-0.081937,-0.114901,0.373259,0.463653,-0.867402,-0.412396,0.462908,487580.000000,1766419.000000,-0.012682
2022-10-26,4.920000,5.230000,4.800000,5.020000,677300,0.000000,0.000000,4.920000,5.230000,4.800000,5.020000,5.305500,5.842800,5.343200,5.643400,5.134231,5.338174,-0.203943,-0.173492,-0.030451,42.179209,5.305500,5.822596,4.788404,0.223939,0.374238,0.074549,0.018256,-0.023346,-0.080586,-0.019531,-0.105169,0.375342,0.457992,-0.864981,-0.401669,0.489614,491155.000000,3400046.000000,0.078441
2022-10-27,5.070000,5.070000,4.410000,4.840000,1227600,0.000000,0.000000,5.070000,5.070000,4.410000,4.840000,5.282500,5.795600,5.351400,5.634600,5.088965,5.301272,-0.212308,-0.181255,-0.031053,38.855820,5.282500,5.839971,4.725029,0.103118,0.394650,0.081539,-0.035857,-0.049116,-0.124774,-0.014257,-0.149385,0.351955,0.466961,-0.869822,-0.423123,0.436202,524955.000000,5941584.000000,0.114713
2022-10-28,4.800000,5.120000,4.730000,5.060000,547300,0.000000,0.000000,4.800000,5.120000,4.730000,5.060000,5.263500,5.742800,5.357300,5.630600,5.084509,5.283400,-0.198892,-0.184783,-0.014109,44.601190,5.263500,5.824262,4.702738,0.318550,0.394317,0.077928,0.045455,0.032653,-0.045283,0.018109,-0.069853,0.342175,0.480329,-0.863905,-0.396901,0.501484,518950.000000,2769338.000000,0.120504
2022-10-31,4.990000,5.110000,4.780000,4.890000,578400,0.000000,0.000000,4.990000,5.110000,4.780000,4.890000,5.232000,5.691800,5.362000,5.626400,5.054584,5.254260,-0.199676,-0.187761,-0.011914,41.366570,5.232000,5.802783,4.661217,0.200412,0.389723,0.079698,-0.033597,0.029474,-0.101103,-0.063218,-0.161235,0.304000,0.480947,-0.868478,-0.417163,0.451039,521155.000000,2828376.000000,0.046963
2022-11-01,4.980000,5.270000,4.950000,5.180000,510000,0.000000,0.000000,4.980000,5.270000,4.950000,5.180000,5.205000,5.643000,5.372400,5.621050,5.073879,5.248759,-0.174880,-0.185185,0.010305,48.260024,5.205000,5.727645,4.682355,0.476083,0.389029,0.075102,0.059305,0.050710,-0.061594,-0.005758,-0.136667,0.356021,0.526219,-0.860678,-0.382598,0.537092,521820.000000,2641800.000000,0.134539
2022-11-02,5.120000,5.310000,4.940000,4.990000,544900,0.000000,0.000000,5.120000,5.310000,4.940000,4.990000,5.175500,5.596800,5.381400,5.615550,5.060974,5.229592,-0.168617,-0.181871,0.013254,44.563361,5.175500,5.675120,4.675880,0.314359,0.387670,0.077689,-0.036680,-0.005976,-0.127622,-0.045889,-0.164154,0.272959,0.519162,-0.865788,-0.405244,0.480712,533370.000000,2719051.000000,0.126727
2022-11-03,4.960000,5.170000,4.920000,5.120000,241500,0.000000,0.000000,4.960000,5.170000,4.920000,5.120000,5.154500,5.550400,5.393100,5.612500,5.070055,5.221474,-0.151418,-0.175781,0.024362,47.525110,5.154500,5.624012,4.684988,0.463260,0.377836,0.073796,0.026052,0.057851,-0.082437,-0.046555,-0.109565,0.185185,0.525936,-0.862292,-0.389750,0.519288,530400.000000,1236480.000000,0.136309
2022-11-04,5.170000,5.170000,4.970000,5.020000,587500,0.000000,0.000000,5.170000,5.170000,4.970000,5.020000,5.133500,5.504000,5.400300,5.608850,5.062354,5.206550,-0.144195,-0.169464,0.025268,45.510885,5.133500,5.586526,4.680474,0.374731,0.365134,0.072736,-0.019531,-0.007905,-0.093863,-0.061682,-0.111504,0.164733,0.528739,-0.864981,-0.401669,0.489614,543765.000000,2949250.000000,0.109872
2022-11-07,5.000000,5.090000,4.880000,4.940000,344800,0.000000,0.000000,5.000000,5.090000,4.880000,4.940000,5.116500,5.452600,5.401900,5.606050,5.043531,5.186805,-0.143275,-0.164226,0.020951,43.907641,5.116500,5.571890,4.661110,0.306210,0.354053,0.071671,-0.015936,0.010225,-0.091912,-0.096892,-0.019841,0.196126,0.528089,-0.867133,-0.411204,0.465875,539415.000000,1703312.000000,0.057536
2022-11-08,4.870000,5.150000,4.700000,4.960000,414600,0.000000,0.000000,4.870000,5.150000,4.700000,4.960000,5.093500,5.397200,5.402000,5.604250,5.030680,5.170005,-0.139325,-0.159246,0.019921,44.434644,5.093500,5.530440,4.656560,0.347233,0.360906,0.072763,0.004049,-0.042471,-0.060606,-0.104693,-0.019763,0.153488,0.520513,-0.866595,-0.408820,0.471810,542165.000000,2056416.000000,0.069452
2022-11-09,4.890000,5.130000,4.840000,4.980000,382000,0.000000,0.000000,4.890000,5.130000,4.840000,4.980000,5.074000,5.389200,5.403200,5.600750,5.022883,5.155930,-0.133048,-0.154006,0.020959,44.991222,5.074000,5.493443,4.654557,0.387947,0.355841,0.071454,0.004032,-0.002004,-0.081181,-0.127846,0.010142,0.245000,0.510472,-0.866057,-0.406436,0.477745,542265.000000,1902360.000000,0.062041
2022-11-10,5.100000,5.160000,4.880000,4.890000,510400,0.000000,0.000000,5.100000,5.160000,4.880000,4.890000,5.041000,5.371600,5.405100,5.598400,5.002439,5.136232,-0.133793,-0.149963,0.016171,42.908357,5.041000,5.402628,4.679372,0.291222,0.350424,0.071661,-0.018072,-0.044922,-0.089385,-0.330137,0.049356,0.156028,0.512630,-0.868478,-0.417163,0.451039,543700.000000,2495856.000000,-0.181979
2022-11-11,4.930000,5.030000,4.820000,4.920000,379600,0.000000,0.000000,4.930000,5.030000,4.820000,4.920000,5.020500,5.372800,5.408500,5.596400,4.989756,5.120215,-0.130458,-0.146062,0.015604,43.841636,5.020500,5.358885,4.682115,0.351500,0.340394,0.069186,0.006135,-0.019920,-0.113514,-0.413588,-0.073446,-0.048356,0.495911,-0.867671,-0.413588,0.459941,542775.000000,1867632.000000,-0.276117
2022-11-14,4.900000,5.060000,4.870000,4.920000,282800,0.000000,0.000000,4.900000,5.060000,4.870000,4.920000,4.991500,5.354000,5.411300,5.593150,4.979025,5.105384,-0.126359,-0.142122,0.015762,43.841636,4.991500,5.245833,4.737167,0.359436,0.329651,0.067002,0.000000,-0.004049,-0.076923,-0.339597,-0.132275,-0.014028,0.480041,-0.867671,-0.413588,0.459941,533935.000000,1391376.000000,-0.194104
2022-11-15,5.010000,5.070000,4.800000,4.870000,332700,0.000000,0.000000,5.010000,5.070000,4.800000,4.870000,4.970500,5.339000,5.416600,5.589200,4.962252,5.087948,-0.125697,-0.138837,0.013140,42.498768,4.970500,5.187705,4.753295,0.268651,0.325391,0.066815,-0.010163,-0.018145,-0.114545,-0.323611,-0.189684,0.002058,0.462913,-0.869016,-0.419547,0.445104,516860.000000,1620249.000000,-0.201514
2022-11-16,4.830000,4.990000,4.660000,4.770000,405400,0.000000,0.000000,4.830000,4.990000,4.660000,4.770000,4.952000,5.318600,5.419500,5.583050,4.932674,5.064396,-0.131722,-0.137414,0.005692,39.868552,4.952000,5.171435,4.732565,0.085298,0.325720,0.068285,-0.020534,-0.042169,-0.098299,-0.380519,-0.149733,-0.008316,0.451038,-0.871705,-0.431466,0.415430,516180.000000,1933758.000000,-0.243101
2022-11-17,4.670000,4.800000,4.640000,4.680000,295600,0.000000,0.000000,4.670000,4.800000,4.640000,4.680000,4.931500,5.289600,5.422500,5.577350,4.893801,5.035923,-0.142121,-0.138355,-0.003766,37.612375,4.931500,5.172225,4.690775,-0.022381,0.313883,0.067069,-0.018868,-0.042945,-0.089494,-0.370968,-0.190311,0.008621,0.445893,-0.874126,-0.442193,0.388724,497855.000000,1383408.000000,-0.248163
2022-11-18,4.780000,4.840000,4.480000,4.680000,622000,0.000000,0.000000,4.780000,4.840000,4.480000,4.680000,4.920500,5.261400,5.425800,5.570300,4.860909,5.009558,-0.148649,-0.140414,-0.008235,37.612375,4.920500,5.186106,4.654894,0.047261,0.317177,0.067773,0.000000,-0.048780,-0.080550,-0.385827,-0.191710,0.012987,0.445614,-0.874126,-0.442193,0.388724,495765.000000,2910960.000000,-0.286040
2022-11-21,4.700000,4.820000,4.590000,4.770000,287600,0.000000,0.000000,4.700000,4.820000,4.590000,4.770000,4.921500,5.237800,5.429900,5.562900,4.846923,4.991813,-0.144890,-0.141309,-0.003581,41.454783,4.921500,5.184541,4.658459,0.212022,0.310950,0.065189,0.019231,-0.030488,-0.026531,-0.346575,0.014894,0.119718,0.434642,-0.871705,-0.431466,0.415430,476515.000000,1371852.000000,-0.236992
2022-11-22,4.750000,4.890000,4.620000,4.800000,388300,0.000000,0.000000,4.750000,4.890000,4.620000,4.800000,4.915000,5.215600,5.435500,5.554600,4.839704,4.977605,-0.137901,-0.140627,0.002727,42.721159,4.915000,5.183524,4.646476,0.285867,0.308025,0.064172,0.006289,-0.014374,0.010526,-0.354839,0.424332,0.176471,0.421484,-0.870898,-0.427890,0.424332,478015.000000,1863840.000000,-0.253715
2022-11-23,4.790000,4.970000,4.790000,4.890000,248300,0.000000,0.000000,4.790000,4.970000,4.790000,4.890000,4.908500,5.194800,5.442100,5.546000,4.847442,4.971115,-0.123673,-0.137237,0.013563,46.462564,4.908500,5.172579,4.644421,0.464973,0.298880,0.061121,0.018750,0.025157,-0.008114,-0.333787,0.339726,0.280105,0.405174,-0.868478,-0.417163,0.451039,456565.000000,1214187.000000,-0.226665
2022-11-25,4.910000,5.010000,4.820000,4.990000,119200,0.000000,0.000000,4.910000,5.010000,4.820000,4.990000,4.916000,5.175600,5.450000,5.537800,4.869374,4.972514,-0.103140,-0.130417,0.027277,50.343684,4.916000,5.180408,4.651592,0.639935,0.291103,0.058337,0.020450,0.066239,-0.005976,-0.335553,0.238213,0.193780,0.406494,-0.865788,-0.405244,0.480712,401145.000000,594808.000000,-0.260164
2022-11-28,5.000000,5.060000,4.810000,4.880000,304000,0.000000,0.000000,5.000000,5.060000,4.810000,4.880000,4.907000,5.153400,5.456100,5.530500,4.871009,4.965661,-0.094653,-0.123264,0.028612,46.362234,4.907000,5.162886,4.651114,0.447242,0.288167,0.059051,-0.022044,0.042735,0.008264,-0.368693,0.199017,0.187348,0.393748,-0.868747,-0.418355,0.448071,388980.000000,1483520.000000,-0.288131
2022-11-29,4.880000,4.930000,4.730000,4.840000,309700,0.000000,0.000000,4.880000,4.930000,4.730000,4.840000,4.904500,5.136000,5.461800,5.524250,4.866238,4.956353,-0.090115,-0.116635,0.026520,44.969506,4.904500,5.162057,4.646943,0.374785,0.281869,0.058237,-0.008197,0.014675,-0.043478,-0.100372,0.192118,0.200993,0.359230,-0.869822,-0.423123,0.436202,375545.000000,1498948.000000,-0.024688
2022-11-30,4.860000,5.020000,4.820000,5.020000,397100,0.000000,0.000000,4.860000,5.020000,4.820000,5.020000,4.896500,5.124000,5.470000,5.519350,4.889894,4.961068,-0.071174,-0.107542,0.036369,51.962732,4.896500,5.126491,4.666509,0.768489,0.276022,0.054984,0.037190,0.045833,0.026585,-0.129983,0.290488,0.209639,0.364123,-0.864981,-0.401669,0.489614,369900.000000,1993442.000000,-0.100515
2022-12-01,5.050000,5.370000,4.970000,5.310000,945800,0.000000,0.000000,5.050000,5.370000,4.970000,5.310000,4.912500,5.123600,5.483800,5.513900,4.954526,4.986915,-0.032389,-0.092512,0.060123,60.640923,4.912500,5.205713,4.619287,1.177836,0.284877,0.053649,0.057769,0.085890,0.025097,0.092593,0.217890,0.285714,0.361077,-0.857181,-0.367104,0.575668,389945.000000,5022198.000000,0.118276
2022-12-02,5.280000,5.600000,5.210000,5.490000,566600,0.000000,0.000000,5.280000,5.600000,5.210000,5.490000,4.931000,5.128000,5.499600,5.509650,5.036906,5.024180,0.012726,-0.071464,0.084190,64.881684,4.931000,5.312680,4.549320,1.232288,0.292386,0.053258,0.033898,0.100200,0.100200,-0.063140,0.270833,0.372500,0.349829,-0.852340,-0.345650,0.629080,406200.000000,3110634.000000,-0.048579
2022-12-05,5.470000,5.490000,5.060000,5.180000,451500,0.000000,0.000000,5.470000,5.490000,5.060000,5.180000,4.939000,5.126000,5.513600,5.506300,5.058921,5.035722,0.023198,-0.052532,0.075730,54.075480,4.939000,5.334974,4.543026,0.804313,0.302216,0.058343,-0.056466,0.061475,0.011719,-0.078292,0.288557,0.282178,0.399836,-0.860678,-0.382598,0.537092,399400.000000,2338770.000000,-0.051876
2022-12-06,5.240000,5.520000,5.200000,5.420000,517400,0.000000,0.000000,5.240000,5.520000,5.200000,5.420000,4.963000,5.128000,5.528900,5.505550,5.114471,5.064187,0.050284,-0.031969,0.082253,59.675100,4.963000,5.413642,4.512358,1.007055,0.304914,0.056257,0.046332,0.119835,0.079681,-0.063903,0.212528,0.351621,0.422003,-0.854223,-0.353993,0.608309,408030.000000,2804308.000000,0.001990
2022-12-07,5.390000,5.560000,5.290000,5.540000,278200,0.000000,0.000000,5.390000,5.560000,5.290000,5.540000,4.992000,5.129600,5.547000,5.505900,5.179937,5.099433,0.080505,-0.009474,0.089978,62.159522,4.992000,5.511255,4.472745,1.027680,0.302421,0.054589,0.022140,0.103586,0.121457,-0.096248,0.253394,0.282407,0.419954,-0.850995,-0.339690,0.643917,401210.000000,1541228.000000,-0.020074
2022-12-08,5.550000,5.720000,5.490000,5.660000,231200,0.000000,0.000000,5.550000,5.720000,5.490000,5.660000,5.026000,5.132200,5.549400,5.508150,5.253793,5.140956,0.112837,0.014988,0.097849,64.513995,5.026000,5.624890,4.427110,1.029312,0.297248,0.052517,0.021661,0.065913,0.141129,-0.070608,0.367150,0.283447,0.423443,-0.847768,-0.325387,0.679525,393670.000000,1308592.000000,0.014455
2022-12-09,5.660000,5.800000,5.510000,5.650000,334400,0.000000,0.000000,5.660000,5.800000,5.510000,5.650000,5.064000,5.139200,5.553000,5.506850,5.314748,5.178663,0.136085,0.039208,0.096877,64.155753,5.064000,5.720254,4.407746,0.946473,0.296730,0.052519,-0.001767,0.029144,0.134538,-0.050420,0.381418,0.298851,0.424369,-0.848037,-0.326579,0.676558,384870.000000,1889360.000000,0.052445
2022-12-12,5.580000,6.360000,5.460000,6.320000,1365600,0.000000,0.000000,5.580000,6.360000,5.460000,6.320000,5.134000,5.156800,5.565900,5.508800,5.469402,5.263207,0.206196,0.072605,0.133590,74.409128,5.134000,5.992944,4.275056,1.190382,0.339821,0.053769,0.118584,0.220077,0.292434,0.069374,0.600000,0.469767,0.565705,-0.830016,-0.246722,0.875371,434170.000000,8630592.000000,0.111479
2022-12-13,6.430000,6.690000,6.260000,6.540000,831200,0.000000,0.000000,6.430000,6.690000,6.260000,6.540000,5.215000,5.177200,5.579300,5.509150,5.634109,5.357784,0.276326,0.113349,0.162976,76.759936,5.215000,6.271738,4.158262,1.126929,0.346262,0.052945,0.034810,0.206642,0.329268,0.102867,0.520930,0.506912,0.570104,-0.824099,-0.220501,0.940653,461590.000000,5436048.000000,0.142362
2022-12-14,6.570000,6.780000,6.230000,6.240000,935000,0.000000,0.000000,6.570000,6.780000,6.230000,6.240000,5.283500,5.187600,5.590600,5.507850,5.727323,5.423133,0.304190,0.151517,0.152673,67.635795,5.283500,6.420630,4.146370,0.920576,0.360815,0.057823,-0.045872,0.126354,0.268293,0.048739,0.305439,0.471698,0.605583,-0.832168,-0.256257,0.851632,491705.000000,5834400.000000,0.081761
2022-12-15,6.200000,6.360000,6.080000,6.180000,587300,0.000000,0.000000,6.200000,6.360000,6.080000,6.180000,5.354000,5.199600,5.601800,5.504400,5.796966,5.479197,0.317769,0.184768,0.133001,65.947416,5.354000,6.531212,4.176788,0.850829,0.355042,0.057450,-0.009615,0.091873,0.268994,0.031720,0.248485,0.467933,0.605333,-0.833782,-0.263409,0.833828,500800.000000,3629514.000000,0.087436
2022-12-16,6.170000,6.340000,5.890000,5.940000,2507300,0.000000,0.000000,6.170000,6.340000,5.890000,5.940000,5.417000,5.207600,5.607500,5.500000,5.818971,5.513331,0.305640,0.208942,0.096698,59.544476,5.417000,6.577074,4.256926,0.725417,0.361825,0.060913,-0.038835,0.051327,0.245283,0.040280,0.222222,0.448780,0.620878,-0.840237,-0.292014,0.762611,611385.000000,14893362.000000,0.112201
2022-12-19,6.010000,6.010000,5.720000,5.860000,572900,0.000000,0.000000,6.010000,6.010000,5.720000,5.860000,5.476000,5.216000,5.614900,5.496050,5.825283,5.539010,0.286273,0.224408,0.061865,57.539045,5.476000,6.597642,4.354358,0.671178,0.356695,0.060869,-0.013468,-0.072785,0.252137,0.042705,0.246809,0.415459,0.617856,-0.842388,-0.301549,0.738872,608930.000000,3357194.000000,0.119643
2022-12-20,5.800000,6.300000,5.800000,6.240000,417200,0.000000,0.000000,5.800000,6.300000,5.800000,6.240000,5.549500,5.235200,5.628200,5.494800,5.889086,5.590935,0.298151,0.239157,0.058994,63.779288,5.549500,6.669001,4.429999,0.808396,0.366931,0.058803,0.064846,-0.045872,0.333333,0.170732,0.362445,0.507246,0.643013,-0.832168,-0.256257,0.851632,615410.000000,2603328.000000,0.230720
2022-12-21,6.250000,6.550000,6.170000,6.220000,356300,0.000000,0.000000,6.250000,6.550000,6.170000,6.220000,5.620500,5.251200,5.640700,5.491400,5.939996,5.637533,0.302463,0.251818,0.050645,63.252399,5.620500,6.719791,4.521209,0.772676,0.367864,0.059142,-0.003205,-0.003205,0.303983,0.180266,0.340517,0.484487,0.645650,-0.832706,-0.258641,0.845697,613810.000000,2216186.000000,0.212564
2022-12-22,6.180000,6.260000,6.100000,6.240000,227500,0.000000,0.000000,6.180000,6.260000,6.100000,6.240000,5.688000,5.268600,5.650900,5.485800,5.986150,5.682160,0.303990,0.262253,0.041738,63.576445,5.688000,6.763969,4.612031,0.756513,0.353017,0.056573,0.003215,0.009709,0.300000,0.181818,0.437788,0.395973,0.646169,-0.832168,-0.256257,0.851632,612770.000000,1419600.000000,0.217870
2022-12-23,6.220000,6.420000,6.060000,6.170000,257700,0.000000,0.000000,6.220000,6.420000,6.060000,6.170000,5.747000,5.281000,5.660500,5.479750,6.014435,5.718296,0.296139,0.269030,0.027109,61.531287,5.747000,6.790740,4.703260,0.702637,0.353516,0.057296,-0.011218,0.038721,0.261759,0.159774,0.377232,0.321199,0.651327,-0.834051,-0.264601,0.830861,619695.000000,1590009.000000,0.188013
2022-12-27,6.170000,6.220000,6.010000,6.050000,197400,0.000000,0.000000,6.170000,6.220000,6.010000,6.050000,5.805500,5.295400,5.668700,5.478900,6.019906,5.742867,0.277040,0.270632,0.006408,58.081919,5.805500,6.773003,4.837997,0.626356,0.343264,0.056738,-0.019449,0.032423,0.212425,0.108059,0.381279,0.320961,0.659355,-0.837278,-0.278903,0.795252,614365.000000,1194270.000000,0.152038
2022-12-28,6.040000,6.260000,6.040000,6.180000,210500,0.000000,0.000000,6.040000,6.260000,6.040000,6.180000,5.872500,5.309000,5.676800,5.480050,6.044536,5.775247,0.269289,0.270363,-0.001074,60.655147,5.872500,6.738778,5.006222,0.677484,0.334460,0.054120,0.021488,-0.009615,0.266393,0.117541,0.420690,0.367257,0.649862,-0.833782,-0.263409,0.833828,609405.000000,1300890.000000,0.193398
2022-12-29,6.230000,6.530000,6.180000,6.480000,321300,0.000000,0.000000,6.230000,6.530000,6.180000,6.480000,5.945500,5.332800,5.688100,5.481600,6.111531,5.827451,0.284080,0.273106,0.010973,65.863063,5.945500,6.753395,5.137605,0.830798,0.335570,0.051785,0.048544,0.041801,0.338843,0.222642,0.486239,0.358491,0.657229,-0.825713,-0.227652,0.922849,605615.000000,2082024.000000,0.246802
2022-12-30,6.460000,6.640000,6.200000,6.370000,492400,0.000000,0.000000,6.460000,6.640000,6.200000,6.370000,5.998500,5.357400,5.697100,5.481350,6.151295,5.867640,0.283655,0.275216,0.008439,62.591555,5.998500,6.769071,5.227929,0.741055,0.343029,0.053851,-0.016975,0.020833,0.268924,0.170956,0.502358,0.279116,0.660743,-0.828671,-0.240763,0.890208,582945.000000,3136588.000000,0.181276
